price,amount,datetime,type,cost,symbol,timestamp
0.15496,127.0,2024-03-21T22:12:28.444Z,,8195.66339700568,DOGE/USD:DOGE,1711059148444
0.15499,2.0,2024-03-21T22:12:28.446Z,,129.04058326343636,DOGE/USD:DOGE,1711059148446
0.15497,342.0,2024-03-21T22:12:33.520Z,,22068.78750725947,DOGE/USD:DOGE,1711059153520
0.15496,26.0,2024-03-21T22:12:33.520Z,,1677.8523489932886,DOGE/USD:DOGE,1711059153520
0.15495,29.0,2024-03-21T22:12:33.520Z,,1871.5714746692481,DOGE/USD:DOGE,1711059153520
0.15494,19.0,2024-03-21T22:12:33.520Z,,1226.2811410868724,DOGE/USD:DOGE,1711059153520
0.15493,438.0,2024-03-21T22:12:33.521Z,,28270.83198864003,DOGE/USD:DOGE,1711059153521
0.15492,156.0,2024-03-21T22:12:33.521Z,,10069.713400464756,DOGE/USD:DOGE,1711059153521
0.15491,1203.0,2024-03-21T22:12:33.522Z,,77657.99496481828,DOGE/USD:DOGE,1711059153522
0.1549,32.0,2024-03-21T22:12:33.523Z,,2065.848934796643,DOGE/USD:DOGE,1711059153523
0.15489,27.0,2024-03-21T22:12:33.534Z,,1743.1725740848344,DOGE/USD:DOGE,1711059153534
0.15491,10.0,2024-03-21T22:12:33.566Z,,645.5361177457879,DOGE/USD:DOGE,1711059153566
0.15489,28.0,2024-03-21T22:12:33.566Z,,1807.7345212731616,DOGE/USD:DOGE,1711059153566
0.15489,6.0,2024-03-21T22:12:33.681Z,,387.3716831299632,DOGE/USD:DOGE,1711059153681
0.15488,1.0,2024-03-21T22:12:33.774Z,,64.56611570247934,DOGE/USD:DOGE,1711059153774
0.15487,60.0,2024-03-21T22:12:33.786Z,,3874.2170852973463,DOGE/USD:DOGE,1711059153786
0.15486,32.0,2024-03-21T22:12:33.850Z,,2066.3825390675447,DOGE/USD:DOGE,1711059153850
0.15487,113.0,2024-03-21T22:12:35.565Z,,7296.442177310002,DOGE/USD:DOGE,1711059155565
0.15486,1130.0,2024-03-21T22:12:35.565Z,,72969.13341082267,DOGE/USD:DOGE,1711059155565
0.15485,202.0,2024-03-21T22:12:35.565Z,,13044.882144010333,DOGE/USD:DOGE,1711059155565
0.15484,428.0,2024-03-21T22:12:35.565Z,,27641.436321363988,DOGE/USD:DOGE,1711059155565
0.15483,65.0,2024-03-21T22:12:35.565Z,,4198.152812762384,DOGE/USD:DOGE,1711059155565
0.15486,83.0,2024-03-21T22:12:38.516Z,,5359.679710706445,DOGE/USD:DOGE,1711059158516
0.15485,54.0,2024-03-21T22:12:38.516Z,,3487.2457216661287,DOGE/USD:DOGE,1711059158516
0.15484,9.0,2024-03-21T22:12:38.516Z,,581.2451562903642,DOGE/USD:DOGE,1711059158516
0.15483,193.0,2024-03-21T22:12:38.516Z,,12465.284505586773,DOGE/USD:DOGE,1711059158516
0.15482,235.0,2024-03-21T22:12:38.516Z,,15178.917452525513,DOGE/USD:DOGE,1711059158516
0.15481,879.0,2024-03-21T22:12:38.516Z,,56779.27782442995,DOGE/USD:DOGE,1711059158516
0.15483,67.0,2024-03-21T22:12:41.148Z,,4327.326745462766,DOGE/USD:DOGE,1711059161148
0.15482,54.0,2024-03-21T22:12:41.148Z,,3487.9214571760754,DOGE/USD:DOGE,1711059161148
0.15481,63.0,2024-03-21T22:12:41.148Z,,4069.504553969382,DOGE/USD:DOGE,1711059161148
0.1548,157.0,2024-03-21T22:12:41.148Z,,10142.118863049096,DOGE/USD:DOGE,1711059161148
0.15479,35.0,2024-03-21T22:12:41.149Z,,2261.127979843659,DOGE/USD:DOGE,1711059161149
0.15478,537.0,2024-03-21T22:12:41.149Z,,34694.40496188138,DOGE/USD:DOGE,1711059161149
0.15477,1267.0,2024-03-21T22:12:41.149Z,,81863.41022161918,DOGE/USD:DOGE,1711059161149
0.15478,10.0,2024-03-21T22:12:44.212Z,,646.0783046905285,DOGE/USD:DOGE,1711059164212
0.15476,1.0,2024-03-21T22:12:44.972Z,,64.61617989144482,DOGE/USD:DOGE,1711059164972
0.15475,63.0,2024-03-21T22:12:44.972Z,,4071.08239095315,DOGE/USD:DOGE,1711059164972
0.15474,66.0,2024-03-21T22:12:44.972Z,,4265.219077161691,DOGE/USD:DOGE,1711059164972
0.15473,109.0,2024-03-21T22:12:44.973Z,,7044.5291798616945,DOGE/USD:DOGE,1711059164973
0.15472,22.0,2024-03-21T22:12:45.638Z,,1421.923474663909,DOGE/USD:DOGE,1711059165638
0.15471,1.0,2024-03-21T22:12:45.926Z,,64.6370628918622,DOGE/USD:DOGE,1711059165926
0.1547,1.0,2024-03-21T22:12:48.545Z,,64.64124111182934,DOGE/USD:DOGE,1711059168545
0.15469,1.0,2024-03-21T22:12:48.581Z,,64.64541987200207,DOGE/USD:DOGE,1711059168581
0.15468,46.0,2024-03-21T22:12:48.703Z,,2973.881561934316,DOGE/USD:DOGE,1711059168703
0.15467,1.0,2024-03-21T22:12:48.749Z,,64.65377901338333,DOGE/USD:DOGE,1711059168749
0.15466,1.0,2024-03-21T22:12:49.030Z,,64.6579593948015,DOGE/USD:DOGE,1711059169030
0.15465,1.0,2024-03-21T22:12:49.031Z,,64.66214031684449,DOGE/USD:DOGE,1711059169031
0.15464,1.0,2024-03-21T22:12:50.691Z,,64.66632177961718,DOGE/USD:DOGE,1711059170691
0.15463,1.0,2024-03-21T22:12:50.707Z,,64.67050378322448,DOGE/USD:DOGE,1711059170707
0.15462,64.0,2024-03-21T22:12:51.786Z,,4139.179924977364,DOGE/USD:DOGE,1711059171786
0.15461,59.0,2024-03-21T22:12:51.786Z,,3816.0532953883967,DOGE/USD:DOGE,1711059171786
0.1546,40.0,2024-03-21T22:12:51.786Z,,2587.3221216041397,DOGE/USD:DOGE,1711059171786
0.1546,3.0,2024-03-21T22:12:51.914Z,,194.0491591203105,DOGE/USD:DOGE,1711059171914
0.1546,6.0,2024-03-21T22:12:52.313Z,,388.098318240621,DOGE/USD:DOGE,1711059172313
0.15461,120.0,2024-03-21T22:12:54.144Z,,7761.464329603518,DOGE/USD:DOGE,1711059174144
0.15463,2.0,2024-03-21T22:12:54.260Z,,129.34100756644895,DOGE/USD:DOGE,1711059174260
0.15464,2.0,2024-03-21T22:12:54.357Z,,129.33264355923436,DOGE/USD:DOGE,1711059174357
0.15465,55.0,2024-03-21T22:12:54.409Z,,3556.417717426447,DOGE/USD:DOGE,1711059174409
0.15465,71.0,2024-03-21T22:12:54.523Z,,4591.011962495959,DOGE/USD:DOGE,1711059174523
0.15463,16.0,2024-03-21T22:12:54.523Z,,1034.7280605315916,DOGE/USD:DOGE,1711059174523
0.15462,687.0,2024-03-21T22:12:54.523Z,,44431.50950717889,DOGE/USD:DOGE,1711059174523
0.15461,434.0,2024-03-21T22:12:54.523Z,,28070.629325399394,DOGE/USD:DOGE,1711059174523
0.1546,114.0,2024-03-21T22:12:54.523Z,,7373.868046571798,DOGE/USD:DOGE,1711059174523
0.15459,505.0,2024-03-21T22:12:54.523Z,,32667.054790089915,DOGE/USD:DOGE,1711059174523
0.15458,354.0,2024-03-21T22:12:54.524Z,,22900.763358778626,DOGE/USD:DOGE,1711059174524
0.15464,33.0,2024-03-21T22:12:58.372Z,,2133.988618727367,DOGE/USD:DOGE,1711059178372
0.15465,38.0,2024-03-21T22:12:58.374Z,,2457.1613320400907,DOGE/USD:DOGE,1711059178374
0.15466,93.0,2024-03-21T22:12:58.374Z,,6013.19022371654,DOGE/USD:DOGE,1711059178374
0.15466,3.0,2024-03-21T22:12:59.406Z,,193.9738781844045,DOGE/USD:DOGE,1711059179406
0.15464,31.0,2024-03-21T22:13:00.101Z,,2004.6559751681325,DOGE/USD:DOGE,1711059180101
0.15466,26.0,2024-03-21T22:13:00.553Z,,1681.106944264839,DOGE/USD:DOGE,1711059180553
0.15467,2.0,2024-03-21T22:13:00.564Z,,129.30755802676666,DOGE/USD:DOGE,1711059180564
0.15468,35.0,2024-03-21T22:13:00.570Z,,2262.7359710369797,DOGE/USD:DOGE,1711059180570
0.15464,235.0,2024-03-21T22:13:02.291Z,,15196.585618210036,DOGE/USD:DOGE,1711059182291
0.15463,696.0,2024-03-21T22:13:02.292Z,,45010.67063312423,DOGE/USD:DOGE,1711059182292
0.15462,11.0,2024-03-21T22:13:02.294Z,,711.4215496054844,DOGE/USD:DOGE,1711059182294
0.15461,264.0,2024-03-21T22:13:02.294Z,,17075.22152512774,DOGE/USD:DOGE,1711059182294
0.1546,1.0,2024-03-21T22:13:02.532Z,,64.68305304010349,DOGE/USD:DOGE,1711059182532
0.15459,1.0,2024-03-21T22:13:02.685Z,,64.68723720809884,DOGE/USD:DOGE,1711059182685
0.15458,20.0,2024-03-21T22:13:02.685Z,,1293.828438349075,DOGE/USD:DOGE,1711059182685
0.15458,13.0,2024-03-21T22:13:04.975Z,,840.9884849268986,DOGE/USD:DOGE,1711059184975
0.15458,39.0,2024-03-21T22:13:10.541Z,,2522.9654547806963,DOGE/USD:DOGE,1711059190541
0.15458,52.0,2024-03-21T22:13:10.874Z,,3363.9539397075946,DOGE/USD:DOGE,1711059190874
0.15457,48.0,2024-03-21T22:13:10.874Z,,3105.389144077117,DOGE/USD:DOGE,1711059190874
0.15457,349.0,2024-03-21T22:13:17.754Z,,22578.766901727373,DOGE/USD:DOGE,1711059197754
0.15457,244.0,2024-03-21T22:13:18.534Z,,15785.72814905868,DOGE/USD:DOGE,1711059198534
0.15458,549.0,2024-03-21T22:13:18.535Z,,35515.590632682106,DOGE/USD:DOGE,1711059198535
0.15459,218.0,2024-03-21T22:13:18.535Z,,14101.817711365547,DOGE/USD:DOGE,1711059198535
0.1546,11.0,2024-03-21T22:13:18.537Z,,711.5135834411384,DOGE/USD:DOGE,1711059198537
0.15461,1026.0,2024-03-21T22:13:18.538Z,,66360.52001811008,DOGE/USD:DOGE,1711059198538
0.15462,1190.0,2024-03-21T22:13:18.541Z,,76962.87673004786,DOGE/USD:DOGE,1711059198541
0.15463,223.0,2024-03-21T22:13:18.555Z,,14421.522343659057,DOGE/USD:DOGE,1711059198555
0.15464,2.0,2024-03-21T22:13:18.635Z,,129.33264355923436,DOGE/USD:DOGE,1711059198635
0.15465,2.0,2024-03-21T22:13:20.143Z,,129.32428063368897,DOGE/USD:DOGE,1711059200143
0.15466,54.0,2024-03-21T22:13:20.143Z,,3491.529807319281,DOGE/USD:DOGE,1711059200143
0.15467,54.0,2024-03-21T22:13:20.143Z,,3491.3040667227,DOGE/USD:DOGE,1711059200143
0.15468,8.0,2024-03-21T22:13:20.144Z,,517.196793379881,DOGE/USD:DOGE,1711059200144
0.15469,141.0,2024-03-21T22:13:20.144Z,,9115.004201952292,DOGE/USD:DOGE,1711059200144
0.1547,30.0,2024-03-21T22:13:20.145Z,,1939.2372333548803,DOGE/USD:DOGE,1711059200145
0.15471,168.0,2024-03-21T22:13:20.145Z,,10859.026565832848,DOGE/USD:DOGE,1711059200145
0.15472,46.0,2024-03-21T22:13:20.145Z,,2973.11271975181,DOGE/USD:DOGE,1711059200145
0.15473,72.0,2024-03-21T22:13:20.147Z,,4653.266981193046,DOGE/USD:DOGE,1711059200147
0.15472,18.0,2024-03-21T22:13:20.160Z,,1163.3919338159255,DOGE/USD:DOGE,1711059200160
0.15474,2.0,2024-03-21T22:13:20.186Z,,129.24906294429366,DOGE/USD:DOGE,1711059200186
0.15475,31.0,2024-03-21T22:13:20.229Z,,2003.2310177705976,DOGE/USD:DOGE,1711059200229
0.15476,52.0,2024-03-21T22:13:20.234Z,,3360.0413543551304,DOGE/USD:DOGE,1711059200234
0.15476,63.0,2024-03-21T22:13:20.876Z,,4070.8193331610237,DOGE/USD:DOGE,1711059200876
0.15477,2.0,2024-03-21T22:13:22.489Z,,129.22400982102474,DOGE/USD:DOGE,1711059202489
0.15478,16.0,2024-03-21T22:13:22.489Z,,1033.7252875048455,DOGE/USD:DOGE,1711059202489
0.15479,11.0,2024-03-21T22:13:22.489Z,,710.6402222365786,DOGE/USD:DOGE,1711059202489
0.1548,63.0,2024-03-21T22:13:22.489Z,,4069.767441860465,DOGE/USD:DOGE,1711059202489
0.15481,2.0,2024-03-21T22:13:24.038Z,,129.19062076093275,DOGE/USD:DOGE,1711059204038
0.15481,145.0,2024-03-21T22:13:25.854Z,,9366.320005167625,DOGE/USD:DOGE,1711059205854
0.1548,55.0,2024-03-21T22:13:25.855Z,,3552.97157622739,DOGE/USD:DOGE,1711059205855
0.15479,1.0,2024-03-21T22:13:25.917Z,,64.60365656696169,DOGE/USD:DOGE,1711059205917
0.15478,78.0,2024-03-21T22:13:27.939Z,,5039.410776586123,DOGE/USD:DOGE,1711059207939
0.15477,1.0,2024-03-21T22:13:28.290Z,,64.61200491051237,DOGE/USD:DOGE,1711059208290
0.15475,1.0,2024-03-21T22:13:29.251Z,,64.62035541195476,DOGE/USD:DOGE,1711059209251
0.15474,139.0,2024-03-21T22:13:29.256Z,,8982.809874628409,DOGE/USD:DOGE,1711059209256
0.15473,11.0,2024-03-21T22:13:30.853Z,,710.915788793382,DOGE/USD:DOGE,1711059210853
0.15472,1.0,2024-03-21T22:13:30.947Z,,64.63288521199587,DOGE/USD:DOGE,1711059210947
0.15471,1.0,2024-03-21T22:13:30.991Z,,64.6370628918622,DOGE/USD:DOGE,1711059210991
0.1547,409.0,2024-03-21T22:13:31.875Z,,26438.267614738204,DOGE/USD:DOGE,1711059211875
0.15469,2.0,2024-03-21T22:13:35.065Z,,129.29083974400413,DOGE/USD:DOGE,1711059215065
0.15468,1.0,2024-03-21T22:13:35.068Z,,64.64959917248513,DOGE/USD:DOGE,1711059215068
0.15467,7.0,2024-03-21T22:13:35.175Z,,452.5764530936833,DOGE/USD:DOGE,1711059215175
0.15466,1.0,2024-03-21T22:13:35.223Z,,64.6579593948015,DOGE/USD:DOGE,1711059215223
0.15465,52.0,2024-03-21T22:13:35.223Z,,3362.4312964759133,DOGE/USD:DOGE,1711059215223
0.15465,75.0,2024-03-21T22:13:35.537Z,,4849.660523763337,DOGE/USD:DOGE,1711059215537
0.15464,1.0,2024-03-21T22:13:35.843Z,,64.66632177961718,DOGE/USD:DOGE,1711059215843
0.15463,46.0,2024-03-21T22:13:36.714Z,,2974.843174028326,DOGE/USD:DOGE,1711059216714
0.15462,61.0,2024-03-21T22:13:38.357Z,,3945.15586599405,DOGE/USD:DOGE,1711059218357
0.15461,58.0,2024-03-21T22:13:38.357Z,,3751.374425975034,DOGE/USD:DOGE,1711059218357
0.1546,107.0,2024-03-21T22:13:38.357Z,,6921.086675291073,DOGE/USD:DOGE,1711059218357
0.15459,2.0,2024-03-21T22:13:38.358Z,,129.37447441619767,DOGE/USD:DOGE,1711059218358
0.15459,56.0,2024-03-21T22:13:39.898Z,,3622.485283653535,DOGE/USD:DOGE,1711059219898
0.15458,1.0,2024-03-21T22:13:40.189Z,,64.69142191745375,DOGE/USD:DOGE,1711059220189
0.15457,7.0,2024-03-21T22:13:40.589Z,,452.86925017791293,DOGE/USD:DOGE,1711059220589
0.15459,2.0,2024-03-21T22:13:42.005Z,,129.37447441619767,DOGE/USD:DOGE,1711059222005
0.1546,54.0,2024-03-21T22:13:42.005Z,,3492.8848641655886,DOGE/USD:DOGE,1711059222005
0.15462,122.0,2024-03-21T22:13:42.085Z,,7890.3117319881,DOGE/USD:DOGE,1711059222085
0.15463,52.0,2024-03-21T22:13:42.085Z,,3362.8661967276726,DOGE/USD:DOGE,1711059222085
0.15464,11.0,2024-03-21T22:13:42.140Z,,711.3295395757889,DOGE/USD:DOGE,1711059222140
0.15465,20.0,2024-03-21T22:13:43.331Z,,1293.2428063368898,DOGE/USD:DOGE,1711059223331
0.15465,78.0,2024-03-21T22:13:45.190Z,,5043.64694471387,DOGE/USD:DOGE,1711059225190
0.15465,3.0,2024-03-21T22:13:45.613Z,,193.98642095053347,DOGE/USD:DOGE,1711059225613
0.15463,4.0,2024-03-21T22:13:45.618Z,,258.6820151328979,DOGE/USD:DOGE,1711059225618
0.15462,53.0,2024-03-21T22:13:45.619Z,,3427.7583753718795,DOGE/USD:DOGE,1711059225619
0.15461,195.0,2024-03-21T22:13:48.143Z,,12612.379535605718,DOGE/USD:DOGE,1711059228143
0.1546,52.0,2024-03-21T22:13:48.145Z,,3363.5187580853817,DOGE/USD:DOGE,1711059228145
0.1546,120.0,2024-03-21T22:13:48.655Z,,7761.966364812419,DOGE/USD:DOGE,1711059228655
0.15463,46.0,2024-03-21T22:13:50.248Z,,2974.843174028326,DOGE/USD:DOGE,1711059230248
0.15463,1.0,2024-03-21T22:13:50.905Z,,64.67050378322448,DOGE/USD:DOGE,1711059230905
0.1546,53.0,2024-03-21T22:13:54.898Z,,3428.201811125485,DOGE/USD:DOGE,1711059234898
0.15459,53.0,2024-03-21T22:13:54.898Z,,3428.4235720292386,DOGE/USD:DOGE,1711059234898
0.15458,130.0,2024-03-21T22:13:54.898Z,,8409.884849268987,DOGE/USD:DOGE,1711059234898
0.15457,689.0,2024-03-21T22:13:54.898Z,,44575.273338940286,DOGE/USD:DOGE,1711059234898
0.15456,408.0,2024-03-21T22:13:54.904Z,,26397.51552795031,DOGE/USD:DOGE,1711059234904
0.15455,320.0,2024-03-21T22:13:54.906Z,,20705.27337431252,DOGE/USD:DOGE,1711059234906
0.15454,36.0,2024-03-21T22:13:54.910Z,,2329.493982140546,DOGE/USD:DOGE,1711059234910
0.15453,2.0,2024-03-21T22:13:55.057Z,,129.4247071766,DOGE/USD:DOGE,1711059235057
0.15452,61.0,2024-03-21T22:13:55.060Z,,3947.7090344292,DOGE/USD:DOGE,1711059235060
0.15452,2.0,2024-03-21T22:13:55.229Z,,129.43308309603935,DOGE/USD:DOGE,1711059235229
0.15452,9.0,2024-03-21T22:14:02.027Z,,582.4488739321771,DOGE/USD:DOGE,1711059242027
0.15452,479.0,2024-03-21T22:14:02.744Z,,30999.223401501426,DOGE/USD:DOGE,1711059242744
0.15451,2.0,2024-03-21T22:14:02.747Z,,129.4414600996699,DOGE/USD:DOGE,1711059242747
0.1545,29.0,2024-03-21T22:14:02.853Z,,1877.022653721683,DOGE/USD:DOGE,1711059242853
0.1545,654.0,2024-03-21T22:14:03.490Z,,42330.09708737864,DOGE/USD:DOGE,1711059243490
0.1545,379.0,2024-03-21T22:14:04.650Z,,24530.74433656958,DOGE/USD:DOGE,1711059244650
0.15451,189.0,2024-03-21T22:14:06.212Z,,12232.217979418809,DOGE/USD:DOGE,1711059246212
0.15453,601.0,2024-03-21T22:14:06.220Z,,38892.1245065683,DOGE/USD:DOGE,1711059246220
0.15454,179.0,2024-03-21T22:14:06.308Z,,11582.76174453216,DOGE/USD:DOGE,1711059246308
0.15455,2.0,2024-03-21T22:14:06.506Z,,129.40795858945324,DOGE/USD:DOGE,1711059246506
0.15456,124.0,2024-03-21T22:14:06.506Z,,8022.774327122153,DOGE/USD:DOGE,1711059246506
0.15456,379.0,2024-03-21T22:14:07.132Z,,24521.2215320911,DOGE/USD:DOGE,1711059247132
0.15457,2.0,2024-03-21T22:14:07.158Z,,129.39121433654654,DOGE/USD:DOGE,1711059247158
0.15458,2.0,2024-03-21T22:14:07.170Z,,129.3828438349075,DOGE/USD:DOGE,1711059247170
0.15458,83.0,2024-03-21T22:14:07.299Z,,5369.3880191486605,DOGE/USD:DOGE,1711059247299
0.15458,91.0,2024-03-21T22:14:10.926Z,,5886.919394488291,DOGE/USD:DOGE,1711059250926
0.15457,197.0,2024-03-21T22:14:12.504Z,,12745.034612149835,DOGE/USD:DOGE,1711059252504
0.15459,2.0,2024-03-21T22:14:13.230Z,,129.37447441619767,DOGE/USD:DOGE,1711059253230
0.1546,19.0,2024-03-21T22:14:13.237Z,,1228.9780077619664,DOGE/USD:DOGE,1711059253237
0.15461,128.0,2024-03-21T22:14:13.243Z,,8278.895284910419,DOGE/USD:DOGE,1711059253243
0.15462,2.0,2024-03-21T22:14:13.662Z,,129.34937265554262,DOGE/USD:DOGE,1711059253662
0.15463,2.0,2024-03-21T22:14:13.719Z,,129.34100756644895,DOGE/USD:DOGE,1711059253719
0.15464,2.0,2024-03-21T22:14:14.043Z,,129.33264355923436,DOGE/USD:DOGE,1711059254043
0.15465,2.0,2024-03-21T22:14:17.155Z,,129.32428063368897,DOGE/USD:DOGE,1711059257155
0.15466,2.0,2024-03-21T22:14:17.159Z,,129.315918789603,DOGE/USD:DOGE,1711059257159
0.15467,125.0,2024-03-21T22:14:17.160Z,,8081.722376672917,DOGE/USD:DOGE,1711059257160
0.15468,2.0,2024-03-21T22:14:17.288Z,,129.29919834497025,DOGE/USD:DOGE,1711059257288
0.15469,2.0,2024-03-21T22:14:18.229Z,,129.29083974400413,DOGE/USD:DOGE,1711059258229
0.1547,2.0,2024-03-21T22:14:18.504Z,,129.2824822236587,DOGE/USD:DOGE,1711059258504
0.15471,2.0,2024-03-21T22:14:18.724Z,,129.2741257837244,DOGE/USD:DOGE,1711059258724
0.15472,2.0,2024-03-21T22:14:19.524Z,,129.26577042399174,DOGE/USD:DOGE,1711059259524
0.15473,2.0,2024-03-21T22:14:19.568Z,,129.25741614425127,DOGE/USD:DOGE,1711059259568
0.15474,2.0,2024-03-21T22:14:21.203Z,,129.24906294429366,DOGE/USD:DOGE,1711059261203
0.15475,2.0,2024-03-21T22:14:21.206Z,,129.24071082390952,DOGE/USD:DOGE,1711059261206
0.15476,5.0,2024-03-21T22:14:21.212Z,,323.08089945722406,DOGE/USD:DOGE,1711059261212
0.15477,2.0,2024-03-21T22:14:21.394Z,,129.22400982102474,DOGE/USD:DOGE,1711059261394
0.15478,3.0,2024-03-21T22:14:21.486Z,,193.82349140715854,DOGE/USD:DOGE,1711059261486
0.15479,5.0,2024-03-21T22:14:21.487Z,,323.0182828348085,DOGE/USD:DOGE,1711059261487
0.1548,125.0,2024-03-21T22:14:21.490Z,,8074.935400516796,DOGE/USD:DOGE,1711059261490
0.1548,205.0,2024-03-21T22:14:21.916Z,,13242.894056847545,DOGE/USD:DOGE,1711059261916
0.1548,77.0,2024-03-21T22:14:22.915Z,,4974.160206718347,DOGE/USD:DOGE,1711059262915
0.1548,196.0,2024-03-21T22:14:24.405Z,,12661.498708010336,DOGE/USD:DOGE,1711059264405
0.1548,91.0,2024-03-21T22:14:28.254Z,,5878.552971576228,DOGE/USD:DOGE,1711059268254
0.15479,24.0,2024-03-21T22:14:29.577Z,,1550.4877576070805,DOGE/USD:DOGE,1711059269577
0.15481,2.0,2024-03-21T22:14:30.300Z,,129.19062076093275,DOGE/USD:DOGE,1711059270300
0.15482,2.0,2024-03-21T22:14:30.518Z,,129.1822761917065,DOGE/USD:DOGE,1711059270518
0.15483,39.0,2024-03-21T22:14:30.518Z,,2518.891687657431,DOGE/USD:DOGE,1711059270518
0.15484,18.0,2024-03-21T22:14:30.521Z,,1162.4903125807284,DOGE/USD:DOGE,1711059270521
0.15485,2.0,2024-03-21T22:14:31.499Z,,129.15724895059736,DOGE/USD:DOGE,1711059271499
0.15486,37.0,2024-03-21T22:14:31.529Z,,2389.2548107968487,DOGE/USD:DOGE,1711059271529
0.15487,2.0,2024-03-21T22:14:31.530Z,,129.14056950991153,DOGE/USD:DOGE,1711059271530
0.15488,8.0,2024-03-21T22:14:31.533Z,,516.5289256198347,DOGE/USD:DOGE,1711059271533
0.15489,11.0,2024-03-21T22:14:31.536Z,,710.1814190715992,DOGE/USD:DOGE,1711059271536
0.1549,6.0,2024-03-21T22:14:33.446Z,,387.34667527437057,DOGE/USD:DOGE,1711059273446
0.15491,2.0,2024-03-21T22:14:33.738Z,,129.10722354915757,DOGE/USD:DOGE,1711059273738
0.15492,56.0,2024-03-21T22:14:38.344Z,,3614.7689129873484,DOGE/USD:DOGE,1711059278344
0.15493,56.0,2024-03-21T22:14:38.344Z,,3614.5355967211,DOGE/USD:DOGE,1711059278344
0.15494,2.0,2024-03-21T22:14:38.345Z,,129.08222537756552,DOGE/USD:DOGE,1711059278345
0.15495,22.0,2024-03-21T22:14:38.345Z,,1419.812842852533,DOGE/USD:DOGE,1711059278345
0.15496,144.0,2024-03-21T22:14:38.347Z,,9292.720702116676,DOGE/USD:DOGE,1711059278347
0.15497,328.0,2024-03-21T22:14:38.347Z,,21165.386849067563,DOGE/USD:DOGE,1711059278347
0.15498,2.0,2024-03-21T22:14:38.348Z,,129.0489095367144,DOGE/USD:DOGE,1711059278348
0.15499,11.0,2024-03-21T22:14:38.350Z,,709.7232079488999,DOGE/USD:DOGE,1711059278350
0.155,158.0,2024-03-21T22:14:38.350Z,,10193.548387096775,DOGE/USD:DOGE,1711059278350
0.15497,9.0,2024-03-21T22:14:38.367Z,,580.7575659805124,DOGE/USD:DOGE,1711059278367
0.15501,65.0,2024-03-21T22:14:41.089Z,,4193.277853041739,DOGE/USD:DOGE,1711059281089
0.15502,2.0,2024-03-21T22:14:41.436Z,,129.01561088891756,DOGE/USD:DOGE,1711059281436
0.15503,2.0,2024-03-21T22:14:42.296Z,,129.0072889118235,DOGE/USD:DOGE,1711059282296
0.15504,2.0,2024-03-21T22:14:43.075Z,,128.99896800825593,DOGE/USD:DOGE,1711059283075
0.15505,2.0,2024-03-21T22:14:43.077Z,,128.9906481780071,DOGE/USD:DOGE,1711059283077
0.15506,59.0,2024-03-21T22:14:43.077Z,,3804.9787179156456,DOGE/USD:DOGE,1711059283077
0.15507,2.0,2024-03-21T22:14:43.105Z,,128.97401173663508,DOGE/USD:DOGE,1711059283105
0.15508,417.0,2024-03-21T22:14:43.523Z,,26889.34743358267,DOGE/USD:DOGE,1711059283523
0.15508,134.0,2024-03-21T22:14:44.352Z,,8640.70157338148,DOGE/USD:DOGE,1711059284352
0.15509,2.0,2024-03-21T22:14:48.574Z,,128.9573795860468,DOGE/USD:DOGE,1711059288574
0.1551,56.0,2024-03-21T22:14:48.575Z,,3610.5738233397806,DOGE/USD:DOGE,1711059288575
0.15511,56.0,2024-03-21T22:14:48.575Z,,3610.3410482883114,DOGE/USD:DOGE,1711059288575
0.15512,228.0,2024-03-21T22:14:48.576Z,,14698.298091799898,DOGE/USD:DOGE,1711059288576
0.15513,19.0,2024-03-21T22:14:48.578Z,,1224.779217430542,DOGE/USD:DOGE,1711059288578
0.15514,3.0,2024-03-21T22:14:48.590Z,,193.37372695629753,DOGE/USD:DOGE,1711059288590
0.15515,23.0,2024-03-21T22:14:48.601Z,,1482.4363519174992,DOGE/USD:DOGE,1711059288601
0.15516,5.0,2024-03-21T22:14:48.619Z,,322.24800206238723,DOGE/USD:DOGE,1711059288619
0.15515,2.0,2024-03-21T22:14:48.619Z,,128.90750886239124,DOGE/USD:DOGE,1711059288619
0.15517,4.0,2024-03-21T22:14:48.672Z,,257.7817877166978,DOGE/USD:DOGE,1711059288672
0.15518,53.0,2024-03-21T22:14:48.672Z,,3415.3885810027064,DOGE/USD:DOGE,1711059288672
0.15519,3.0,2024-03-21T22:14:48.682Z,,193.31142470520007,DOGE/USD:DOGE,1711059288682
0.1552,72.0,2024-03-21T22:14:48.941Z,,4639.1752577319585,DOGE/USD:DOGE,1711059288941
0.1552,15.0,2024-03-21T22:14:49.013Z,,966.4948453608248,DOGE/USD:DOGE,1711059289013
0.15521,1632.0,2024-03-21T22:14:49.651Z,,105147.86418400877,DOGE/USD:DOGE,1711059289651
0.15522,37.0,2024-03-21T22:14:52.016Z,,2383.713438989821,DOGE/USD:DOGE,1711059292016
0.15522,38.0,2024-03-21T22:14:52.698Z,,2448.1381265300865,DOGE/USD:DOGE,1711059292698
0.15523,93.0,2024-03-21T22:14:52.698Z,,5991.109965857116,DOGE/USD:DOGE,1711059292698
0.15524,9.0,2024-03-21T22:14:52.699Z,,579.7474877608863,DOGE/USD:DOGE,1711059292699
0.15525,11.0,2024-03-21T22:14:52.699Z,,708.5346215780999,DOGE/USD:DOGE,1711059292699
0.15525,15.0,2024-03-21T22:14:54.526Z,,966.1835748792271,DOGE/USD:DOGE,1711059294526
0.15525,1149.0,2024-03-21T22:14:54.895Z,,74009.66183574879,DOGE/USD:DOGE,1711059294895
0.15523,59.0,2024-03-21T22:14:55.181Z,,3800.8116987695676,DOGE/USD:DOGE,1711059295181
0.15522,5.0,2024-03-21T22:14:55.184Z,,322.12343770132713,DOGE/USD:DOGE,1711059295184
0.15521,4.0,2024-03-21T22:14:55.185Z,,257.7153533921783,DOGE/USD:DOGE,1711059295185
0.1552,161.0,2024-03-21T22:14:55.185Z,,10373.711340206186,DOGE/USD:DOGE,1711059295185
0.15519,34.0,2024-03-21T22:14:55.191Z,,2190.8628133256007,DOGE/USD:DOGE,1711059295191
0.15519,1.0,2024-03-21T22:14:56.111Z,,64.43714156840002,DOGE/USD:DOGE,1711059296111
0.15518,1.0,2024-03-21T22:14:56.114Z,,64.44129398118314,DOGE/USD:DOGE,1711059296114
0.15517,13.0,2024-03-21T22:14:56.125Z,,837.7908100792679,DOGE/USD:DOGE,1711059296125
0.15516,167.0,2024-03-21T22:14:56.212Z,,10763.083268883733,DOGE/USD:DOGE,1711059296212
0.15516,63.0,2024-03-21T22:14:56.448Z,,4060.324825986079,DOGE/USD:DOGE,1711059296448
0.15517,79.0,2024-03-21T22:14:56.448Z,,5091.190307404782,DOGE/USD:DOGE,1711059296448
0.1552,2.0,2024-03-21T22:14:58.998Z,,128.8659793814433,DOGE/USD:DOGE,1711059298998
0.1552,34.0,2024-03-21T22:14:59.903Z,,2190.721649484536,DOGE/USD:DOGE,1711059299903
0.15519,50.0,2024-03-21T22:14:59.904Z,,3221.8570784200015,DOGE/USD:DOGE,1711059299904
0.15518,6.0,2024-03-21T22:14:59.908Z,,386.64776388709885,DOGE/USD:DOGE,1711059299908
0.15517,37.0,2024-03-21T22:15:01.341Z,,2384.4815363794546,DOGE/USD:DOGE,1711059301341
0.15516,1.0,2024-03-21T22:15:02.731Z,,64.44960041247744,DOGE/USD:DOGE,1711059302731
0.15515,54.0,2024-03-21T22:15:02.731Z,,3480.502739284563,DOGE/USD:DOGE,1711059302731
0.15514,243.0,2024-03-21T22:15:02.732Z,,15663.2718834601,DOGE/USD:DOGE,1711059302732
0.15513,917.0,2024-03-21T22:15:02.732Z,,59111.71275704248,DOGE/USD:DOGE,1711059302732
0.15512,27.0,2024-03-21T22:15:02.734Z,,1740.587931923672,DOGE/USD:DOGE,1711059302734
0.15511,304.0,2024-03-21T22:15:02.734Z,,19598.994262136548,DOGE/USD:DOGE,1711059302734
0.1551,1880.0,2024-03-21T22:15:02.734Z,,121212.12121212122,DOGE/USD:DOGE,1711059302734
0.15509,204.0,2024-03-21T22:15:02.736Z,,13153.652717776775,DOGE/USD:DOGE,1711059302736
0.15508,622.0,2024-03-21T22:15:02.737Z,,40108.33118390508,DOGE/USD:DOGE,1711059302737
0.15507,1.0,2024-03-21T22:15:04.429Z,,64.48700586831754,DOGE/USD:DOGE,1711059304429
0.15507,645.0,2024-03-21T22:15:04.971Z,,41594.11878506481,DOGE/USD:DOGE,1711059304971
0.15508,116.0,2024-03-21T22:15:04.975Z,,7480.01031725561,DOGE/USD:DOGE,1711059304975
0.15509,59.0,2024-03-21T22:15:05.004Z,,3804.242697788381,DOGE/USD:DOGE,1711059305004
0.15508,83.0,2024-03-21T22:15:06.699Z,,5352.0763476915145,DOGE/USD:DOGE,1711059306699
0.15506,17.0,2024-03-21T22:15:07.330Z,,1096.3498000773893,DOGE/USD:DOGE,1711059307330
0.15505,1.0,2024-03-21T22:15:07.341Z,,64.49532408900355,DOGE/USD:DOGE,1711059307341
0.15504,25.0,2024-03-21T22:15:07.990Z,,1612.4871001031993,DOGE/USD:DOGE,1711059307990
0.15503,10.0,2024-03-21T22:15:07.991Z,,645.0364445591176,DOGE/USD:DOGE,1711059307991
0.15502,10.0,2024-03-21T22:15:07.992Z,,645.0780544445878,DOGE/USD:DOGE,1711059307992
0.15501,99.0,2024-03-21T22:15:10.349Z,,6386.684730017419,DOGE/USD:DOGE,1711059310349
0.155,58.0,2024-03-21T22:15:10.349Z,,3741.935483870968,DOGE/USD:DOGE,1711059310349
0.15499,58.0,2024-03-21T22:15:10.349Z,,3742.176914639654,DOGE/USD:DOGE,1711059310349
0.15499,168.0,2024-03-21T22:15:12.129Z,,10839.408994128653,DOGE/USD:DOGE,1711059312129
0.155,53.0,2024-03-21T22:15:12.185Z,,3419.3548387096776,DOGE/USD:DOGE,1711059312185
0.15503,57.0,2024-03-21T22:15:12.216Z,,3676.70773398697,DOGE/USD:DOGE,1711059312216
0.15504,243.0,2024-03-21T22:15:12.229Z,,15673.374613003096,DOGE/USD:DOGE,1711059312229
0.15505,59.0,2024-03-21T22:15:12.230Z,,3805.2241212512095,DOGE/USD:DOGE,1711059312230
0.15506,272.0,2024-03-21T22:15:12.242Z,,17541.59680123823,DOGE/USD:DOGE,1711059312242
0.15507,139.0,2024-03-21T22:15:12.250Z,,8963.693815696137,DOGE/USD:DOGE,1711059312250
0.15505,47.0,2024-03-21T22:15:13.844Z,,3031.280232183167,DOGE/USD:DOGE,1711059313844
0.15504,20.0,2024-03-21T22:15:13.847Z,,1289.9896800825593,DOGE/USD:DOGE,1711059313847
0.15503,1.0,2024-03-21T22:15:13.976Z,,64.50364445591175,DOGE/USD:DOGE,1711059313976
0.15505,37.0,2024-03-21T22:15:15.242Z,,2386.3269912931314,DOGE/USD:DOGE,1711059315242
0.15505,22.0,2024-03-21T22:15:16.010Z,,1418.897129958078,DOGE/USD:DOGE,1711059316010
0.15505,1.0,2024-03-21T22:15:16.125Z,,64.49532408900355,DOGE/USD:DOGE,1711059316125
0.15502,174.0,2024-03-21T22:15:18.077Z,,11224.358147335828,DOGE/USD:DOGE,1711059318077
0.15501,58.0,2024-03-21T22:15:18.077Z,,3741.6940842526287,DOGE/USD:DOGE,1711059318077
0.155,22.0,2024-03-21T22:15:18.083Z,,1419.3548387096773,DOGE/USD:DOGE,1711059318083
0.15499,1.0,2024-03-21T22:15:19.063Z,,64.52029163171818,DOGE/USD:DOGE,1711059319063
0.155,54.0,2024-03-21T22:15:20.350Z,,3483.8709677419356,DOGE/USD:DOGE,1711059320350
0.15498,13.0,2024-03-21T22:15:22.847Z,,838.8179119886437,DOGE/USD:DOGE,1711059322847
0.15501,2.0,2024-03-21T22:15:24.367Z,,129.02393393974583,DOGE/USD:DOGE,1711059324367
0.15502,733.0,2024-03-21T22:15:24.367Z,,47284.22139078828,DOGE/USD:DOGE,1711059324367
0.15503,615.0,2024-03-21T22:15:24.369Z,,39669.741340385735,DOGE/USD:DOGE,1711059324369
0.15504,765.0,2024-03-21T22:15:24.371Z,,49342.10526315789,DOGE/USD:DOGE,1711059324371
0.15505,2.0,2024-03-21T22:15:24.457Z,,128.9906481780071,DOGE/USD:DOGE,1711059324457
0.15506,270.0,2024-03-21T22:15:24.457Z,,17412.61447181736,DOGE/USD:DOGE,1711059324457
0.15507,27.0,2024-03-21T22:15:24.469Z,,1741.1491584445735,DOGE/USD:DOGE,1711059324469
0.15508,2.0,2024-03-21T22:15:24.788Z,,128.96569512509672,DOGE/USD:DOGE,1711059324788
0.15509,28.0,2024-03-21T22:15:24.788Z,,1805.4033142046553,DOGE/USD:DOGE,1711059324788
0.15509,2.0,2024-03-21T22:15:27.166Z,,128.9573795860468,DOGE/USD:DOGE,1711059327166
0.1551,2.0,2024-03-21T22:15:27.506Z,,128.9490651192779,DOGE/USD:DOGE,1711059327506
0.15511,10.0,2024-03-21T22:15:27.590Z,,644.7037586229128,DOGE/USD:DOGE,1711059327590
0.15511,7.0,2024-03-21T22:15:33.450Z,,451.2926310360389,DOGE/USD:DOGE,1711059333450
0.15511,100.0,2024-03-21T22:15:35.584Z,,6447.037586229128,DOGE/USD:DOGE,1711059335584
0.15511,1.0,2024-03-21T22:15:36.164Z,,64.47037586229128,DOGE/USD:DOGE,1711059336164
0.15511,152.0,2024-03-21T22:15:38.650Z,,9799.497131068274,DOGE/USD:DOGE,1711059338650
0.1551,174.0,2024-03-21T22:15:38.653Z,,11218.568665377175,DOGE/USD:DOGE,1711059338653
0.15509,181.0,2024-03-21T22:15:38.664Z,,11670.642852537236,DOGE/USD:DOGE,1711059338664
0.15508,1.0,2024-03-21T22:15:38.904Z,,64.48284756254836,DOGE/USD:DOGE,1711059338904
0.15507,1.0,2024-03-21T22:15:39.358Z,,64.48700586831754,DOGE/USD:DOGE,1711059339358
0.15506,1.0,2024-03-21T22:15:39.368Z,,64.49116471043467,DOGE/USD:DOGE,1711059339368
0.15505,1.0,2024-03-21T22:15:39.667Z,,64.49532408900355,DOGE/USD:DOGE,1711059339667
0.15504,89.0,2024-03-21T22:15:40.828Z,,5740.4540763673895,DOGE/USD:DOGE,1711059340828
0.15503,1.0,2024-03-21T22:15:40.828Z,,64.50364445591175,DOGE/USD:DOGE,1711059340828
0.15502,1.0,2024-03-21T22:15:41.177Z,,64.50780544445878,DOGE/USD:DOGE,1711059341177
0.15501,34.0,2024-03-21T22:15:41.182Z,,2193.406876975679,DOGE/USD:DOGE,1711059341182
0.15502,41.0,2024-03-21T22:15:42.859Z,,2644.82002322281,DOGE/USD:DOGE,1711059342859
0.15501,77.0,2024-03-21T22:15:45.162Z,,4967.421456680214,DOGE/USD:DOGE,1711059345162
0.15502,110.0,2024-03-21T22:15:46.201Z,,7095.858598890466,DOGE/USD:DOGE,1711059346201
0.15503,2.0,2024-03-21T22:15:52.023Z,,129.0072889118235,DOGE/USD:DOGE,1711059352023
0.15504,2.0,2024-03-21T22:15:56.292Z,,128.99896800825593,DOGE/USD:DOGE,1711059356292
0.15505,17.0,2024-03-21T22:16:00.491Z,,1096.4205095130603,DOGE/USD:DOGE,1711059360491
0.15506,203.0,2024-03-21T22:16:00.491Z,,13091.706436218237,DOGE/USD:DOGE,1711059360491
0.15507,47.0,2024-03-21T22:16:02.080Z,,3030.889275810924,DOGE/USD:DOGE,1711059362080
0.15508,2.0,2024-03-21T22:16:02.123Z,,128.96569512509672,DOGE/USD:DOGE,1711059362123
0.15508,49.0,2024-03-21T22:16:03.905Z,,3159.65953056487,DOGE/USD:DOGE,1711059363905
0.15506,12.0,2024-03-21T22:16:04.742Z,,773.8939765252161,DOGE/USD:DOGE,1711059364742
0.15506,171.0,2024-03-21T22:16:04.854Z,,11027.989165484329,DOGE/USD:DOGE,1711059364854
0.15505,1.0,2024-03-21T22:16:04.863Z,,64.49532408900355,DOGE/USD:DOGE,1711059364863
0.15504,552.0,2024-03-21T22:16:04.865Z,,35603.715170278636,DOGE/USD:DOGE,1711059364865
0.15503,92.0,2024-03-21T22:16:09.109Z,,5934.335289943881,DOGE/USD:DOGE,1711059369109
0.15502,1.0,2024-03-21T22:16:09.168Z,,64.50780544445878,DOGE/USD:DOGE,1711059369168
0.15501,2.0,2024-03-21T22:16:09.849Z,,129.02393393974583,DOGE/USD:DOGE,1711059369849
0.155,81.0,2024-03-21T22:16:09.891Z,,5225.806451612903,DOGE/USD:DOGE,1711059369891
0.155,1059.0,2024-03-21T22:16:13.373Z,,68322.58064516129,DOGE/USD:DOGE,1711059373373
0.15501,369.0,2024-03-21T22:16:13.373Z,,23804.915811883104,DOGE/USD:DOGE,1711059373373
0.15501,4.0,2024-03-21T22:16:15.947Z,,258.04786787949166,DOGE/USD:DOGE,1711059375947
0.15499,128.0,2024-03-21T22:16:16.541Z,,8258.597328859927,DOGE/USD:DOGE,1711059376541
0.15498,1.0,2024-03-21T22:16:16.559Z,,64.5244547683572,DOGE/USD:DOGE,1711059376559
0.15497,29.0,2024-03-21T22:16:16.864Z,,1871.3299348260953,DOGE/USD:DOGE,1711059376864
0.15496,1.0,2024-03-21T22:16:17.477Z,,64.53278265358803,DOGE/USD:DOGE,1711059377477
0.15495,81.0,2024-03-21T22:16:17.482Z,,5227.492739593417,DOGE/USD:DOGE,1711059377482
0.15494,1.0,2024-03-21T22:16:18.007Z,,64.54111268878276,DOGE/USD:DOGE,1711059378007
0.15493,1.0,2024-03-21T22:16:18.012Z,,64.54527851287678,DOGE/USD:DOGE,1711059378012
0.15492,50.0,2024-03-21T22:16:18.012Z,,3227.472243738704,DOGE/USD:DOGE,1711059378012
0.15491,40.0,2024-03-21T22:16:18.012Z,,2582.1444709831517,DOGE/USD:DOGE,1711059378012
0.1549,1015.0,2024-03-21T22:16:18.012Z,,65526.14590058102,DOGE/USD:DOGE,1711059378012
0.15494,213.0,2024-03-21T22:16:22.823Z,,13747.257002710727,DOGE/USD:DOGE,1711059382823
0.15495,319.0,2024-03-21T22:16:22.825Z,,20587.28622136173,DOGE/USD:DOGE,1711059382825
0.15496,776.0,2024-03-21T22:16:22.919Z,,50077.439339184304,DOGE/USD:DOGE,1711059382919
0.15497,124.0,2024-03-21T22:16:23.021Z,,8001.548686842615,DOGE/USD:DOGE,1711059383021
0.15497,45.0,2024-03-21T22:16:23.722Z,,2903.787829902562,DOGE/USD:DOGE,1711059383722
0.15495,1.0,2024-03-21T22:16:23.794Z,,64.53694740238787,DOGE/USD:DOGE,1711059383794
0.15494,17.0,2024-03-21T22:16:24.303Z,,1097.198915709307,DOGE/USD:DOGE,1711059384303
0.15494,99.0,2024-03-21T22:16:25.867Z,,6389.570156189493,DOGE/USD:DOGE,1711059385867
0.15493,1.0,2024-03-21T22:16:25.881Z,,64.54527851287678,DOGE/USD:DOGE,1711059385881
0.15492,377.0,2024-03-21T22:16:25.882Z,,24335.140717789825,DOGE/USD:DOGE,1711059385882
0.15491,73.0,2024-03-21T22:16:26.969Z,,4712.4136595442515,DOGE/USD:DOGE,1711059386969
0.1549,1.0,2024-03-21T22:16:27.041Z,,64.55777921239509,DOGE/USD:DOGE,1711059387041
0.15491,120.0,2024-03-21T22:16:29.325Z,,7746.433412949455,DOGE/USD:DOGE,1711059389325
0.15492,2.0,2024-03-21T22:16:29.504Z,,129.09888974954816,DOGE/USD:DOGE,1711059389504
0.15494,129.0,2024-03-21T22:16:30.686Z,,8325.803536852975,DOGE/USD:DOGE,1711059390686
0.15493,485.0,2024-03-21T22:16:30.686Z,,31304.46007874524,DOGE/USD:DOGE,1711059390686
0.15492,1228.0,2024-03-21T22:16:30.686Z,,79266.71830622257,DOGE/USD:DOGE,1711059390686
0.15491,481.0,2024-03-21T22:16:30.686Z,,31050.287263572398,DOGE/USD:DOGE,1711059390686
0.15491,1.0,2024-03-21T22:16:30.882Z,,64.55361177457878,DOGE/USD:DOGE,1711059390882
0.15489,4.0,2024-03-21T22:16:31.958Z,,258.2477887533088,DOGE/USD:DOGE,1711059391958
0.15488,128.0,2024-03-21T22:16:31.958Z,,8264.462809917355,DOGE/USD:DOGE,1711059391958
0.15487,1.0,2024-03-21T22:16:31.999Z,,64.57028475495576,DOGE/USD:DOGE,1711059391999
0.15486,1.0,2024-03-21T22:16:32.123Z,,64.57445434586077,DOGE/USD:DOGE,1711059392123
0.15485,1.0,2024-03-21T22:16:32.130Z,,64.57862447529868,DOGE/USD:DOGE,1711059392130
0.15484,1.0,2024-03-21T22:16:32.130Z,,64.5827951433738,DOGE/USD:DOGE,1711059392130
0.15484,1.0,2024-03-21T22:16:32.701Z,,64.5827951433738,DOGE/USD:DOGE,1711059392701
0.15483,54.0,2024-03-21T22:16:32.724Z,,3487.696182910289,DOGE/USD:DOGE,1711059392724
0.15482,1.0,2024-03-21T22:16:32.856Z,,64.59113809585325,DOGE/USD:DOGE,1711059392856
0.15481,1.0,2024-03-21T22:16:32.973Z,,64.59531038046637,DOGE/USD:DOGE,1711059392973
0.1548,3.0,2024-03-21T22:16:33.189Z,,193.7984496124031,DOGE/USD:DOGE,1711059393189
0.1548,70.0,2024-03-21T22:16:33.572Z,,4521.963824289405,DOGE/USD:DOGE,1711059393572
0.15481,231.0,2024-03-21T22:16:33.572Z,,14921.516697887733,DOGE/USD:DOGE,1711059393572
0.15479,50.0,2024-03-21T22:16:33.702Z,,3230.1828283480845,DOGE/USD:DOGE,1711059393702
0.15478,3.0,2024-03-21T22:16:33.705Z,,193.82349140715854,DOGE/USD:DOGE,1711059393705
0.15477,49.0,2024-03-21T22:16:33.705Z,,3165.9882406151064,DOGE/USD:DOGE,1711059393705
0.15476,41.0,2024-03-21T22:16:33.705Z,,2649.2633755492375,DOGE/USD:DOGE,1711059393705
0.15475,10.0,2024-03-21T22:16:33.710Z,,646.2035541195477,DOGE/USD:DOGE,1711059393710
0.15474,52.0,2024-03-21T22:16:34.553Z,,3360.475636551635,DOGE/USD:DOGE,1711059394553
0.15473,50.0,2024-03-21T22:16:34.553Z,,3231.435403606282,DOGE/USD:DOGE,1711059394553
0.15472,130.0,2024-03-21T22:16:34.553Z,,8402.275077559461,DOGE/USD:DOGE,1711059394553
0.15471,135.0,2024-03-21T22:16:34.553Z,,8726.003490401396,DOGE/USD:DOGE,1711059394553
0.1547,25.0,2024-03-21T22:16:34.553Z,,1616.0310277957337,DOGE/USD:DOGE,1711059394553
0.15469,389.0,2024-03-21T22:16:34.553Z,,25147.068330208804,DOGE/USD:DOGE,1711059394553
0.15468,469.0,2024-03-21T22:16:34.553Z,,30320.662011895525,DOGE/USD:DOGE,1711059394553
0.15467,1024.0,2024-03-21T22:16:34.553Z,,66205.46970970453,DOGE/USD:DOGE,1711059394553
0.1547,1.0,2024-03-21T22:16:37.124Z,,64.64124111182934,DOGE/USD:DOGE,1711059397124
0.15471,2.0,2024-03-21T22:16:37.768Z,,129.2741257837244,DOGE/USD:DOGE,1711059397768
0.15473,120.0,2024-03-21T22:16:39.500Z,,7755.444968655077,DOGE/USD:DOGE,1711059399500
0.15474,63.0,2024-03-21T22:16:39.520Z,,4071.34548274525,DOGE/USD:DOGE,1711059399520
0.15475,2.0,2024-03-21T22:16:39.788Z,,129.24071082390952,DOGE/USD:DOGE,1711059399788
0.15476,237.0,2024-03-21T22:16:40.620Z,,15314.034634272422,DOGE/USD:DOGE,1711059400620
0.15474,339.0,2024-03-21T22:16:40.620Z,,21907.716169057774,DOGE/USD:DOGE,1711059400620
0.15477,14.0,2024-03-21T22:16:43.464Z,,904.5680687471732,DOGE/USD:DOGE,1711059403464
0.15478,2.0,2024-03-21T22:16:43.464Z,,129.21566093810569,DOGE/USD:DOGE,1711059403464
0.15479,2.0,2024-03-21T22:16:43.464Z,,129.20731313392338,DOGE/USD:DOGE,1711059403464
0.1548,67.0,2024-03-21T22:16:43.484Z,,4328.165374677003,DOGE/USD:DOGE,1711059403484
0.15481,2.0,2024-03-21T22:16:43.550Z,,129.19062076093275,DOGE/USD:DOGE,1711059403550
0.15479,68.0,2024-03-21T22:16:48.628Z,,4393.048646553395,DOGE/USD:DOGE,1711059408628
0.15477,121.0,2024-03-21T22:16:48.639Z,,7818.052594171997,DOGE/USD:DOGE,1711059408639
0.15476,26.0,2024-03-21T22:16:49.631Z,,1680.0206771775652,DOGE/USD:DOGE,1711059409631
0.15475,115.0,2024-03-21T22:16:49.631Z,,7431.340872374798,DOGE/USD:DOGE,1711059409631
0.15474,1.0,2024-03-21T22:16:50.129Z,,64.62453147214683,DOGE/USD:DOGE,1711059410129
0.15473,1.0,2024-03-21T22:16:50.367Z,,64.62870807212563,DOGE/USD:DOGE,1711059410367
0.15472,1.0,2024-03-21T22:16:50.396Z,,64.63288521199587,DOGE/USD:DOGE,1711059410396
0.15471,160.0,2024-03-21T22:16:58.007Z,,10341.930062697951,DOGE/USD:DOGE,1711059418007
0.1547,123.0,2024-03-21T22:16:58.007Z,,7950.872656755009,DOGE/USD:DOGE,1711059418007
0.15469,1.0,2024-03-21T22:16:58.078Z,,64.64541987200207,DOGE/USD:DOGE,1711059418078
0.15468,1.0,2024-03-21T22:16:58.170Z,,64.64959917248513,DOGE/USD:DOGE,1711059418170
0.15467,13.0,2024-03-21T22:16:58.186Z,,840.4991271739833,DOGE/USD:DOGE,1711059418186
0.15466,1.0,2024-03-21T22:16:58.201Z,,64.6579593948015,DOGE/USD:DOGE,1711059418201
0.15466,33.0,2024-03-21T22:17:00.720Z,,2133.7126600284496,DOGE/USD:DOGE,1711059420720
0.15466,1.0,2024-03-21T22:17:01.354Z,,64.6579593948015,DOGE/USD:DOGE,1711059421354
0.15467,215.0,2024-03-21T22:17:03.615Z,,13900.562487877416,DOGE/USD:DOGE,1711059423615
0.15465,1.0,2024-03-21T22:17:04.086Z,,64.66214031684449,DOGE/USD:DOGE,1711059424086
0.15464,1.0,2024-03-21T22:17:04.088Z,,64.66632177961718,DOGE/USD:DOGE,1711059424088
0.15463,17.0,2024-03-21T22:17:05.720Z,,1099.398564314816,DOGE/USD:DOGE,1711059425720
0.15462,2.0,2024-03-21T22:17:05.720Z,,129.34937265554262,DOGE/USD:DOGE,1711059425720
0.15461,129.0,2024-03-21T22:17:05.720Z,,8343.574154323782,DOGE/USD:DOGE,1711059425720
0.1546,94.0,2024-03-21T22:17:05.926Z,,6080.206985769728,DOGE/USD:DOGE,1711059425926
0.15459,83.0,2024-03-21T22:17:06.628Z,,5369.040688272204,DOGE/USD:DOGE,1711059426628
0.15458,3.0,2024-03-21T22:17:06.631Z,,194.07426575236124,DOGE/USD:DOGE,1711059426631
0.15457,467.0,2024-03-21T22:17:08.389Z,,30212.84854758362,DOGE/USD:DOGE,1711059428389
0.15456,287.0,2024-03-21T22:17:08.389Z,,18568.840579710144,DOGE/USD:DOGE,1711059428389
0.15455,460.0,2024-03-21T22:17:08.395Z,,29763.830475574247,DOGE/USD:DOGE,1711059428395
0.15454,293.0,2024-03-21T22:17:08.396Z,,18959.49268797722,DOGE/USD:DOGE,1711059428396
0.15453,1.0,2024-03-21T22:17:08.419Z,,64.7123535883,DOGE/USD:DOGE,1711059428419
0.15452,42.0,2024-03-21T22:17:08.419Z,,2718.0947450168264,DOGE/USD:DOGE,1711059428419
0.15451,20.0,2024-03-21T22:17:08.419Z,,1294.4146009966992,DOGE/USD:DOGE,1711059428419
0.15451,20.0,2024-03-21T22:17:11.121Z,,1294.4146009966992,DOGE/USD:DOGE,1711059431121
0.1545,7.0,2024-03-21T22:17:11.253Z,,453.0744336569579,DOGE/USD:DOGE,1711059431253
0.15449,3.0,2024-03-21T22:17:11.256Z,,194.18732604052042,DOGE/USD:DOGE,1711059431256
0.15448,825.0,2024-03-21T22:17:14.797Z,,53404.971517348524,DOGE/USD:DOGE,1711059434797
0.15447,1.0,2024-03-21T22:17:15.058Z,,64.73748948015796,DOGE/USD:DOGE,1711059435058
0.15447,3.0,2024-03-21T22:17:15.231Z,,194.21246844047388,DOGE/USD:DOGE,1711059435231
0.15446,133.0,2024-03-21T22:17:15.687Z,,8610.643532306098,DOGE/USD:DOGE,1711059435687
0.15445,1.0,2024-03-21T22:17:15.986Z,,64.74587245063127,DOGE/USD:DOGE,1711059435986
0.15444,563.0,2024-03-21T22:17:16.037Z,,36454.286454286455,DOGE/USD:DOGE,1711059436037
0.15443,42.0,2024-03-21T22:17:16.628Z,,2719.6788188823416,DOGE/USD:DOGE,1711059436628
0.15442,1.0,2024-03-21T22:17:16.628Z,,64.7584509778526,DOGE/USD:DOGE,1711059436628
0.15441,45.0,2024-03-21T22:17:16.628Z,,2914.319020788809,DOGE/USD:DOGE,1711059436628
0.1544,130.0,2024-03-21T22:17:16.628Z,,8419.689119170984,DOGE/USD:DOGE,1711059436628
0.15439,30.0,2024-03-21T22:17:16.628Z,,1943.1310318025778,DOGE/USD:DOGE,1711059436628
0.15438,14.0,2024-03-21T22:17:16.628Z,,906.8532193289286,DOGE/USD:DOGE,1711059436628
0.15437,19.0,2024-03-21T22:17:16.629Z,,1230.809095031418,DOGE/USD:DOGE,1711059436629
0.15436,29.0,2024-03-21T22:17:16.629Z,,1878.7250583052605,DOGE/USD:DOGE,1711059436629
0.15435,392.0,2024-03-21T22:17:16.629Z,,25396.825396825396,DOGE/USD:DOGE,1711059436629
0.15434,621.0,2024-03-21T22:17:16.629Z,,40235.84294414928,DOGE/USD:DOGE,1711059436629
0.15437,1.0,2024-03-21T22:17:19.898Z,,64.77942605428515,DOGE/USD:DOGE,1711059439898
0.15437,27.0,2024-03-21T22:17:20.430Z,,1749.0445034656993,DOGE/USD:DOGE,1711059440430
0.15438,1.0,2024-03-21T22:17:20.717Z,,64.77522995206633,DOGE/USD:DOGE,1711059440717
0.15439,37.0,2024-03-21T22:17:20.717Z,,2396.5282725565125,DOGE/USD:DOGE,1711059440717
0.1544,555.0,2024-03-21T22:17:20.760Z,,35945.59585492228,DOGE/USD:DOGE,1711059440760
0.15441,446.0,2024-03-21T22:17:20.772Z,,28884.13962826242,DOGE/USD:DOGE,1711059440772
0.15442,2.0,2024-03-21T22:17:20.869Z,,129.5169019557052,DOGE/USD:DOGE,1711059440869
0.15443,320.0,2024-03-21T22:17:20.871Z,,20721.362429579745,DOGE/USD:DOGE,1711059440871
0.15444,2.0,2024-03-21T22:17:20.886Z,,129.5001295001295,DOGE/USD:DOGE,1711059440886
0.15446,2.0,2024-03-21T22:17:21.654Z,,129.48336138806164,DOGE/USD:DOGE,1711059441654
0.15447,2.0,2024-03-21T22:17:21.660Z,,129.47497896031592,DOGE/USD:DOGE,1711059441660
0.15447,267.0,2024-03-21T22:17:23.189Z,,17284.909691202174,DOGE/USD:DOGE,1711059443189
0.15446,96.0,2024-03-21T22:17:24.573Z,,6215.201346626958,DOGE/USD:DOGE,1711059444573
0.15444,18.0,2024-03-21T22:17:24.916Z,,1165.5011655011656,DOGE/USD:DOGE,1711059444916
0.15443,1.0,2024-03-21T22:17:24.960Z,,64.7542575924367,DOGE/USD:DOGE,1711059444960
0.15441,34.0,2024-03-21T22:17:25.931Z,,2201.9299268182112,DOGE/USD:DOGE,1711059445931
0.15441,1.0,2024-03-21T22:17:26.229Z,,64.76264490641798,DOGE/USD:DOGE,1711059446229
0.1544,165.0,2024-03-21T22:17:26.229Z,,10686.528497409327,DOGE/USD:DOGE,1711059446229
0.15439,45.0,2024-03-21T22:17:26.229Z,,2914.696547703867,DOGE/USD:DOGE,1711059446229
0.15438,45.0,2024-03-21T22:17:26.229Z,,2914.8853478429846,DOGE/USD:DOGE,1711059446229
0.15437,54.0,2024-03-21T22:17:26.233Z,,3498.0890069313987,DOGE/USD:DOGE,1711059446233
0.15436,31.0,2024-03-21T22:17:26.238Z,,2008.2923037056232,DOGE/USD:DOGE,1711059446238
0.15435,1.0,2024-03-21T22:17:26.247Z,,64.7878198898607,DOGE/USD:DOGE,1711059446247
0.15437,15.0,2024-03-21T22:17:26.249Z,,971.6913908142774,DOGE/USD:DOGE,1711059446249
0.15435,44.0,2024-03-21T22:17:26.391Z,,2850.664075153871,DOGE/USD:DOGE,1711059446391
0.15434,1.0,2024-03-21T22:17:26.402Z,,64.79201762342879,DOGE/USD:DOGE,1711059446402
0.15436,44.0,2024-03-21T22:17:28.593Z,,2850.4793988079814,DOGE/USD:DOGE,1711059448593
0.15435,44.0,2024-03-21T22:17:28.593Z,,2850.664075153871,DOGE/USD:DOGE,1711059448593
0.15434,44.0,2024-03-21T22:17:28.593Z,,2850.848775430867,DOGE/USD:DOGE,1711059448593
0.15434,8.0,2024-03-21T22:17:29.044Z,,518.3361409874303,DOGE/USD:DOGE,1711059449044
0.15433,1.0,2024-03-21T22:17:29.169Z,,64.79621590099138,DOGE/USD:DOGE,1711059449169
0.15432,461.0,2024-03-21T22:17:29.947Z,,29872.991187143598,DOGE/USD:DOGE,1711059449947
0.15431,11.0,2024-03-21T22:17:30.060Z,,712.8507549737541,DOGE/USD:DOGE,1711059450060
0.1543,37.0,2024-03-21T22:17:30.185Z,,2397.9261179520413,DOGE/USD:DOGE,1711059450185
0.15429,35.0,2024-03-21T22:17:30.644Z,,2268.455505865578,DOGE/USD:DOGE,1711059450644
0.15428,98.0,2024-03-21T22:17:30.644Z,,6352.087114337568,DOGE/USD:DOGE,1711059450644
0.15427,5.0,2024-03-21T22:17:30.746Z,,324.1070849808777,DOGE/USD:DOGE,1711059450746
0.15426,331.0,2024-03-21T22:17:30.746Z,,21457.279917023207,DOGE/USD:DOGE,1711059450746
0.15425,938.0,2024-03-21T22:17:30.747Z,,60810.37277147488,DOGE/USD:DOGE,1711059450747
0.15424,1.0,2024-03-21T22:17:30.804Z,,64.83402489626556,DOGE/USD:DOGE,1711059450804
0.15423,49.0,2024-03-21T22:17:30.804Z,,3177.0732023601117,DOGE/USD:DOGE,1711059450804
0.15422,46.0,2024-03-21T22:17:31.089Z,,2982.75191285177,DOGE/USD:DOGE,1711059451089
0.15421,8.0,2024-03-21T22:17:31.296Z,,518.7731016146813,DOGE/USD:DOGE,1711059451296
0.15421,282.0,2024-03-21T22:17:31.891Z,,18286.751831917514,DOGE/USD:DOGE,1711059451891
0.1542,47.0,2024-03-21T22:17:31.894Z,,3047.9896238651104,DOGE/USD:DOGE,1711059451894
0.15419,50.0,2024-03-21T22:17:31.910Z,,3242.7524482780987,DOGE/USD:DOGE,1711059451910
0.15418,188.0,2024-03-21T22:17:32.178Z,,12193.540018160591,DOGE/USD:DOGE,1711059452178
0.15417,149.0,2024-03-21T22:17:32.828Z,,9664.655899331907,DOGE/USD:DOGE,1711059452828
0.15416,2.0,2024-03-21T22:17:32.900Z,,129.73533990659055,DOGE/USD:DOGE,1711059452900
0.15415,6.0,2024-03-21T22:17:33.069Z,,389.2312682452157,DOGE/USD:DOGE,1711059453069
0.15414,6.0,2024-03-21T22:17:33.069Z,,389.25652004671076,DOGE/USD:DOGE,1711059453069
0.15413,83.0,2024-03-21T22:17:34.155Z,,5385.064555894375,DOGE/USD:DOGE,1711059454155
0.15412,16.0,2024-03-21T22:17:34.348Z,,1038.1520892810797,DOGE/USD:DOGE,1711059454348
0.15411,143.0,2024-03-21T22:17:34.967Z,,9279.0863668808,DOGE/USD:DOGE,1711059454967
0.1541,6.0,2024-03-21T22:17:34.971Z,,389.3575600259572,DOGE/USD:DOGE,1711059454971
0.1541,365.0,2024-03-21T22:17:36.285Z,,23685.918234912395,DOGE/USD:DOGE,1711059456285
0.15411,298.0,2024-03-21T22:17:37.340Z,,19336.83732398936,DOGE/USD:DOGE,1711059457340
0.15412,44.0,2024-03-21T22:17:37.345Z,,2854.9182455229693,DOGE/USD:DOGE,1711059457345
0.15413,452.0,2024-03-21T22:17:37.345Z,,29325.893726075392,DOGE/USD:DOGE,1711059457345
0.15414,119.0,2024-03-21T22:17:37.350Z,,7720.254314259764,DOGE/USD:DOGE,1711059457350
0.15414,118.0,2024-03-21T22:17:37.465Z,,7655.378227585312,DOGE/USD:DOGE,1711059457465
0.15413,403.0,2024-03-21T22:17:37.465Z,,26146.759229222087,DOGE/USD:DOGE,1711059457465
0.15412,277.0,2024-03-21T22:17:37.465Z,,17973.008045678693,DOGE/USD:DOGE,1711059457465
0.15411,883.0,2024-03-21T22:17:37.465Z,,57296.73609759263,DOGE/USD:DOGE,1711059457465
0.1541,1508.0,2024-03-21T22:17:37.466Z,,97858.53341985724,DOGE/USD:DOGE,1711059457466
0.15409,6.0,2024-03-21T22:17:37.466Z,,389.38282821727563,DOGE/USD:DOGE,1711059457466
0.15408,427.0,2024-03-21T22:17:37.466Z,,27712.8764278297,DOGE/USD:DOGE,1711059457466
0.15407,260.0,2024-03-21T22:17:37.466Z,,16875.446225741547,DOGE/USD:DOGE,1711059457466
0.15406,419.0,2024-03-21T22:17:37.466Z,,27197.195897702193,DOGE/USD:DOGE,1711059457466
0.15406,4.0,2024-03-21T22:17:37.629Z,,259.6391016487083,DOGE/USD:DOGE,1711059457629
0.15405,7.0,2024-03-21T22:17:37.629Z,,454.3979227523531,DOGE/USD:DOGE,1711059457629
0.15404,1.0,2024-03-21T22:17:37.629Z,,64.91820306413918,DOGE/USD:DOGE,1711059457629
0.15403,23.0,2024-03-21T22:17:37.835Z,,1493.2156073492176,DOGE/USD:DOGE,1711059457835
0.15403,9.0,2024-03-21T22:17:38.357Z,,584.30175939752,DOGE/USD:DOGE,1711059458357
0.15405,12.0,2024-03-21T22:17:38.357Z,,778.9678675754625,DOGE/USD:DOGE,1711059458357
0.15408,105.0,2024-03-21T22:17:40.170Z,,6814.641744548287,DOGE/USD:DOGE,1711059460170
0.15409,1215.0,2024-03-21T22:17:41.895Z,,78850.02271399832,DOGE/USD:DOGE,1711059461895
0.1541,2.0,2024-03-21T22:17:41.900Z,,129.78585334198573,DOGE/USD:DOGE,1711059461900
0.15411,5.0,2024-03-21T22:17:41.900Z,,324.4435792615664,DOGE/USD:DOGE,1711059461900
0.15412,163.0,2024-03-21T22:17:41.948Z,,10576.174409550998,DOGE/USD:DOGE,1711059461948
0.15413,2.0,2024-03-21T22:17:41.969Z,,129.7605917082982,DOGE/USD:DOGE,1711059461969
0.15414,2.0,2024-03-21T22:17:41.992Z,,129.7521733489036,DOGE/USD:DOGE,1711059461992
0.15413,110.0,2024-03-21T22:17:41.996Z,,7136.8325439564005,DOGE/USD:DOGE,1711059461996
0.15414,523.0,2024-03-21T22:17:42.992Z,,33930.19333073829,DOGE/USD:DOGE,1711059462992
0.15409,163.0,2024-03-21T22:17:43.608Z,,10578.233499902653,DOGE/USD:DOGE,1711059463608
0.15408,1.0,2024-03-21T22:17:43.901Z,,64.90134994807892,DOGE/USD:DOGE,1711059463901
0.15406,794.0,2024-03-21T22:17:48.617Z,,51538.3616772686,DOGE/USD:DOGE,1711059468617
0.15406,49.0,2024-03-21T22:17:48.800Z,,3180.5789951966767,DOGE/USD:DOGE,1711059468800
0.15406,1334.0,2024-03-21T22:17:50.132Z,,86589.64039984421,DOGE/USD:DOGE,1711059470132
0.15405,30.0,2024-03-21T22:17:50.225Z,,1947.4196689386563,DOGE/USD:DOGE,1711059470225
0.15406,1687.0,2024-03-21T22:17:53.832Z,,109502.79112034272,DOGE/USD:DOGE,1711059473832
0.15407,3.0,2024-03-21T22:17:53.833Z,,194.71668722009477,DOGE/USD:DOGE,1711059473833
0.15408,125.0,2024-03-21T22:17:53.837Z,,8112.668743509865,DOGE/USD:DOGE,1711059473837
0.15407,517.0,2024-03-21T22:17:54.383Z,,33556.175764263,DOGE/USD:DOGE,1711059474383
0.15405,135.0,2024-03-21T22:17:55.284Z,,8763.388510223953,DOGE/USD:DOGE,1711059475284
0.15404,22.0,2024-03-21T22:17:58.345Z,,1428.2004674110622,DOGE/USD:DOGE,1711059478345
0.15404,1500.0,2024-03-21T22:17:58.686Z,,97377.30459620878,DOGE/USD:DOGE,1711059478686
0.15403,7.0,2024-03-21T22:17:58.690Z,,454.45692397584884,DOGE/USD:DOGE,1711059478690
0.15402,22.0,2024-03-21T22:17:58.690Z,,1428.3859239059861,DOGE/USD:DOGE,1711059478690
0.15401,15.0,2024-03-21T22:17:58.690Z,,973.9627296928771,DOGE/USD:DOGE,1711059478690
0.154,61.0,2024-03-21T22:17:58.692Z,,3961.038961038961,DOGE/USD:DOGE,1711059478692
0.15399,10.0,2024-03-21T22:17:58.692Z,,649.3928177154361,DOGE/USD:DOGE,1711059478692
0.15398,3.0,2024-03-21T22:17:58.692Z,,194.83049746720354,DOGE/USD:DOGE,1711059478692
0.15397,115.0,2024-03-21T22:17:58.692Z,,7468.987465090602,DOGE/USD:DOGE,1711059478692
0.15396,102.0,2024-03-21T22:17:58.696Z,,6625.097427903352,DOGE/USD:DOGE,1711059478696
0.154,15.0,2024-03-21T22:17:58.705Z,,974.025974025974,DOGE/USD:DOGE,1711059478705
0.15399,23.0,2024-03-21T22:17:58.705Z,,1493.603480745503,DOGE/USD:DOGE,1711059478705
0.15396,89.0,2024-03-21T22:17:58.707Z,,5780.722265523513,DOGE/USD:DOGE,1711059478707
0.15395,1.0,2024-03-21T22:17:58.780Z,,64.95615459564793,DOGE/USD:DOGE,1711059478780
0.15394,3.0,2024-03-21T22:17:58.815Z,,194.8811225152657,DOGE/USD:DOGE,1711059478815
0.15393,153.0,2024-03-21T22:17:58.856Z,,9939.582927304618,DOGE/USD:DOGE,1711059478856
0.15392,115.0,2024-03-21T22:17:58.954Z,,7471.413721413722,DOGE/USD:DOGE,1711059478954
0.15391,8.0,2024-03-21T22:17:59.015Z,,519.7842895198493,DOGE/USD:DOGE,1711059479015
0.1539,2.0,2024-03-21T22:17:59.015Z,,129.9545159194282,DOGE/USD:DOGE,1711059479015
0.15389,6.0,2024-03-21T22:17:59.015Z,,389.8888816687244,DOGE/USD:DOGE,1711059479015
0.1539,139.0,2024-03-21T22:18:00.995Z,,9031.83885640026,DOGE/USD:DOGE,1711059480995
0.1539,287.0,2024-03-21T22:18:01.228Z,,18648.473034437946,DOGE/USD:DOGE,1711059481228
0.1539,1088.0,2024-03-21T22:18:01.337Z,,70695.25666016895,DOGE/USD:DOGE,1711059481337
0.15389,16.0,2024-03-21T22:18:01.414Z,,1039.7036844499319,DOGE/USD:DOGE,1711059481414
0.15388,91.0,2024-03-21T22:18:01.414Z,,5913.698986223031,DOGE/USD:DOGE,1711059481414
0.15387,156.0,2024-03-21T22:18:01.419Z,,10138.428543575747,DOGE/USD:DOGE,1711059481419
0.15387,224.0,2024-03-21T22:18:02.105Z,,14557.743549749788,DOGE/USD:DOGE,1711059482105
0.15386,1.0,2024-03-21T22:18:02.107Z,,64.99415052645261,DOGE/USD:DOGE,1711059482107
0.15385,64.0,2024-03-21T22:18:02.107Z,,4159.896002599935,DOGE/USD:DOGE,1711059482107
0.15384,16.0,2024-03-21T22:18:02.108Z,,1040.0416016640665,DOGE/USD:DOGE,1711059482108
0.15383,9.0,2024-03-21T22:18:02.111Z,,585.0614314503023,DOGE/USD:DOGE,1711059482111
0.15382,10.0,2024-03-21T22:18:02.111Z,,650.110518788194,DOGE/USD:DOGE,1711059482111
0.15381,12.0,2024-03-21T22:18:02.111Z,,780.1833430856251,DOGE/USD:DOGE,1711059482111
0.1538,9.0,2024-03-21T22:18:02.111Z,,585.1755526657997,DOGE/USD:DOGE,1711059482111
0.15379,61.0,2024-03-21T22:18:02.111Z,,3966.4477534300017,DOGE/USD:DOGE,1711059482111
0.15383,12.0,2024-03-21T22:18:02.125Z,,780.081908600403,DOGE/USD:DOGE,1711059482125
0.15382,62.0,2024-03-21T22:18:02.190Z,,4030.685216486803,DOGE/USD:DOGE,1711059482190
0.15381,62.0,2024-03-21T22:18:02.200Z,,4030.947272609063,DOGE/USD:DOGE,1711059482200
0.1538,70.0,2024-03-21T22:18:02.201Z,,4551.365409622887,DOGE/USD:DOGE,1711059482201
0.15379,62.0,2024-03-21T22:18:02.264Z,,4031.4714870927887,DOGE/USD:DOGE,1711059482264
0.15378,68.0,2024-03-21T22:18:02.264Z,,4421.9014176095725,DOGE/USD:DOGE,1711059482264
0.15378,288.0,2024-03-21T22:18:02.858Z,,18728.053062817013,DOGE/USD:DOGE,1711059482858
0.15377,217.0,2024-03-21T22:18:02.858Z,,14111.98543278923,DOGE/USD:DOGE,1711059482858
0.15376,63.0,2024-03-21T22:18:02.858Z,,4097.29448491155,DOGE/USD:DOGE,1711059482858
0.15375,10.0,2024-03-21T22:18:02.951Z,,650.4065040650406,DOGE/USD:DOGE,1711059482951
0.15374,57.0,2024-03-21T22:18:02.952Z,,3707.558215168466,DOGE/USD:DOGE,1711059482952
0.15374,24.0,2024-03-21T22:18:04.747Z,,1561.077143228828,DOGE/USD:DOGE,1711059484747
0.15375,2.0,2024-03-21T22:18:04.765Z,,130.08130081300814,DOGE/USD:DOGE,1711059484765
0.15376,750.0,2024-03-21T22:18:04.769Z,,48777.31529656608,DOGE/USD:DOGE,1711059484769
0.15376,193.0,2024-03-21T22:18:05.664Z,,12552.029136316338,DOGE/USD:DOGE,1711059485664
0.15375,16.0,2024-03-21T22:18:05.665Z,,1040.6504065040651,DOGE/USD:DOGE,1711059485665
0.15374,16.0,2024-03-21T22:18:05.665Z,,1040.7180954858852,DOGE/USD:DOGE,1711059485665
0.15373,23.0,2024-03-21T22:18:05.665Z,,1496.1295778312626,DOGE/USD:DOGE,1711059485665
0.15372,140.0,2024-03-21T22:18:05.665Z,,9107.468123861567,DOGE/USD:DOGE,1711059485665
0.15371,62.0,2024-03-21T22:18:05.670Z,,4033.5697091926354,DOGE/USD:DOGE,1711059485670
0.1537,75.0,2024-03-21T22:18:05.674Z,,4879.635653871178,DOGE/USD:DOGE,1711059485674
0.15369,129.0,2024-03-21T22:18:05.675Z,,8393.519422213547,DOGE/USD:DOGE,1711059485675
0.15368,13.0,2024-03-21T22:18:05.756Z,,845.9135866736075,DOGE/USD:DOGE,1711059485756
0.15367,5.0,2024-03-21T22:18:05.845Z,,325.3725515715494,DOGE/USD:DOGE,1711059485845
0.15368,24.0,2024-03-21T22:18:06.213Z,,1561.6866215512753,DOGE/USD:DOGE,1711059486213
0.1537,1485.0,2024-03-21T22:18:06.402Z,,96616.78594664931,DOGE/USD:DOGE,1711059486402
0.15371,46.0,2024-03-21T22:18:06.403Z,,2992.648493917117,DOGE/USD:DOGE,1711059486403
0.15371,494.0,2024-03-21T22:18:07.536Z,,32138.442521631645,DOGE/USD:DOGE,1711059487536
0.1537,470.0,2024-03-21T22:18:08.858Z,,30579.050097592713,DOGE/USD:DOGE,1711059488858
0.15368,8.0,2024-03-21T22:18:08.869Z,,520.5622071837585,DOGE/USD:DOGE,1711059488869
0.15367,24.0,2024-03-21T22:18:08.869Z,,1561.7882475434371,DOGE/USD:DOGE,1711059488869
0.15366,17.0,2024-03-21T22:18:08.869Z,,1106.3386697904464,DOGE/USD:DOGE,1711059488869
0.15365,175.0,2024-03-21T22:18:08.869Z,,11389.521640091116,DOGE/USD:DOGE,1711059488869
0.15364,505.0,2024-03-21T22:18:08.962Z,,32869.04451965634,DOGE/USD:DOGE,1711059488962
0.15365,90.0,2024-03-21T22:18:09.577Z,,5857.46827204686,DOGE/USD:DOGE,1711059489577
0.15366,2.0,2024-03-21T22:18:09.619Z,,130.15749056358194,DOGE/USD:DOGE,1711059489619
0.15367,65.0,2024-03-21T22:18:09.630Z,,4229.843170430143,DOGE/USD:DOGE,1711059489630
0.15369,132.0,2024-03-21T22:18:09.669Z,,8588.717548311537,DOGE/USD:DOGE,1711059489669
0.1537,1027.0,2024-03-21T22:18:10.181Z,,66818.477553676,DOGE/USD:DOGE,1711059490181
0.15371,20.0,2024-03-21T22:18:10.189Z,,1301.1515190943985,DOGE/USD:DOGE,1711059490189
0.15372,374.0,2024-03-21T22:18:10.189Z,,24329.950559458757,DOGE/USD:DOGE,1711059490189
0.15373,959.0,2024-03-21T22:18:10.189Z,,62382.09848435569,DOGE/USD:DOGE,1711059490189
0.15374,64.0,2024-03-21T22:18:10.459Z,,4162.872381943541,DOGE/USD:DOGE,1711059490459
0.15376,26.0,2024-03-21T22:18:12.099Z,,1690.9469302809573,DOGE/USD:DOGE,1711059492099
0.15377,159.0,2024-03-21T22:18:12.104Z,,10340.1183585875,DOGE/USD:DOGE,1711059492104
0.15378,2.0,2024-03-21T22:18:12.187Z,,130.05592404734037,DOGE/USD:DOGE,1711059492187
0.15379,147.0,2024-03-21T22:18:12.187Z,,9558.488848429677,DOGE/USD:DOGE,1711059492187
0.1538,88.0,2024-03-21T22:18:12.235Z,,5721.716514954486,DOGE/USD:DOGE,1711059492235
0.15379,9.0,2024-03-21T22:18:13.131Z,,585.2136029650823,DOGE/USD:DOGE,1711059493131
0.15377,237.0,2024-03-21T22:18:13.136Z,,15412.629251479482,DOGE/USD:DOGE,1711059493136
0.15377,250.0,2024-03-21T22:18:13.301Z,,16258.047733628146,DOGE/USD:DOGE,1711059493301
0.15378,308.0,2024-03-21T22:18:14.764Z,,20028.612303290414,DOGE/USD:DOGE,1711059494764
0.15377,10.0,2024-03-21T22:18:14.767Z,,650.3219093451258,DOGE/USD:DOGE,1711059494767
0.15376,10.0,2024-03-21T22:18:14.776Z,,650.3642039542143,DOGE/USD:DOGE,1711059494776
0.15376,24.0,2024-03-21T22:18:16.454Z,,1560.8740894901146,DOGE/USD:DOGE,1711059496454
0.15378,693.0,2024-03-21T22:18:16.485Z,,45064.377682403436,DOGE/USD:DOGE,1711059496485
0.15379,2.0,2024-03-21T22:18:16.541Z,,130.04746732557385,DOGE/USD:DOGE,1711059496541
0.1538,665.0,2024-03-21T22:18:16.541Z,,43237.97139141743,DOGE/USD:DOGE,1711059496541
0.15376,180.0,2024-03-21T22:18:17.745Z,,11706.555671175858,DOGE/USD:DOGE,1711059497745
0.15376,1.0,2024-03-21T22:18:17.850Z,,65.03642039542143,DOGE/USD:DOGE,1711059497850
0.15375,3.0,2024-03-21T22:18:17.853Z,,195.1219512195122,DOGE/USD:DOGE,1711059497853
0.15373,115.0,2024-03-21T22:18:19.110Z,,7480.647889156313,DOGE/USD:DOGE,1711059499110
0.15372,1.0,2024-03-21T22:18:19.146Z,,65.05334374186833,DOGE/USD:DOGE,1711059499146
0.15371,1.0,2024-03-21T22:18:19.912Z,,65.05757595471992,DOGE/USD:DOGE,1711059499912
0.15369,1.0,2024-03-21T22:18:19.933Z,,65.06604203266315,DOGE/USD:DOGE,1711059499933
0.15367,66.0,2024-03-21T22:18:20.090Z,,4294.917680744453,DOGE/USD:DOGE,1711059500090
0.15366,5.0,2024-03-21T22:18:20.093Z,,325.3937264089548,DOGE/USD:DOGE,1711059500093
0.15365,1.0,2024-03-21T22:18:20.396Z,,65.08298080052066,DOGE/USD:DOGE,1711059500396
0.15364,622.0,2024-03-21T22:18:20.459Z,,40484.24889351731,DOGE/USD:DOGE,1711059500459
0.15364,24.0,2024-03-21T22:18:22.290Z,,1562.0932048945588,DOGE/USD:DOGE,1711059502290
0.15368,2.0,2024-03-21T22:18:22.634Z,,130.14055179593961,DOGE/USD:DOGE,1711059502634
0.15369,208.0,2024-03-21T22:18:22.634Z,,13533.736742793935,DOGE/USD:DOGE,1711059502634
0.1537,14.0,2024-03-21T22:18:22.636Z,,910.8653220559531,DOGE/USD:DOGE,1711059502636
0.15371,106.0,2024-03-21T22:18:22.636Z,,6896.103051200313,DOGE/USD:DOGE,1711059502636
0.15371,1129.0,2024-03-21T22:18:25.079Z,,73450.0032528788,DOGE/USD:DOGE,1711059505079
0.15369,20.0,2024-03-21T22:18:25.532Z,,1301.320840653263,DOGE/USD:DOGE,1711059505532
0.15368,65.0,2024-03-21T22:18:25.532Z,,4229.567933368037,DOGE/USD:DOGE,1711059505532
0.15367,66.0,2024-03-21T22:18:25.534Z,,4294.917680744453,DOGE/USD:DOGE,1711059505534
0.15365,70.0,2024-03-21T22:18:25.537Z,,4555.808656036446,DOGE/USD:DOGE,1711059505537
0.15365,4.0,2024-03-21T22:18:25.692Z,,260.33192320208263,DOGE/USD:DOGE,1711059505692
0.15364,66.0,2024-03-21T22:18:25.692Z,,4295.756313460037,DOGE/USD:DOGE,1711059505692
0.15363,47.0,2024-03-21T22:18:25.693Z,,3059.2983141313543,DOGE/USD:DOGE,1711059505693
0.15364,24.0,2024-03-21T22:18:26.188Z,,1562.0932048945588,DOGE/USD:DOGE,1711059506188
0.15368,20.0,2024-03-21T22:18:26.434Z,,1301.405517959396,DOGE/USD:DOGE,1711059506434
0.15365,540.0,2024-03-21T22:18:28.702Z,,35144.80963228116,DOGE/USD:DOGE,1711059508702
0.15365,64.0,2024-03-21T22:18:29.191Z,,4165.310771233322,DOGE/USD:DOGE,1711059509191
0.15365,1.0,2024-03-21T22:18:29.677Z,,65.08298080052066,DOGE/USD:DOGE,1711059509677
0.15364,1.0,2024-03-21T22:18:29.694Z,,65.08721687060661,DOGE/USD:DOGE,1711059509694
0.15363,3.0,2024-03-21T22:18:30.080Z,,195.27436047646944,DOGE/USD:DOGE,1711059510080
0.15362,25.0,2024-03-21T22:18:30.154Z,,1627.392266631949,DOGE/USD:DOGE,1711059510154
0.15361,60.0,2024-03-21T22:18:30.665Z,,3905.995703404726,DOGE/USD:DOGE,1711059510665
0.1536,16.0,2024-03-21T22:18:30.681Z,,1041.6666666666667,DOGE/USD:DOGE,1711059510681
0.15359,20.0,2024-03-21T22:18:30.715Z,,1302.1681099029884,DOGE/USD:DOGE,1711059510715
0.15358,1.0,2024-03-21T22:18:30.735Z,,65.11264487563484,DOGE/USD:DOGE,1711059510735
0.15357,15.0,2024-03-21T22:18:30.735Z,,976.7532721234617,DOGE/USD:DOGE,1711059510735
0.15356,64.0,2024-03-21T22:18:30.914Z,,4167.752018754884,DOGE/USD:DOGE,1711059510914
0.15355,325.0,2024-03-21T22:18:31.637Z,,21165.744057310323,DOGE/USD:DOGE,1711059511637
0.15354,1.0,2024-03-21T22:18:31.640Z,,65.12960791976032,DOGE/USD:DOGE,1711059511640
0.15353,4.0,2024-03-21T22:18:31.649Z,,260.5354002475086,DOGE/USD:DOGE,1711059511649
0.15352,1.0,2024-03-21T22:18:31.649Z,,65.13809275664408,DOGE/USD:DOGE,1711059511649
0.15351,15.0,2024-03-21T22:18:31.649Z,,977.1350400625366,DOGE/USD:DOGE,1711059511649
0.15353,24.0,2024-03-21T22:18:32.066Z,,1563.2124014850517,DOGE/USD:DOGE,1711059512066
0.15356,52.0,2024-03-21T22:18:32.077Z,,3386.2985152383435,DOGE/USD:DOGE,1711059512077
0.15357,21.0,2024-03-21T22:18:33.023Z,,1367.4545809728463,DOGE/USD:DOGE,1711059513023
0.15358,125.0,2024-03-21T22:18:33.027Z,,8139.080609454356,DOGE/USD:DOGE,1711059513027
0.15359,11.0,2024-03-21T22:18:33.029Z,,716.1924604466436,DOGE/USD:DOGE,1711059513029
0.1536,501.0,2024-03-21T22:18:33.029Z,,32617.1875,DOGE/USD:DOGE,1711059513029
0.15361,303.0,2024-03-21T22:18:33.032Z,,19725.278302193867,DOGE/USD:DOGE,1711059513032
0.15362,410.0,2024-03-21T22:18:33.037Z,,26689.233172763965,DOGE/USD:DOGE,1711059513037
0.15363,69.0,2024-03-21T22:18:34.103Z,,4491.310290958797,DOGE/USD:DOGE,1711059514103
0.15365,122.0,2024-03-21T22:18:34.663Z,,7940.123657663521,DOGE/USD:DOGE,1711059514663
0.15366,2.0,2024-03-21T22:18:34.806Z,,130.15749056358194,DOGE/USD:DOGE,1711059514806
0.15367,2.0,2024-03-21T22:18:34.821Z,,130.14902062861978,DOGE/USD:DOGE,1711059514821
0.15368,42.0,2024-03-21T22:18:35.292Z,,2732.951587714732,DOGE/USD:DOGE,1711059515292
0.15369,2.0,2024-03-21T22:18:36.202Z,,130.1320840653263,DOGE/USD:DOGE,1711059516202
0.1537,15.0,2024-03-21T22:18:36.209Z,,975.9271307742355,DOGE/USD:DOGE,1711059516209
0.15371,2.0,2024-03-21T22:18:36.290Z,,130.11515190943985,DOGE/USD:DOGE,1711059516290
0.15371,788.0,2024-03-21T22:18:36.413Z,,51265.3698523193,DOGE/USD:DOGE,1711059516413
0.15371,935.0,2024-03-21T22:18:37.390Z,,60828.83351766313,DOGE/USD:DOGE,1711059517390
0.1537,1.0,2024-03-21T22:18:37.473Z,,65.06180871828236,DOGE/USD:DOGE,1711059517473
0.15369,70.0,2024-03-21T22:18:37.473Z,,4554.622942286421,DOGE/USD:DOGE,1711059517473
0.15372,8.0,2024-03-21T22:18:39.943Z,,520.4267499349467,DOGE/USD:DOGE,1711059519943
0.15373,127.0,2024-03-21T22:18:39.944Z,,8261.237234111755,DOGE/USD:DOGE,1711059519944
0.15374,2.0,2024-03-21T22:18:40.574Z,,130.08976193573565,DOGE/USD:DOGE,1711059520574
0.15375,128.0,2024-03-21T22:18:40.575Z,,8325.203252032521,DOGE/USD:DOGE,1711059520575
0.15376,24.0,2024-03-21T22:18:40.575Z,,1560.8740894901146,DOGE/USD:DOGE,1711059520575
0.15377,49.0,2024-03-21T22:18:40.582Z,,3186.5773557911166,DOGE/USD:DOGE,1711059520582
0.15376,9.0,2024-03-21T22:18:41.130Z,,585.3277835587929,DOGE/USD:DOGE,1711059521130
0.15376,333.0,2024-03-21T22:18:42.155Z,,21657.127991675337,DOGE/USD:DOGE,1711059522155
0.15375,115.0,2024-03-21T22:18:42.155Z,,7479.674796747968,DOGE/USD:DOGE,1711059522155
0.15374,172.0,2024-03-21T22:18:42.876Z,,11187.719526473267,DOGE/USD:DOGE,1711059522876
0.15373,63.0,2024-03-21T22:18:42.876Z,,4098.094061016067,DOGE/USD:DOGE,1711059522876
0.15372,62.0,2024-03-21T22:18:42.883Z,,4033.3073119958367,DOGE/USD:DOGE,1711059522883
0.15371,372.0,2024-03-21T22:18:42.883Z,,24201.41825515581,DOGE/USD:DOGE,1711059522883
0.15369,191.0,2024-03-21T22:18:42.904Z,,12427.614028238662,DOGE/USD:DOGE,1711059522904
0.15368,282.0,2024-03-21T22:18:42.963Z,,18349.817803227485,DOGE/USD:DOGE,1711059522963
0.15367,10.0,2024-03-21T22:18:43.060Z,,650.7451031430988,DOGE/USD:DOGE,1711059523060
0.15367,569.0,2024-03-21T22:18:44.035Z,,37027.396368842325,DOGE/USD:DOGE,1711059524035
0.15367,171.0,2024-03-21T22:18:44.852Z,,11127.74126374699,DOGE/USD:DOGE,1711059524852
0.15368,236.0,2024-03-21T22:18:45.427Z,,15356.585111920875,DOGE/USD:DOGE,1711059525427
0.15369,846.0,2024-03-21T22:18:45.428Z,,55045.87155963303,DOGE/USD:DOGE,1711059525428
0.1537,700.0,2024-03-21T22:18:45.429Z,,45543.26610279766,DOGE/USD:DOGE,1711059525429
0.15371,165.0,2024-03-21T22:18:45.429Z,,10734.500032528787,DOGE/USD:DOGE,1711059525429
0.15371,52.0,2024-03-21T22:18:45.914Z,,3382.9939496454363,DOGE/USD:DOGE,1711059525914
0.15368,273.0,2024-03-21T22:18:45.921Z,,17764.185320145756,DOGE/USD:DOGE,1711059525921
0.15367,306.0,2024-03-21T22:18:45.930Z,,19912.800156178826,DOGE/USD:DOGE,1711059525930
0.15366,223.0,2024-03-21T22:18:45.930Z,,14512.560197839386,DOGE/USD:DOGE,1711059525930
0.15365,166.0,2024-03-21T22:18:45.938Z,,10803.77481288643,DOGE/USD:DOGE,1711059525938
0.15364,64.0,2024-03-21T22:18:45.975Z,,4165.581879718823,DOGE/USD:DOGE,1711059525975
0.15363,33.0,2024-03-21T22:18:46.117Z,,2148.017965241164,DOGE/USD:DOGE,1711059526117
0.15364,179.0,2024-03-21T22:18:46.786Z,,11650.611819838583,DOGE/USD:DOGE,1711059526786
0.15365,2.0,2024-03-21T22:18:47.054Z,,130.16596160104132,DOGE/USD:DOGE,1711059527054
0.15364,81.0,2024-03-21T22:18:47.054Z,,5272.064566519136,DOGE/USD:DOGE,1711059527054
0.15362,11.0,2024-03-21T22:18:47.176Z,,716.0525973180576,DOGE/USD:DOGE,1711059527176
0.15361,1.0,2024-03-21T22:18:47.176Z,,65.09992839007877,DOGE/USD:DOGE,1711059527176
0.1536,1.0,2024-03-21T22:18:47.191Z,,65.10416666666667,DOGE/USD:DOGE,1711059527191
0.15361,396.0,2024-03-21T22:18:47.291Z,,25779.571642471194,DOGE/USD:DOGE,1711059527291
0.15362,99.0,2024-03-21T22:18:47.291Z,,6444.473375862518,DOGE/USD:DOGE,1711059527291
0.15363,124.0,2024-03-21T22:18:47.291Z,,8071.340233027404,DOGE/USD:DOGE,1711059527291
0.15361,178.0,2024-03-21T22:18:49.524Z,,11587.78725343402,DOGE/USD:DOGE,1711059529524
0.15362,310.0,2024-03-21T22:18:49.525Z,,20179.664106236167,DOGE/USD:DOGE,1711059529525
0.15363,656.0,2024-03-21T22:18:49.525Z,,42699.99349085465,DOGE/USD:DOGE,1711059529525
0.15364,650.0,2024-03-21T22:18:49.525Z,,42306.6909658943,DOGE/USD:DOGE,1711059529525
0.15365,2.0,2024-03-21T22:18:49.566Z,,130.16596160104132,DOGE/USD:DOGE,1711059529566
0.15366,175.0,2024-03-21T22:18:49.665Z,,11388.78042431342,DOGE/USD:DOGE,1711059529665
0.15365,303.0,2024-03-21T22:18:50.549Z,,19720.14318255776,DOGE/USD:DOGE,1711059530549
0.15364,62.0,2024-03-21T22:18:50.549Z,,4035.40744597761,DOGE/USD:DOGE,1711059530549
0.15363,71.0,2024-03-21T22:18:50.549Z,,4621.49319794311,DOGE/USD:DOGE,1711059530549
0.15362,72.0,2024-03-21T22:18:50.549Z,,4686.889727900013,DOGE/USD:DOGE,1711059530549
0.15361,9.0,2024-03-21T22:18:50.551Z,,585.8993555107089,DOGE/USD:DOGE,1711059530551
0.1536,130.0,2024-03-21T22:18:50.552Z,,8463.541666666666,DOGE/USD:DOGE,1711059530552
0.15359,251.0,2024-03-21T22:18:50.552Z,,16342.209779282506,DOGE/USD:DOGE,1711059530552
0.15358,1.0,2024-03-21T22:18:50.554Z,,65.11264487563484,DOGE/USD:DOGE,1711059530554
0.15357,158.0,2024-03-21T22:18:50.555Z,,10288.467799700462,DOGE/USD:DOGE,1711059530555
0.15356,19.0,2024-03-21T22:18:50.555Z,,1237.3013805678563,DOGE/USD:DOGE,1711059530555
0.15355,22.0,2024-03-21T22:18:50.557Z,,1432.7580592640834,DOGE/USD:DOGE,1711059530557
0.15354,70.0,2024-03-21T22:18:50.557Z,,4559.072554383222,DOGE/USD:DOGE,1711059530557
0.15361,1.0,2024-03-21T22:18:50.568Z,,65.09992839007877,DOGE/USD:DOGE,1711059530568
0.15357,11.0,2024-03-21T22:18:50.829Z,,716.2857328905385,DOGE/USD:DOGE,1711059530829
0.15358,33.0,2024-03-21T22:18:52.552Z,,2148.71728089595,DOGE/USD:DOGE,1711059532552
0.15358,21.0,2024-03-21T22:18:53.869Z,,1367.3655423883317,DOGE/USD:DOGE,1711059533869
0.15359,110.0,2024-03-21T22:18:54.986Z,,7161.924604466437,DOGE/USD:DOGE,1711059534986
0.15358,84.0,2024-03-21T22:18:54.990Z,,5469.462169553327,DOGE/USD:DOGE,1711059534990
0.15357,1.0,2024-03-21T22:18:56.134Z,,65.11688480823078,DOGE/USD:DOGE,1711059536134
0.15354,1.0,2024-03-21T22:18:56.134Z,,65.12960791976032,DOGE/USD:DOGE,1711059536134
0.15353,11.0,2024-03-21T22:18:56.134Z,,716.4723506806488,DOGE/USD:DOGE,1711059536134
0.15352,109.0,2024-03-21T22:18:56.134Z,,7100.052110474206,DOGE/USD:DOGE,1711059536134
0.15353,71.0,2024-03-21T22:18:56.659Z,,4624.503354393278,DOGE/USD:DOGE,1711059536659
0.15354,111.0,2024-03-21T22:18:59.012Z,,7229.386479093396,DOGE/USD:DOGE,1711059539012
0.15354,68.0,2024-03-21T22:18:59.133Z,,4428.813338543702,DOGE/USD:DOGE,1711059539133
0.15357,23.0,2024-03-21T22:18:59.331Z,,1497.688350589308,DOGE/USD:DOGE,1711059539331
0.15358,275.0,2024-03-21T22:19:02.672Z,,17905.97734079958,DOGE/USD:DOGE,1711059542672
0.15358,25.0,2024-03-21T22:19:03.451Z,,1627.8161218908713,DOGE/USD:DOGE,1711059543451
0.15359,11.0,2024-03-21T22:19:03.452Z,,716.1924604466436,DOGE/USD:DOGE,1711059543452
0.1536,20.0,2024-03-21T22:19:03.459Z,,1302.0833333333333,DOGE/USD:DOGE,1711059543459
0.15359,129.0,2024-03-21T22:19:04.016Z,,8398.984308874276,DOGE/USD:DOGE,1711059544016
0.1536,143.0,2024-03-21T22:19:04.018Z,,9309.895833333334,DOGE/USD:DOGE,1711059544018
0.15361,27.0,2024-03-21T22:19:04.018Z,,1757.6980665321269,DOGE/USD:DOGE,1711059544018
0.15362,986.0,2024-03-21T22:19:04.018Z,,64184.350995964065,DOGE/USD:DOGE,1711059544018
0.15363,18.0,2024-03-21T22:19:04.043Z,,1171.6461628588165,DOGE/USD:DOGE,1711059544043
0.15364,2.0,2024-03-21T22:19:04.066Z,,130.17443374121322,DOGE/USD:DOGE,1711059544066
0.15365,61.0,2024-03-21T22:19:05.128Z,,3970.0618288317605,DOGE/USD:DOGE,1711059545128
0.15366,61.0,2024-03-21T22:19:05.128Z,,3969.803462189249,DOGE/USD:DOGE,1711059545128
0.15367,72.0,2024-03-21T22:19:05.128Z,,4685.364742630311,DOGE/USD:DOGE,1711059545128
0.15368,156.0,2024-03-21T22:19:05.128Z,,10150.96304008329,DOGE/USD:DOGE,1711059545128
0.15369,498.0,2024-03-21T22:19:05.128Z,,32402.88893226625,DOGE/USD:DOGE,1711059545128
0.1537,258.0,2024-03-21T22:19:05.129Z,,16785.94664931685,DOGE/USD:DOGE,1711059545129
0.15367,62.0,2024-03-21T22:19:06.026Z,,4034.6196394872127,DOGE/USD:DOGE,1711059546026
0.15369,22.0,2024-03-21T22:19:06.202Z,,1431.4529247185894,DOGE/USD:DOGE,1711059546202
0.1537,129.0,2024-03-21T22:19:06.251Z,,8392.973324658426,DOGE/USD:DOGE,1711059546251
0.1537,232.0,2024-03-21T22:19:06.739Z,,15094.33962264151,DOGE/USD:DOGE,1711059546739
0.15369,59.0,2024-03-21T22:19:06.739Z,,3838.896479927126,DOGE/USD:DOGE,1711059546739
0.15368,66.0,2024-03-21T22:19:06.739Z,,4294.638209266007,DOGE/USD:DOGE,1711059546739
0.15367,219.0,2024-03-21T22:19:06.739Z,,14251.317758833864,DOGE/USD:DOGE,1711059546739
0.15366,256.0,2024-03-21T22:19:06.739Z,,16660.15879213849,DOGE/USD:DOGE,1711059546739
0.15365,168.0,2024-03-21T22:19:06.739Z,,10933.940774487472,DOGE/USD:DOGE,1711059546739
0.15367,2.0,2024-03-21T22:19:06.771Z,,130.14902062861978,DOGE/USD:DOGE,1711059546771
0.15366,63.0,2024-03-21T22:19:06.771Z,,4099.960952752831,DOGE/USD:DOGE,1711059546771
0.15365,2.0,2024-03-21T22:19:06.772Z,,130.16596160104132,DOGE/USD:DOGE,1711059546772
0.15364,13.0,2024-03-21T22:19:06.772Z,,846.1338193178859,DOGE/USD:DOGE,1711059546772
0.15363,563.0,2024-03-21T22:19:06.859Z,,36646.4883160841,DOGE/USD:DOGE,1711059546859
0.15362,150.0,2024-03-21T22:19:06.927Z,,9764.353599791693,DOGE/USD:DOGE,1711059546927
0.15362,607.0,2024-03-21T22:19:07.029Z,,39513.08423382372,DOGE/USD:DOGE,1711059547029
0.15361,1.0,2024-03-21T22:19:07.124Z,,65.09992839007877,DOGE/USD:DOGE,1711059547124
0.15359,9.0,2024-03-21T22:19:07.290Z,,585.9756494563449,DOGE/USD:DOGE,1711059547290
0.15358,19.0,2024-03-21T22:19:07.368Z,,1237.140252637062,DOGE/USD:DOGE,1711059547368
0.15357,1.0,2024-03-21T22:19:07.368Z,,65.11688480823078,DOGE/USD:DOGE,1711059547368
0.15356,152.0,2024-03-21T22:19:07.368Z,,9898.41104454285,DOGE/USD:DOGE,1711059547368
0.15357,14.0,2024-03-21T22:19:08.061Z,,911.6363873152309,DOGE/USD:DOGE,1711059548061
0.15357,184.0,2024-03-21T22:19:09.761Z,,11981.506804714463,DOGE/USD:DOGE,1711059549761
0.15355,1.0,2024-03-21T22:19:09.775Z,,65.12536633018561,DOGE/USD:DOGE,1711059549775
0.15354,2.0,2024-03-21T22:19:10.123Z,,130.25921583952064,DOGE/USD:DOGE,1711059550123
0.15353,22.0,2024-03-21T22:19:10.760Z,,1432.9447013612976,DOGE/USD:DOGE,1711059550760
0.15353,67.0,2024-03-21T22:19:12.389Z,,4363.96795414577,DOGE/USD:DOGE,1711059552389
0.15352,12.0,2024-03-21T22:19:13.433Z,,781.657113079729,DOGE/USD:DOGE,1711059553433
0.15351,680.0,2024-03-21T22:19:13.433Z,,44296.78848283499,DOGE/USD:DOGE,1711059553433
0.1535,8.0,2024-03-21T22:19:13.435Z,,521.1726384364821,DOGE/USD:DOGE,1711059553435
0.15353,20.0,2024-03-21T22:19:14.553Z,,1302.6770012375432,DOGE/USD:DOGE,1711059554553
0.15349,8.0,2024-03-21T22:19:16.923Z,,521.2065932634048,DOGE/USD:DOGE,1711059556923
0.15348,2.0,2024-03-21T22:19:16.923Z,,130.31013812874642,DOGE/USD:DOGE,1711059556923
0.15347,1.0,2024-03-21T22:19:16.923Z,,65.15931452401121,DOGE/USD:DOGE,1711059556923
0.15346,35.0,2024-03-21T22:19:16.923Z,,2280.724618793171,DOGE/USD:DOGE,1711059556923
0.15347,76.0,2024-03-21T22:19:18.146Z,,4952.107903824852,DOGE/USD:DOGE,1711059558146
0.15348,9.0,2024-03-21T22:19:18.155Z,,586.3956215793589,DOGE/USD:DOGE,1711059558155
0.1535,51.0,2024-03-21T22:19:19.570Z,,3322.475570032573,DOGE/USD:DOGE,1711059559570
0.15351,1.0,2024-03-21T22:19:21.355Z,,65.14233600416911,DOGE/USD:DOGE,1711059561355
0.1535,100.0,2024-03-21T22:19:21.355Z,,6514.657980456026,DOGE/USD:DOGE,1711059561355
0.15349,24.0,2024-03-21T22:19:23.305Z,,1563.6197797902144,DOGE/USD:DOGE,1711059563305
0.15349,26.0,2024-03-21T22:19:23.407Z,,1693.9214281060656,DOGE/USD:DOGE,1711059563407
0.15351,21.0,2024-03-21T22:19:23.417Z,,1367.9890560875513,DOGE/USD:DOGE,1711059563417
0.15351,56.0,2024-03-21T22:19:24.519Z,,3647.97081623347,DOGE/USD:DOGE,1711059564519
0.15348,1.0,2024-03-21T22:19:24.916Z,,65.15506906437321,DOGE/USD:DOGE,1711059564916
0.15347,1.0,2024-03-21T22:19:24.920Z,,65.15931452401121,DOGE/USD:DOGE,1711059564920
0.15346,95.0,2024-03-21T22:19:24.920Z,,6190.538251010035,DOGE/USD:DOGE,1711059564920
0.15349,7.0,2024-03-21T22:19:27.225Z,,456.05576910547916,DOGE/USD:DOGE,1711059567225
0.1535,2.0,2024-03-21T22:19:27.273Z,,130.29315960912052,DOGE/USD:DOGE,1711059567273
0.15351,32.0,2024-03-21T22:19:27.275Z,,2084.5547521334115,DOGE/USD:DOGE,1711059567275
0.15351,198.0,2024-03-21T22:19:29.828Z,,12898.182528825484,DOGE/USD:DOGE,1711059569828
0.15349,81.0,2024-03-21T22:19:29.843Z,,5277.216756791973,DOGE/USD:DOGE,1711059569843
0.15348,13.0,2024-03-21T22:19:29.866Z,,847.0158978368518,DOGE/USD:DOGE,1711059569866
0.15347,20.0,2024-03-21T22:19:29.866Z,,1303.1862904802242,DOGE/USD:DOGE,1711059569866
0.15345,91.0,2024-03-21T22:19:30.043Z,,5930.270446399479,DOGE/USD:DOGE,1711059570043
0.15346,965.0,2024-03-21T22:19:30.174Z,,62882.83591815457,DOGE/USD:DOGE,1711059570174
0.1535,2.0,2024-03-21T22:19:34.529Z,,130.29315960912052,DOGE/USD:DOGE,1711059574529
0.1535,171.0,2024-03-21T22:19:36.040Z,,11140.065146579804,DOGE/USD:DOGE,1711059576040
0.15347,2.0,2024-03-21T22:19:36.547Z,,130.31862904802242,DOGE/USD:DOGE,1711059576547
0.15346,68.0,2024-03-21T22:19:36.547Z,,4431.122116512446,DOGE/USD:DOGE,1711059576547
0.15348,96.0,2024-03-21T22:19:38.474Z,,6254.886630179828,DOGE/USD:DOGE,1711059578474
0.15348,9.0,2024-03-21T22:19:40.665Z,,586.3956215793589,DOGE/USD:DOGE,1711059580665
0.1535,28.0,2024-03-21T22:19:41.192Z,,1824.1042345276874,DOGE/USD:DOGE,1711059581192
0.15351,69.0,2024-03-21T22:19:43.122Z,,4494.821184287669,DOGE/USD:DOGE,1711059583122
0.15352,2.0,2024-03-21T22:19:43.123Z,,130.27618551328817,DOGE/USD:DOGE,1711059583123
0.15353,157.0,2024-03-21T22:19:43.125Z,,10226.014459714714,DOGE/USD:DOGE,1711059583125
0.15351,388.0,2024-03-21T22:19:48.267Z,,25275.226369617616,DOGE/USD:DOGE,1711059588267
0.1535,495.0,2024-03-21T22:19:48.267Z,,32247.55700325733,DOGE/USD:DOGE,1711059588267
0.15349,240.0,2024-03-21T22:19:48.267Z,,15636.197797902143,DOGE/USD:DOGE,1711059588267
0.15352,48.0,2024-03-21T22:19:49.271Z,,3126.628452318916,DOGE/USD:DOGE,1711059589271
0.15353,30.0,2024-03-21T22:19:49.602Z,,1954.0155018563148,DOGE/USD:DOGE,1711059589602
0.15354,122.0,2024-03-21T22:19:49.625Z,,7945.81216621076,DOGE/USD:DOGE,1711059589625
0.15355,2.0,2024-03-21T22:19:50.475Z,,130.25073266037123,DOGE/USD:DOGE,1711059590475
0.15356,2.0,2024-03-21T22:19:50.545Z,,130.24225058609014,DOGE/USD:DOGE,1711059590545
0.15357,2.0,2024-03-21T22:19:50.665Z,,130.23376961646156,DOGE/USD:DOGE,1711059590665
0.15358,2.0,2024-03-21T22:19:50.679Z,,130.22528975126968,DOGE/USD:DOGE,1711059590679
0.15359,2.0,2024-03-21T22:19:51.361Z,,130.21681099029885,DOGE/USD:DOGE,1711059591361
0.15359,27.0,2024-03-21T22:19:52.000Z,,1757.9269483690343,DOGE/USD:DOGE,1711059592000
0.15359,109.0,2024-03-21T22:19:52.034Z,,7096.816198971287,DOGE/USD:DOGE,1711059592034
0.1536,11.0,2024-03-21T22:19:52.038Z,,716.1458333333334,DOGE/USD:DOGE,1711059592038
0.15361,11.0,2024-03-21T22:19:52.038Z,,716.0992122908665,DOGE/USD:DOGE,1711059592038
0.15362,96.0,2024-03-21T22:19:52.103Z,,6249.186303866684,DOGE/USD:DOGE,1711059592103
0.15363,30.0,2024-03-21T22:19:53.384Z,,1952.7436047646943,DOGE/USD:DOGE,1711059593384
0.15362,35.0,2024-03-21T22:19:53.496Z,,2278.3491732847287,DOGE/USD:DOGE,1711059593496
0.1536,48.0,2024-03-21T22:19:53.718Z,,3125.0,DOGE/USD:DOGE,1711059593718
0.15359,15.0,2024-03-21T22:19:53.718Z,,976.6260824272414,DOGE/USD:DOGE,1711059593718
0.15364,2.0,2024-03-21T22:19:56.523Z,,130.17443374121322,DOGE/USD:DOGE,1711059596523
0.15365,2.0,2024-03-21T22:19:56.732Z,,130.16596160104132,DOGE/USD:DOGE,1711059596732
0.15366,2.0,2024-03-21T22:19:56.979Z,,130.15749056358194,DOGE/USD:DOGE,1711059596979
0.15367,518.0,2024-03-21T22:19:56.991Z,,33708.59634281252,DOGE/USD:DOGE,1711059596991
0.15368,2.0,2024-03-21T22:19:57.697Z,,130.14055179593961,DOGE/USD:DOGE,1711059597697
0.15369,2.0,2024-03-21T22:19:57.697Z,,130.1320840653263,DOGE/USD:DOGE,1711059597697
0.1537,24.0,2024-03-21T22:19:57.697Z,,1561.4834092387769,DOGE/USD:DOGE,1711059597697
0.15371,36.0,2024-03-21T22:19:58.013Z,,2342.0727343699173,DOGE/USD:DOGE,1711059598013
0.15372,2.0,2024-03-21T22:19:58.367Z,,130.10668748373666,DOGE/USD:DOGE,1711059598367
0.15373,49.0,2024-03-21T22:19:58.372Z,,3187.4064919013854,DOGE/USD:DOGE,1711059598372
0.15374,2.0,2024-03-21T22:19:58.399Z,,130.08976193573565,DOGE/USD:DOGE,1711059598399
0.15375,48.0,2024-03-21T22:19:58.399Z,,3121.951219512195,DOGE/USD:DOGE,1711059598399
0.15373,15.0,2024-03-21T22:20:00.803Z,,975.7366811943017,DOGE/USD:DOGE,1711059600803
0.1537,169.0,2024-03-21T22:20:01.162Z,,10995.44567338972,DOGE/USD:DOGE,1711059601162
0.15368,1.0,2024-03-21T22:20:01.220Z,,65.07027589796981,DOGE/USD:DOGE,1711059601220
0.15367,90.0,2024-03-21T22:20:01.221Z,,5856.70592828789,DOGE/USD:DOGE,1711059601221
0.15366,112.0,2024-03-21T22:20:01.230Z,,7288.819471560589,DOGE/USD:DOGE,1711059601230
0.15365,1.0,2024-03-21T22:20:01.305Z,,65.08298080052066,DOGE/USD:DOGE,1711059601305
0.15364,2.0,2024-03-21T22:20:03.074Z,,130.17443374121322,DOGE/USD:DOGE,1711059603074
0.15363,11.0,2024-03-21T22:20:04.553Z,,716.0059884137213,DOGE/USD:DOGE,1711059604553
0.15362,1.0,2024-03-21T22:20:06.015Z,,65.09569066527796,DOGE/USD:DOGE,1711059606015
0.15361,1.0,2024-03-21T22:20:06.018Z,,65.09992839007877,DOGE/USD:DOGE,1711059606018
0.1536,1.0,2024-03-21T22:20:06.019Z,,65.10416666666667,DOGE/USD:DOGE,1711059606019
0.15359,44.0,2024-03-21T22:20:06.251Z,,2864.7698417865745,DOGE/USD:DOGE,1711059606251
0.15359,89.0,2024-03-21T22:20:06.253Z,,5794.648089068299,DOGE/USD:DOGE,1711059606253
0.1536,153.0,2024-03-21T22:20:06.253Z,,9960.9375,DOGE/USD:DOGE,1711059606253
0.15358,1.0,2024-03-21T22:20:06.257Z,,65.11264487563484,DOGE/USD:DOGE,1711059606257
0.15357,1.0,2024-03-21T22:20:06.257Z,,65.11688480823078,DOGE/USD:DOGE,1711059606257
0.15356,44.0,2024-03-21T22:20:06.408Z,,2865.3295128939826,DOGE/USD:DOGE,1711059606408
0.15357,85.0,2024-03-21T22:20:07.514Z,,5534.935208699616,DOGE/USD:DOGE,1711059607514
0.15355,1.0,2024-03-21T22:20:08.075Z,,65.12536633018561,DOGE/USD:DOGE,1711059608075
0.15354,1.0,2024-03-21T22:20:08.075Z,,65.12960791976032,DOGE/USD:DOGE,1711059608075
0.15359,45.0,2024-03-21T22:20:10.345Z,,2929.8782472817243,DOGE/USD:DOGE,1711059610345
0.1536,45.0,2024-03-21T22:20:10.345Z,,2929.6875,DOGE/USD:DOGE,1711059610345
0.15361,76.0,2024-03-21T22:20:10.345Z,,4947.594557645986,DOGE/USD:DOGE,1711059610345
0.15359,9.0,2024-03-21T22:20:12.343Z,,585.9756494563449,DOGE/USD:DOGE,1711059612343
0.15362,2.0,2024-03-21T22:20:12.680Z,,130.1913813305559,DOGE/USD:DOGE,1711059612680
0.15362,124.0,2024-03-21T22:20:13.195Z,,8071.865642494467,DOGE/USD:DOGE,1711059613195
0.15363,2.0,2024-03-21T22:20:14.123Z,,130.18290698431295,DOGE/USD:DOGE,1711059614123
0.15364,2.0,2024-03-21T22:20:14.124Z,,130.17443374121322,DOGE/USD:DOGE,1711059614124
0.15365,13.0,2024-03-21T22:20:14.127Z,,846.0787504067687,DOGE/USD:DOGE,1711059614127
0.15366,2.0,2024-03-21T22:20:14.471Z,,130.15749056358194,DOGE/USD:DOGE,1711059614471
0.15367,2.0,2024-03-21T22:20:14.473Z,,130.14902062861978,DOGE/USD:DOGE,1711059614473
0.15367,372.0,2024-03-21T22:20:15.069Z,,24207.71783692328,DOGE/USD:DOGE,1711059615069
0.15365,47.0,2024-03-21T22:20:15.071Z,,3058.900097624471,DOGE/USD:DOGE,1711059615071
0.15363,1.0,2024-03-21T22:20:16.622Z,,65.09145349215648,DOGE/USD:DOGE,1711059616622
0.15362,1.0,2024-03-21T22:20:17.786Z,,65.09569066527796,DOGE/USD:DOGE,1711059617786
0.15361,44.0,2024-03-21T22:20:17.801Z,,2864.396849163466,DOGE/USD:DOGE,1711059617801
0.1536,10.0,2024-03-21T22:20:22.110Z,,651.0416666666666,DOGE/USD:DOGE,1711059622110
0.15359,42.0,2024-03-21T22:20:26.742Z,,2734.553030796276,DOGE/USD:DOGE,1711059626742
0.15358,1.0,2024-03-21T22:20:26.744Z,,65.11264487563484,DOGE/USD:DOGE,1711059626744
0.15357,1.0,2024-03-21T22:20:27.868Z,,65.11688480823078,DOGE/USD:DOGE,1711059627868
0.15356,1.0,2024-03-21T22:20:27.879Z,,65.12112529304507,DOGE/USD:DOGE,1711059627879
0.15355,1.0,2024-03-21T22:20:27.919Z,,65.12536633018561,DOGE/USD:DOGE,1711059627919
0.15354,1.0,2024-03-21T22:20:27.920Z,,65.12960791976032,DOGE/USD:DOGE,1711059627920
0.15353,1.0,2024-03-21T22:20:28.156Z,,65.13385006187715,DOGE/USD:DOGE,1711059628156
0.15352,1.0,2024-03-21T22:20:28.163Z,,65.13809275664408,DOGE/USD:DOGE,1711059628163
0.15351,3.0,2024-03-21T22:20:28.491Z,,195.42700801250732,DOGE/USD:DOGE,1711059628491
0.1535,324.0,2024-03-21T22:20:28.495Z,,21107.491856677523,DOGE/USD:DOGE,1711059628495
0.15349,1.0,2024-03-21T22:20:28.808Z,,65.1508241579256,DOGE/USD:DOGE,1711059628808
0.15348,1.0,2024-03-21T22:20:28.810Z,,65.15506906437321,DOGE/USD:DOGE,1711059628810
0.15347,1.0,2024-03-21T22:20:28.820Z,,65.15931452401121,DOGE/USD:DOGE,1711059628820
0.15346,42.0,2024-03-21T22:20:28.887Z,,2736.869542551805,DOGE/USD:DOGE,1711059628887
0.15345,2.0,2024-03-21T22:20:29.253Z,,130.33561420658194,DOGE/USD:DOGE,1711059629253
0.15344,12.0,2024-03-21T22:20:29.253Z,,782.0646506777894,DOGE/USD:DOGE,1711059629253
0.15344,14.0,2024-03-21T22:20:29.960Z,,912.4087591240876,DOGE/USD:DOGE,1711059629960
0.15343,23.0,2024-03-21T22:20:29.960Z,,1499.054943622499,DOGE/USD:DOGE,1711059629960
0.15342,35.0,2024-03-21T22:20:29.977Z,,2281.3192543345067,DOGE/USD:DOGE,1711059629977
0.15342,1.0,2024-03-21T22:20:30.122Z,,65.18055012384305,DOGE/USD:DOGE,1711059630122
0.15342,5.0,2024-03-21T22:20:30.805Z,,325.9027506192152,DOGE/USD:DOGE,1711059630805
0.15342,267.0,2024-03-21T22:20:32.228Z,,17403.206883066094,DOGE/USD:DOGE,1711059632228
0.15344,120.0,2024-03-21T22:20:32.394Z,,7820.646506777894,DOGE/USD:DOGE,1711059632394
0.15345,275.0,2024-03-21T22:20:32.397Z,,17921.14695340502,DOGE/USD:DOGE,1711059632397
0.15346,316.0,2024-03-21T22:20:32.406Z,,20591.685129675487,DOGE/USD:DOGE,1711059632406
0.15347,262.0,2024-03-21T22:20:32.445Z,,17071.740405290937,DOGE/USD:DOGE,1711059632445
0.15348,2.0,2024-03-21T22:20:33.244Z,,130.31013812874642,DOGE/USD:DOGE,1711059633244
0.15349,2.0,2024-03-21T22:20:33.257Z,,130.3016483158512,DOGE/USD:DOGE,1711059633257
0.15349,1.0,2024-03-21T22:20:33.257Z,,65.1508241579256,DOGE/USD:DOGE,1711059633257
0.1535,14.0,2024-03-21T22:20:33.703Z,,912.0521172638437,DOGE/USD:DOGE,1711059633703
0.15351,2.0,2024-03-21T22:20:33.708Z,,130.28467200833822,DOGE/USD:DOGE,1711059633708
0.15352,2.0,2024-03-21T22:20:34.038Z,,130.27618551328817,DOGE/USD:DOGE,1711059634038
0.15353,2.0,2024-03-21T22:20:34.175Z,,130.2677001237543,DOGE/USD:DOGE,1711059634175
0.15354,2.0,2024-03-21T22:20:34.182Z,,130.25921583952064,DOGE/USD:DOGE,1711059634182
0.15355,14.0,2024-03-21T22:20:38.428Z,,911.7551286225985,DOGE/USD:DOGE,1711059638428
0.15356,2.0,2024-03-21T22:20:38.429Z,,130.24225058609014,DOGE/USD:DOGE,1711059638429
0.15357,2.0,2024-03-21T22:20:38.580Z,,130.23376961646156,DOGE/USD:DOGE,1711059638580
0.15358,4.0,2024-03-21T22:20:38.581Z,,260.45057950253937,DOGE/USD:DOGE,1711059638581
0.15359,2.0,2024-03-21T22:20:38.625Z,,130.21681099029885,DOGE/USD:DOGE,1711059638625
0.1536,2.0,2024-03-21T22:20:38.761Z,,130.20833333333334,DOGE/USD:DOGE,1711059638761
0.15361,4.0,2024-03-21T22:20:38.772Z,,260.3997135603151,DOGE/USD:DOGE,1711059638772
0.15361,364.0,2024-03-21T22:20:40.304Z,,23696.373933988674,DOGE/USD:DOGE,1711059640304
0.1536,1.0,2024-03-21T22:20:40.344Z,,65.10416666666667,DOGE/USD:DOGE,1711059640344
0.15359,41.0,2024-03-21T22:20:40.344Z,,2669.4446253011265,DOGE/USD:DOGE,1711059640344
0.1536,57.0,2024-03-21T22:20:41.647Z,,3710.9375,DOGE/USD:DOGE,1711059641647
0.15362,2.0,2024-03-21T22:20:41.973Z,,130.1913813305559,DOGE/USD:DOGE,1711059641973
0.15362,7.0,2024-03-21T22:20:42.619Z,,455.66983465694574,DOGE/USD:DOGE,1711059642619
