price,amount,datetime,cost,type,symbol,timestamp
0.14984,3259.0,2024-03-21T04:12:27.402Z,488.32856,limit,DOGE/USDT,1710994347402
0.14982,226.0,2024-03-21T04:12:30.181Z,33.85932,limit,DOGE/USDT,1710994350181
0.14983,12638.0,2024-03-21T04:12:30.546Z,1893.55154,limit,DOGE/USDT,1710994350546
0.14974,12685.0,2024-03-21T04:12:50.209Z,1899.4519,limit,DOGE/USDT,1710994370209
0.14944,1.0,2024-03-21T04:13:02.417Z,0.14944,limit,DOGE/USDT,1710994382417
0.14944,1.0,2024-03-21T04:13:02.472Z,0.14944,limit,DOGE/USDT,1710994382472
0.14944,1.0,2024-03-21T04:13:02.595Z,0.14944,limit,DOGE/USDT,1710994382595
0.14944,1.0,2024-03-21T04:13:02.648Z,0.14944,limit,DOGE/USDT,1710994382648
0.14944,1.0,2024-03-21T04:13:02.701Z,0.14944,limit,DOGE/USDT,1710994382701
0.14944,1.0,2024-03-21T04:13:02.779Z,0.14944,limit,DOGE/USDT,1710994382779
0.14941,6762.0,2024-03-21T04:13:03.244Z,1010.31042,limit,DOGE/USDT,1710994383244
0.14942,2332.0,2024-03-21T04:13:04.293Z,348.44744,limit,DOGE/USDT,1710994384293
0.14937,9790.0,2024-03-21T04:13:10.191Z,1462.3323,limit,DOGE/USDT,1710994390191
0.14936,8576.0,2024-03-21T04:13:13.311Z,1280.91136,limit,DOGE/USDT,1710994393311
0.14941,6956.0,2024-03-21T04:13:13.929Z,1039.29596,limit,DOGE/USDT,1710994393929
0.14947,2789.0,2024-03-21T04:13:30.587Z,416.87183,limit,DOGE/USDT,1710994410587
0.14941,9782.0,2024-03-21T04:13:34.277Z,1461.52862,limit,DOGE/USDT,1710994414277
0.1495,301.0,2024-03-21T04:13:37.415Z,44.9995,limit,DOGE/USDT,1710994417415
0.14949,8465.0,2024-03-21T04:13:40.208Z,1265.43285,limit,DOGE/USDT,1710994420208
0.14957,5378.0,2024-03-21T04:13:46.341Z,804.38746,limit,DOGE/USDT,1710994426341
0.14956,244.0,2024-03-21T04:13:47.383Z,36.49264,limit,DOGE/USDT,1710994427383
0.14934,425.0,2024-03-21T04:14:07.512Z,63.4695,limit,DOGE/USDT,1710994447512
0.14939,8209.0,2024-03-21T04:14:11.762Z,1226.34251,limit,DOGE/USDT,1710994451762
0.14933,3.0,2024-03-21T04:14:21.517Z,0.44799,limit,DOGE/USDT,1710994461517
0.14932,8573.0,2024-03-21T04:14:26.722Z,1280.12036,limit,DOGE/USDT,1710994466722
0.14921,4.0,2024-03-21T04:14:30.128Z,0.59684,limit,DOGE/USDT,1710994470128
0.14922,14.0,2024-03-21T04:14:39.405Z,2.08908,market,DOGE/USDT,1710994479405
0.14921,5136.0,2024-03-21T04:14:46.175Z,766.34256,limit,DOGE/USDT,1710994486175
0.1493,6250.0,2024-03-21T04:14:46.701Z,933.125,limit,DOGE/USDT,1710994486701
0.14921,10110.0,2024-03-21T04:14:55.187Z,1508.5131,limit,DOGE/USDT,1710994495187
0.14919,6166.0,2024-03-21T04:14:56.181Z,919.90554,limit,DOGE/USDT,1710994496181
0.14919,9101.0,2024-03-21T04:14:56.688Z,1357.77819,limit,DOGE/USDT,1710994496688
0.14936,7915.0,2024-03-21T04:15:05.627Z,1182.1844,limit,DOGE/USDT,1710994505627
0.14959,6529.0,2024-03-21T04:15:07.769Z,976.67311,limit,DOGE/USDT,1710994507769
0.14965,5247.0,2024-03-21T04:15:09.910Z,785.21355,limit,DOGE/USDT,1710994509910
0.14965,2383.0,2024-03-21T04:15:10.932Z,356.61595,limit,DOGE/USDT,1710994510932
0.14971,8381.0,2024-03-21T04:15:29.108Z,1254.71951,limit,DOGE/USDT,1710994529108
0.14958,4877.0,2024-03-21T04:15:38.107Z,729.50166,limit,DOGE/USDT,1710994538107
0.14973,1209.0,2024-03-21T04:15:52.986Z,181.02357,limit,DOGE/USDT,1710994552986
0.14973,5514.0,2024-03-21T04:15:59.818Z,825.61122,limit,DOGE/USDT,1710994559818
0.1497,12930.0,2024-03-21T04:16:04.559Z,1935.621,limit,DOGE/USDT,1710994564559
0.15003,3094.0,2024-03-21T04:16:19.927Z,464.19282,limit,DOGE/USDT,1710994579927
0.14965,14860.0,2024-03-21T04:16:37.313Z,2223.799,limit,DOGE/USDT,1710994597313
0.14965,262.0,2024-03-21T04:16:39.428Z,39.2083,limit,DOGE/USDT,1710994599428
0.14965,2320.0,2024-03-21T04:16:39.955Z,347.188,limit,DOGE/USDT,1710994599955
0.14976,12062.0,2024-03-21T04:16:41.012Z,1806.40512,limit,DOGE/USDT,1710994601012
0.1498,5711.0,2024-03-21T04:16:51.489Z,855.5078,limit,DOGE/USDT,1710994611489
0.14981,4253.0,2024-03-21T04:16:53.596Z,637.14193,limit,DOGE/USDT,1710994613596
0.14989,12229.0,2024-03-21T04:16:54.138Z,1833.00481,limit,DOGE/USDT,1710994614138
0.14989,14149.0,2024-03-21T04:16:55.284Z,2120.79361,limit,DOGE/USDT,1710994615284
0.14989,15743.0,2024-03-21T04:16:59.908Z,2359.71827,limit,DOGE/USDT,1710994619908
0.14989,10335.0,2024-03-21T04:17:00.984Z,1549.11315,limit,DOGE/USDT,1710994620984
0.14988,11906.0,2024-03-21T04:17:01.493Z,1784.47128,limit,DOGE/USDT,1710994621493
0.15006,3.0,2024-03-21T04:17:05.902Z,0.45018,limit,DOGE/USDT,1710994625902
0.15009,1.0,2024-03-21T04:17:05.926Z,0.15009,limit,DOGE/USDT,1710994625926
0.15009,1.0,2024-03-21T04:17:05.960Z,0.15009,limit,DOGE/USDT,1710994625960
0.15009,1.0,2024-03-21T04:17:06.032Z,0.15009,limit,DOGE/USDT,1710994626032
0.15009,1.0,2024-03-21T04:17:06.115Z,0.15009,limit,DOGE/USDT,1710994626115
0.15009,1.0,2024-03-21T04:17:06.164Z,0.15009,limit,DOGE/USDT,1710994626164
0.15009,1.0,2024-03-21T04:17:06.211Z,0.15009,limit,DOGE/USDT,1710994626211
0.15004,7365.0,2024-03-21T04:17:06.379Z,1105.0446,limit,DOGE/USDT,1710994626379
0.14976,20612.0,2024-03-21T04:17:32.158Z,3086.85312,limit,DOGE/USDT,1710994652158
0.14969,5815.0,2024-03-21T04:17:40.539Z,870.44735,limit,DOGE/USDT,1710994660539
0.14981,21212.0,2024-03-21T04:17:48.437Z,3177.76972,limit,DOGE/USDT,1710994668437
0.14988,11970.0,2024-03-21T04:17:50.580Z,1794.0636,limit,DOGE/USDT,1710994670580
0.14987,1341.0,2024-03-21T04:17:53.663Z,200.97567,limit,DOGE/USDT,1710994673663
0.14996,16446.0,2024-03-21T04:18:02.119Z,2466.24216,limit,DOGE/USDT,1710994682119
0.14997,1546.0,2024-03-21T04:18:02.665Z,231.85362,limit,DOGE/USDT,1710994682665
0.14997,6705.0,2024-03-21T04:18:10.595Z,1005.54885,limit,DOGE/USDT,1710994690595
0.14997,12625.0,2024-03-21T04:18:11.616Z,1893.37125,limit,DOGE/USDT,1710994691616
0.15011,643.0,2024-03-21T04:18:29.554Z,96.52073,limit,DOGE/USDT,1710994709554
0.15007,2382.0,2024-03-21T04:18:32.211Z,357.46674,limit,DOGE/USDT,1710994712211
0.15011,11588.0,2024-03-21T04:18:36.906Z,1739.47468,limit,DOGE/USDT,1710994716906
0.15011,367.0,2024-03-21T04:18:45.889Z,55.09037,limit,DOGE/USDT,1710994725889
0.15012,15364.0,2024-03-21T04:18:51.123Z,2306.44368,limit,DOGE/USDT,1710994731123
0.1501,361.0,2024-03-21T04:18:52.720Z,54.1861,limit,DOGE/USDT,1710994732720
0.15011,16610.0,2024-03-21T04:18:56.388Z,2493.3271,limit,DOGE/USDT,1710994736388
0.15011,3148.0,2024-03-21T04:18:57.965Z,472.54628,limit,DOGE/USDT,1710994737965
0.15012,10228.0,2024-03-21T04:18:58.493Z,1535.42736,limit,DOGE/USDT,1710994738493
0.1501,7363.0,2024-03-21T04:19:02.196Z,1105.1863,limit,DOGE/USDT,1710994742196
0.15004,10408.0,2024-03-21T04:19:05.850Z,1561.61632,limit,DOGE/USDT,1710994745850
0.1501,5509.0,2024-03-21T04:19:07.441Z,826.9009,limit,DOGE/USDT,1710994747441
0.1501,8937.0,2024-03-21T04:19:10.206Z,1341.4437,limit,DOGE/USDT,1710994750206
0.15015,4.0,2024-03-21T04:19:11.771Z,0.6006,limit,DOGE/USDT,1710994751771
0.15023,11736.0,2024-03-21T04:19:15.931Z,1763.09928,limit,DOGE/USDT,1710994755931
0.15006,2966.0,2024-03-21T04:19:27.643Z,445.07796,limit,DOGE/USDT,1710994767643
0.15,10496.0,2024-03-21T04:19:36.609Z,1574.4,limit,DOGE/USDT,1710994776609
0.15001,4690.0,2024-03-21T04:19:37.668Z,703.5469,limit,DOGE/USDT,1710994777668
0.14999,7494.0,2024-03-21T04:19:38.185Z,1124.02506,limit,DOGE/USDT,1710994778185
0.14999,4728.0,2024-03-21T04:19:38.715Z,709.15272,limit,DOGE/USDT,1710994778715
0.14992,5328.0,2024-03-21T04:19:41.890Z,798.77376,limit,DOGE/USDT,1710994781890
0.14993,4366.0,2024-03-21T04:19:44.543Z,654.59438,limit,DOGE/USDT,1710994784543
0.14992,1445.0,2024-03-21T04:19:45.182Z,216.6344,limit,DOGE/USDT,1710994785182
0.14991,10713.0,2024-03-21T04:19:48.221Z,1605.98583,limit,DOGE/USDT,1710994788221
0.14989,177.0,2024-03-21T04:19:50.321Z,26.53053,limit,DOGE/USDT,1710994790321
0.14972,3410.0,2024-03-21T04:19:59.241Z,510.5452,limit,DOGE/USDT,1710994799241
0.1496,11482.0,2024-03-21T04:20:07.892Z,1717.7072,limit,DOGE/USDT,1710994807892
0.14968,10258.0,2024-03-21T04:20:29.763Z,1535.41744,limit,DOGE/USDT,1710994829763
0.14959,9613.0,2024-03-21T04:20:34.999Z,1438.00867,limit,DOGE/USDT,1710994834999
0.14965,8029.0,2024-03-21T04:20:37.635Z,1201.53985,limit,DOGE/USDT,1710994837635
0.14964,12593.0,2024-03-21T04:20:38.154Z,1884.41652,limit,DOGE/USDT,1710994838154
0.14992,139.0,2024-03-21T04:20:45.703Z,20.83888,limit,DOGE/USDT,1710994845703
0.14984,10369.0,2024-03-21T04:20:58.887Z,1553.69096,limit,DOGE/USDT,1710994858887
0.1497,6322.0,2024-03-21T04:21:05.248Z,946.4034,limit,DOGE/USDT,1710994865248
0.14971,626.0,2024-03-21T04:21:16.840Z,93.71846,limit,DOGE/USDT,1710994876840
0.14972,10564.0,2024-03-21T04:21:26.874Z,1581.64208,limit,DOGE/USDT,1710994886874
0.14972,10687.0,2024-03-21T04:21:27.909Z,1600.05764,limit,DOGE/USDT,1710994887909
0.14973,5021.0,2024-03-21T04:21:51.058Z,751.79433,limit,DOGE/USDT,1710994911058
0.14991,4050.0,2024-03-21T04:22:13.240Z,607.1355,limit,DOGE/USDT,1710994933240
0.15005,2838.0,2024-03-21T04:22:18.496Z,425.8419,limit,DOGE/USDT,1710994938496
0.15004,5113.0,2024-03-21T04:22:22.724Z,767.15452,limit,DOGE/USDT,1710994942724
0.15005,6937.0,2024-03-21T04:22:24.820Z,1040.89685,limit,DOGE/USDT,1710994944820
0.15003,6406.0,2024-03-21T04:22:25.891Z,961.09218,limit,DOGE/USDT,1710994945891
0.1499,2951.0,2024-03-21T04:22:40.704Z,442.3549,limit,DOGE/USDT,1710994960704
0.15002,8083.0,2024-03-21T04:22:47.529Z,1212.61166,limit,DOGE/USDT,1710994967529
0.15013,2843.0,2024-03-21T04:22:56.458Z,426.81959,limit,DOGE/USDT,1710994976458
0.15013,5717.0,2024-03-21T04:22:57.496Z,858.29321,limit,DOGE/USDT,1710994977496
0.15006,8882.0,2024-03-21T04:23:02.776Z,1332.83292,limit,DOGE/USDT,1710994982776
0.15005,6049.0,2024-03-21T04:23:08.558Z,907.65245,limit,DOGE/USDT,1710994988558
0.15003,653.0,2024-03-21T04:23:09.103Z,97.96959,limit,DOGE/USDT,1710994989103
0.1501,8666.0,2024-03-21T04:23:12.269Z,1300.7666,limit,DOGE/USDT,1710994992269
0.15011,2941.0,2024-03-21T04:23:12.747Z,441.47351,limit,DOGE/USDT,1710994992747
0.1501,3156.0,2024-03-21T04:23:13.804Z,473.7156,limit,DOGE/USDT,1710994993804
0.1502,9795.0,2024-03-21T04:23:20.224Z,1471.209,limit,DOGE/USDT,1710995000224
0.15023,9986.0,2024-03-21T04:23:26.981Z,1500.19678,limit,DOGE/USDT,1710995006981
0.15014,10622.0,2024-03-21T04:23:35.367Z,1594.78708,limit,DOGE/USDT,1710995015367
0.15014,9052.0,2024-03-21T04:23:37.996Z,1359.06728,limit,DOGE/USDT,1710995017996
0.15014,661.0,2024-03-21T04:23:38.596Z,99.24254,limit,DOGE/USDT,1710995018596
0.15016,581.0,2024-03-21T04:23:40.637Z,87.24296,limit,DOGE/USDT,1710995020637
0.15015,5518.0,2024-03-21T04:23:41.146Z,828.5277,limit,DOGE/USDT,1710995021146
0.1502,1661.0,2024-03-21T04:23:50.334Z,249.4822,limit,DOGE/USDT,1710995030334
0.15028,660.0,2024-03-21T04:23:58.763Z,99.1848,limit,DOGE/USDT,1710995038763
0.1502,1499.0,2024-03-21T04:24:01.387Z,225.1498,limit,DOGE/USDT,1710995041387
0.1502,3168.0,2024-03-21T04:24:02.983Z,475.8336,limit,DOGE/USDT,1710995042983
0.15037,6009.0,2024-03-21T04:24:08.810Z,903.57333,limit,DOGE/USDT,1710995048810
0.15038,5148.0,2024-03-21T04:24:13.062Z,774.15624,limit,DOGE/USDT,1710995053062
0.15046,10584.0,2024-03-21T04:24:20.554Z,1592.46864,limit,DOGE/USDT,1710995060554
0.15032,124.0,2024-03-21T04:24:22.144Z,18.63968,limit,DOGE/USDT,1710995062144
0.15074,1.0,2024-03-21T04:24:34.063Z,0.15074,limit,DOGE/USDT,1710995074063
0.15074,1.0,2024-03-21T04:24:34.115Z,0.15074,limit,DOGE/USDT,1710995074115
0.1507,60.0,2024-03-21T04:24:35.190Z,9.042,limit,DOGE/USDT,1710995075190
0.15079,3.0,2024-03-21T04:24:39.696Z,0.45237,limit,DOGE/USDT,1710995079696
0.15081,5968.0,2024-03-21T04:24:44.554Z,900.03408,limit,DOGE/USDT,1710995084554
0.15082,6145.0,2024-03-21T04:24:48.759Z,926.7889,limit,DOGE/USDT,1710995088759
0.15082,10760.0,2024-03-21T04:24:50.363Z,1622.8232,limit,DOGE/USDT,1710995090363
0.15081,1313.0,2024-03-21T04:24:52.994Z,198.01353,limit,DOGE/USDT,1710995092994
0.15084,2565.0,2024-03-21T04:24:57.355Z,386.9046,limit,DOGE/USDT,1710995097355
0.15088,2.0,2024-03-21T04:24:57.362Z,0.30176,limit,DOGE/USDT,1710995097362
0.15094,1.0,2024-03-21T04:24:57.386Z,0.15094,limit,DOGE/USDT,1710995097386
0.15089,1539.0,2024-03-21T04:25:03.746Z,232.21971,limit,DOGE/USDT,1710995103746
0.15088,8593.0,2024-03-21T04:25:07.952Z,1296.51184,limit,DOGE/USDT,1710995107952
0.15088,1908.0,2024-03-21T04:25:10.204Z,287.87904,limit,DOGE/USDT,1710995110204
0.15098,2441.0,2024-03-21T04:25:16.947Z,368.54218,limit,DOGE/USDT,1710995116947
0.15097,10177.0,2024-03-21T04:25:19.088Z,1536.42169,limit,DOGE/USDT,1710995119088
0.15092,546.0,2024-03-21T04:25:22.255Z,82.40232,limit,DOGE/USDT,1710995122255
0.15098,1626.0,2024-03-21T04:25:26.952Z,245.49348,limit,DOGE/USDT,1710995126952
0.15081,6057.0,2024-03-21T04:25:33.277Z,913.45617,limit,DOGE/USDT,1710995133277
0.15083,174.0,2024-03-21T04:25:39.118Z,26.24442,limit,DOGE/USDT,1710995139118
0.15068,7815.0,2024-03-21T04:25:52.292Z,1177.5642,limit,DOGE/USDT,1710995152292
0.15067,5893.0,2024-03-21T04:25:52.770Z,887.89831,limit,DOGE/USDT,1710995152770
0.15082,12122.0,2024-03-21T04:26:03.822Z,1828.24004,limit,DOGE/USDT,1710995163822
0.15097,5087.0,2024-03-21T04:26:13.828Z,767.98439,limit,DOGE/USDT,1710995173828
0.1509,11274.0,2024-03-21T04:26:16.994Z,1701.2466,limit,DOGE/USDT,1710995176994
0.15078,11311.0,2024-03-21T04:26:21.724Z,1705.47258,limit,DOGE/USDT,1710995181724
0.15079,7289.0,2024-03-21T04:26:22.772Z,1099.10831,limit,DOGE/USDT,1710995182772
0.15078,4027.0,2024-03-21T04:26:28.645Z,607.19106,limit,DOGE/USDT,1710995188645
0.15078,6968.0,2024-03-21T04:26:35.981Z,1050.63504,limit,DOGE/USDT,1710995195981
0.15072,3450.0,2024-03-21T04:26:41.747Z,519.984,limit,DOGE/USDT,1710995201747
0.15074,12557.0,2024-03-21T04:26:49.841Z,1892.84218,limit,DOGE/USDT,1710995209841
0.15064,12727.0,2024-03-21T04:26:57.209Z,1917.19528,limit,DOGE/USDT,1710995217209
0.15064,13403.0,2024-03-21T04:26:59.300Z,2019.02792,limit,DOGE/USDT,1710995219300
0.15057,10163.0,2024-03-21T04:27:10.334Z,1530.24291,limit,DOGE/USDT,1710995230334
0.15032,8020.0,2024-03-21T04:27:13.529Z,1205.5664,limit,DOGE/USDT,1710995233529
0.15038,11098.0,2024-03-21T04:27:19.882Z,1668.91724,limit,DOGE/USDT,1710995239882
0.15039,5481.0,2024-03-21T04:27:25.670Z,824.28759,limit,DOGE/USDT,1710995245670
0.15039,7916.0,2024-03-21T04:27:27.217Z,1190.48724,limit,DOGE/USDT,1710995247217
0.15038,5015.0,2024-03-21T04:27:27.900Z,754.1557,limit,DOGE/USDT,1710995247900
0.15037,11267.0,2024-03-21T04:27:33.012Z,1694.21879,limit,DOGE/USDT,1710995253012
0.15046,7436.0,2024-03-21T04:27:59.896Z,1118.82056,limit,DOGE/USDT,1710995279896
0.15046,157.0,2024-03-21T04:28:01.035Z,23.62222,limit,DOGE/USDT,1710995281035
0.15055,1866.0,2024-03-21T04:28:05.190Z,280.9263,limit,DOGE/USDT,1710995285190
0.15037,396.0,2024-03-21T04:28:10.944Z,59.54652,limit,DOGE/USDT,1710995290944
0.15042,4008.0,2024-03-21T04:28:14.612Z,602.88336,limit,DOGE/USDT,1710995294612
0.15058,4689.0,2024-03-21T04:28:19.852Z,706.06962,limit,DOGE/USDT,1710995299852
0.15057,830.0,2024-03-21T04:28:21.605Z,124.9731,market,DOGE/USDT,1710995301605
0.15057,6768.0,2024-03-21T04:28:22.486Z,1019.05776,limit,DOGE/USDT,1710995302486
0.15057,5748.0,2024-03-21T04:28:24.068Z,865.47636,limit,DOGE/USDT,1710995304068
0.15068,3880.0,2024-03-21T04:28:36.148Z,584.6384,limit,DOGE/USDT,1710995316148
0.15072,2413.0,2024-03-21T04:28:38.261Z,363.68736,limit,DOGE/USDT,1710995318261
0.15069,1076.0,2024-03-21T04:28:42.461Z,162.14244,limit,DOGE/USDT,1710995322461
0.15069,8570.0,2024-03-21T04:28:42.981Z,1291.4133,limit,DOGE/USDT,1710995322981
0.15068,4477.0,2024-03-21T04:28:44.104Z,674.59436,limit,DOGE/USDT,1710995324104
0.1506,7457.0,2024-03-21T04:28:46.169Z,1123.0242,limit,DOGE/USDT,1710995326169
0.15059,8021.0,2024-03-21T04:28:48.795Z,1207.88239,limit,DOGE/USDT,1710995328795
0.15059,8621.0,2024-03-21T04:29:07.715Z,1298.23639,limit,DOGE/USDT,1710995347715
0.15046,9155.0,2024-03-21T04:29:22.440Z,1377.4613,limit,DOGE/USDT,1710995362440
0.15046,4732.0,2024-03-21T04:29:34.024Z,711.97672,limit,DOGE/USDT,1710995374024
0.15045,2021.0,2024-03-21T04:29:36.643Z,304.05945,limit,DOGE/USDT,1710995376643
0.15045,194.0,2024-03-21T04:29:41.366Z,29.1873,limit,DOGE/USDT,1710995381366
0.15031,2529.0,2024-03-21T04:29:57.747Z,380.13399,limit,DOGE/USDT,1710995397747
0.15031,326.0,2024-03-21T04:30:02.566Z,49.00106,limit,DOGE/USDT,1710995402566
0.15047,7176.0,2024-03-21T04:30:05.732Z,1079.77272,limit,DOGE/USDT,1710995405732
0.15046,8953.0,2024-03-21T04:30:09.429Z,1347.06838,limit,DOGE/USDT,1710995409429
0.15059,66.0,2024-03-21T04:30:22.912Z,9.93894,limit,DOGE/USDT,1710995422912
0.1506,3546.0,2024-03-21T04:30:33.192Z,534.0276,limit,DOGE/USDT,1710995433192
0.15054,346.0,2024-03-21T04:30:39.609Z,52.08684,limit,DOGE/USDT,1710995439609
0.15038,3776.0,2024-03-21T04:31:02.352Z,567.83488,limit,DOGE/USDT,1710995462352
0.15038,280.0,2024-03-21T04:31:07.071Z,42.1064,limit,DOGE/USDT,1710995467071
0.15038,2637.0,2024-03-21T04:31:08.159Z,396.55206,limit,DOGE/USDT,1710995468159
0.15038,7501.0,2024-03-21T04:31:11.285Z,1128.00038,limit,DOGE/USDT,1710995471285
0.15035,8087.0,2024-03-21T04:31:30.262Z,1215.88045,limit,DOGE/USDT,1710995490262
0.15034,1320.0,2024-03-21T04:31:37.040Z,198.4488,limit,DOGE/USDT,1710995497040
0.15047,7711.0,2024-03-21T04:31:47.562Z,1160.27417,limit,DOGE/USDT,1710995507562
0.15046,3789.0,2024-03-21T04:31:50.740Z,570.09294,limit,DOGE/USDT,1710995510740
0.15057,128.0,2024-03-21T04:32:04.959Z,19.27296,limit,DOGE/USDT,1710995524959
0.15045,5881.0,2024-03-21T04:32:16.536Z,884.79645,limit,DOGE/USDT,1710995536536
0.15042,507.0,2024-03-21T04:32:35.393Z,76.26294,limit,DOGE/USDT,1710995555393
0.15046,7397.0,2024-03-21T04:32:42.248Z,1112.95262,limit,DOGE/USDT,1710995562248
0.15051,2490.0,2024-03-21T04:32:45.409Z,374.7699,limit,DOGE/USDT,1710995565409
0.15051,1843.0,2024-03-21T04:32:47.139Z,277.38993,limit,DOGE/USDT,1710995567139
0.15051,2928.0,2024-03-21T04:32:49.297Z,440.69328,limit,DOGE/USDT,1710995569297
0.15051,3435.0,2024-03-21T04:32:50.845Z,517.00185,limit,DOGE/USDT,1710995570845
0.15059,8157.0,2024-03-21T04:32:53.511Z,1228.36263,limit,DOGE/USDT,1710995573511
0.15044,1633.0,2024-03-21T04:33:12.954Z,245.66852,limit,DOGE/USDT,1710995592954
0.15053,2756.0,2024-03-21T04:33:22.981Z,414.86068,limit,DOGE/USDT,1710995602981
0.15055,2857.0,2024-03-21T04:33:27.698Z,430.12135,limit,DOGE/USDT,1710995607698
0.15055,5420.0,2024-03-21T04:33:29.279Z,815.981,limit,DOGE/USDT,1710995609279
0.15054,5165.0,2024-03-21T04:33:33.519Z,777.5391,limit,DOGE/USDT,1710995613519
0.15053,14.0,2024-03-21T04:33:34.912Z,2.10742,market,DOGE/USDT,1710995614912
0.15054,3957.0,2024-03-21T04:33:35.556Z,595.68678,limit,DOGE/USDT,1710995615556
0.15042,4784.0,2024-03-21T04:33:40.888Z,719.60928,limit,DOGE/USDT,1710995620888
0.15044,277.0,2024-03-21T04:33:41.914Z,41.67188,limit,DOGE/USDT,1710995621914
0.15042,305.0,2024-03-21T04:33:42.455Z,45.8781,limit,DOGE/USDT,1710995622455
0.15044,6740.0,2024-03-21T04:33:43.506Z,1013.9656,limit,DOGE/USDT,1710995623506
0.15036,3047.0,2024-03-21T04:33:48.844Z,458.14692,limit,DOGE/USDT,1710995628844
0.15032,2557.0,2024-03-21T04:33:53.033Z,384.36824,limit,DOGE/USDT,1710995633033
0.15034,2914.0,2024-03-21T04:34:04.659Z,438.09076,limit,DOGE/USDT,1710995644659
0.1503,3700.0,2024-03-21T04:34:06.252Z,556.11,limit,DOGE/USDT,1710995646252
0.1503,5446.0,2024-03-21T04:34:07.778Z,818.5338,limit,DOGE/USDT,1710995647778
0.15037,7586.0,2024-03-21T04:34:13.568Z,1140.70682,limit,DOGE/USDT,1710995653568
0.15035,604.0,2024-03-21T04:34:27.775Z,90.8114,limit,DOGE/USDT,1710995667775
0.15034,4821.0,2024-03-21T04:34:37.231Z,724.78914,limit,DOGE/USDT,1710995677231
0.15036,1384.0,2024-03-21T04:34:43.590Z,208.09824,limit,DOGE/USDT,1710995683590
0.15034,6037.0,2024-03-21T04:34:45.207Z,907.60258,limit,DOGE/USDT,1710995685207
0.15037,7260.0,2024-03-21T04:34:52.749Z,1091.6862,limit,DOGE/USDT,1710995692749
0.15037,6066.0,2024-03-21T04:34:53.799Z,912.14442,limit,DOGE/USDT,1710995693799
0.15028,7886.0,2024-03-21T04:35:21.543Z,1185.10808,limit,DOGE/USDT,1710995721543
0.15027,5411.0,2024-03-21T04:35:25.250Z,813.11097,limit,DOGE/USDT,1710995725250
0.15009,1.0,2024-03-21T04:35:47.869Z,0.15009,limit,DOGE/USDT,1710995747869
0.15009,1.0,2024-03-21T04:35:47.900Z,0.15009,limit,DOGE/USDT,1710995747900
0.15006,3.0,2024-03-21T04:35:47.937Z,0.45018,limit,DOGE/USDT,1710995747937
0.15001,1.0,2024-03-21T04:35:51.531Z,0.15001,limit,DOGE/USDT,1710995751531
0.14999,31.0,2024-03-21T04:35:51.892Z,4.64969,market,DOGE/USDT,1710995751892
0.14999,4664.0,2024-03-21T04:35:54.198Z,699.55336,limit,DOGE/USDT,1710995754198
0.14999,10434.0,2024-03-21T04:36:05.271Z,1564.99566,limit,DOGE/USDT,1710995765271
0.14999,8374.0,2024-03-21T04:36:06.772Z,1256.01626,limit,DOGE/USDT,1710995766772
0.14999,4484.0,2024-03-21T04:36:07.920Z,672.55516,limit,DOGE/USDT,1710995767920
0.14998,9412.0,2024-03-21T04:36:08.437Z,1411.61176,limit,DOGE/USDT,1710995768437
0.14998,9039.0,2024-03-21T04:36:09.918Z,1355.66922,limit,DOGE/USDT,1710995769918
0.14988,3862.0,2024-03-21T04:36:12.556Z,578.83656,limit,DOGE/USDT,1710995772556
0.1498,2.0,2024-03-21T04:36:16.445Z,0.2996,limit,DOGE/USDT,1710995776445
0.14972,7653.0,2024-03-21T04:36:18.138Z,1145.80716,limit,DOGE/USDT,1710995778138
0.14972,10099.0,2024-03-21T04:36:23.949Z,1512.02228,limit,DOGE/USDT,1710995783949
0.1495,1527.0,2024-03-21T04:36:41.899Z,228.2865,limit,DOGE/USDT,1710995801899
0.1495,3282.0,2024-03-21T04:36:42.949Z,490.659,limit,DOGE/USDT,1710995802949
0.14944,1.0,2024-03-21T04:36:43.325Z,0.14944,limit,DOGE/USDT,1710995803325
0.14944,1.0,2024-03-21T04:36:43.371Z,0.14944,limit,DOGE/USDT,1710995803371
0.14944,1.0,2024-03-21T04:36:43.411Z,0.14944,limit,DOGE/USDT,1710995803411
0.14944,1.0,2024-03-21T04:36:43.456Z,0.14944,limit,DOGE/USDT,1710995803456
0.14944,1.0,2024-03-21T04:36:43.501Z,0.14944,limit,DOGE/USDT,1710995803501
0.14944,1.0,2024-03-21T04:36:43.541Z,0.14944,limit,DOGE/USDT,1710995803541
0.14933,3.0,2024-03-21T04:36:52.815Z,0.44799,limit,DOGE/USDT,1710995812815
0.14921,5496.0,2024-03-21T04:36:53.017Z,820.05816,limit,DOGE/USDT,1710995813017
0.14921,9583.0,2024-03-21T04:36:55.654Z,1429.87943,limit,DOGE/USDT,1710995815654
0.14928,11009.0,2024-03-21T04:36:58.926Z,1643.42352,limit,DOGE/USDT,1710995818926
0.14929,2834.0,2024-03-21T04:37:01.492Z,423.08786,limit,DOGE/USDT,1710995821492
0.14928,1162.0,2024-03-21T04:37:02.028Z,173.46336,limit,DOGE/USDT,1710995822028
0.1493,16488.0,2024-03-21T04:37:06.231Z,2461.6584,limit,DOGE/USDT,1710995826231
0.1493,3577.0,2024-03-21T04:37:06.739Z,534.0461,limit,DOGE/USDT,1710995826739
0.14921,4.0,2024-03-21T04:37:07.931Z,0.59684,limit,DOGE/USDT,1710995827931
0.14933,12365.0,2024-03-21T04:37:14.619Z,1846.46545,limit,DOGE/USDT,1710995834619
0.14932,12132.0,2024-03-21T04:37:21.518Z,1811.55024,limit,DOGE/USDT,1710995841518
0.14956,8445.0,2024-03-21T04:37:36.803Z,1263.0342,limit,DOGE/USDT,1710995856803
0.14969,4559.0,2024-03-21T04:37:43.197Z,682.43671,limit,DOGE/USDT,1710995863197
0.14968,7092.0,2024-03-21T04:37:44.775Z,1061.53056,limit,DOGE/USDT,1710995864775
0.14968,15844.0,2024-03-21T04:37:46.885Z,2371.52992,limit,DOGE/USDT,1710995866885
0.14968,11343.0,2024-03-21T04:37:49.504Z,1697.82024,limit,DOGE/USDT,1710995869504
0.14961,10064.0,2024-03-21T04:38:03.311Z,1505.67504,limit,DOGE/USDT,1710995883311
0.14938,9763.0,2024-03-21T04:38:38.775Z,1458.39694,limit,DOGE/USDT,1710995918775
0.14947,7710.0,2024-03-21T04:38:46.694Z,1152.4137,limit,DOGE/USDT,1710995926694
0.14945,14128.0,2024-03-21T04:39:02.152Z,2111.4296,limit,DOGE/USDT,1710995942152
0.14945,1471.0,2024-03-21T04:39:03.202Z,219.84095,limit,DOGE/USDT,1710995943202
0.14942,3535.0,2024-03-21T04:39:11.224Z,528.1997,limit,DOGE/USDT,1710995951224
0.14946,8168.0,2024-03-21T04:39:17.519Z,1220.78928,limit,DOGE/USDT,1710995957519
0.14945,12616.0,2024-03-21T04:39:22.253Z,1885.4612,limit,DOGE/USDT,1710995962253
0.14946,15470.0,2024-03-21T04:39:22.784Z,2312.1462,limit,DOGE/USDT,1710995962784
0.14933,10626.0,2024-03-21T04:39:25.414Z,1586.78058,limit,DOGE/USDT,1710995965414
0.14934,14856.0,2024-03-21T04:39:31.220Z,2218.59504,limit,DOGE/USDT,1710995971220
0.1495,11847.0,2024-03-21T04:39:46.554Z,1771.1265,limit,DOGE/USDT,1710995986554
0.14941,2755.0,2024-03-21T04:39:52.389Z,411.62455,limit,DOGE/USDT,1710995992389
0.14942,8416.0,2024-03-21T04:39:54.990Z,1257.51872,limit,DOGE/USDT,1710995994990
0.14933,12604.0,2024-03-21T04:39:57.048Z,1882.15532,limit,DOGE/USDT,1710995997048
0.14936,4600.0,2024-03-21T04:40:07.720Z,687.056,limit,DOGE/USDT,1710996007720
0.14944,2596.0,2024-03-21T04:40:09.311Z,387.94624,limit,DOGE/USDT,1710996009311
0.14944,16202.0,2024-03-21T04:40:09.841Z,2421.22688,limit,DOGE/USDT,1710996009841
0.14944,6493.0,2024-03-21T04:40:11.464Z,970.31392,limit,DOGE/USDT,1710996011464
0.14953,4826.0,2024-03-21T04:40:15.931Z,721.63178,limit,DOGE/USDT,1710996015931
0.14943,17921.0,2024-03-21T04:40:29.693Z,2677.93503,limit,DOGE/USDT,1710996029693
0.14944,15761.0,2024-03-21T04:40:31.275Z,2355.32384,limit,DOGE/USDT,1710996031275
0.14945,413.0,2024-03-21T04:40:33.873Z,61.72285,limit,DOGE/USDT,1710996033873
0.14957,12588.0,2024-03-21T04:40:42.829Z,1882.78716,limit,DOGE/USDT,1710996042829
0.14963,13306.0,2024-03-21T04:40:44.425Z,1990.97678,limit,DOGE/USDT,1710996044425
0.14987,5874.0,2024-03-21T04:40:53.849Z,880.33638,limit,DOGE/USDT,1710996053849
0.14984,18494.0,2024-03-21T04:40:57.118Z,2771.14096,limit,DOGE/USDT,1710996057118
0.14983,12684.0,2024-03-21T04:41:00.678Z,1900.44372,limit,DOGE/USDT,1710996060678
0.14982,8246.0,2024-03-21T04:41:03.905Z,1235.41572,limit,DOGE/USDT,1710996063905
0.14982,4959.0,2024-03-21T04:41:05.512Z,742.95738,limit,DOGE/USDT,1710996065512
0.14983,9409.0,2024-03-21T04:41:09.232Z,1409.75047,limit,DOGE/USDT,1710996069232
0.14983,3996.0,2024-03-21T04:41:22.918Z,598.72068,limit,DOGE/USDT,1710996082918
0.14983,7945.0,2024-03-21T04:41:23.446Z,1190.39935,limit,DOGE/USDT,1710996083446
0.14988,5917.0,2024-03-21T04:41:36.558Z,886.83996,limit,DOGE/USDT,1710996096558
0.14985,2324.0,2024-03-21T04:41:47.600Z,348.2514,limit,DOGE/USDT,1710996107600
0.14974,7302.0,2024-03-21T04:41:52.910Z,1093.40148,limit,DOGE/USDT,1710996112910
0.14982,9907.0,2024-03-21T04:42:01.839Z,1484.26674,limit,DOGE/USDT,1710996121839
0.14987,2693.0,2024-03-21T04:42:08.982Z,403.59991,limit,DOGE/USDT,1710996128982
0.14984,3867.0,2024-03-21T04:42:14.266Z,579.43128,limit,DOGE/USDT,1710996134266
0.14975,5615.0,2024-03-21T04:42:22.138Z,840.84625,limit,DOGE/USDT,1710996142138
0.14973,4422.0,2024-03-21T04:42:31.169Z,662.10606,limit,DOGE/USDT,1710996151169
0.14971,8060.0,2024-03-21T04:42:31.712Z,1206.6626,limit,DOGE/USDT,1710996151712
0.14968,4117.0,2024-03-21T04:42:37.473Z,616.23256,limit,DOGE/USDT,1710996157473
0.14974,1163.0,2024-03-21T04:42:45.513Z,174.14762,limit,DOGE/USDT,1710996165513
0.14974,6886.0,2024-03-21T04:42:49.345Z,1031.10964,limit,DOGE/USDT,1710996169345
0.14987,5830.0,2024-03-21T04:42:57.265Z,873.7421,limit,DOGE/USDT,1710996177265
0.14997,6913.0,2024-03-21T04:43:07.253Z,1036.74261,limit,DOGE/USDT,1710996187253
0.14988,8675.0,2024-03-21T04:43:22.709Z,1300.209,limit,DOGE/USDT,1710996202709
0.14981,2295.0,2024-03-21T04:43:31.079Z,343.81395,limit,DOGE/USDT,1710996211079
0.1498,5622.0,2024-03-21T04:43:32.643Z,842.1756,limit,DOGE/USDT,1710996212643
0.1498,2220.0,2024-03-21T04:43:36.854Z,332.556,limit,DOGE/USDT,1710996216854
0.14995,3633.0,2024-03-21T04:43:48.424Z,544.76835,limit,DOGE/USDT,1710996228424
0.14992,7296.0,2024-03-21T04:43:52.127Z,1093.81632,limit,DOGE/USDT,1710996232127
0.14976,1551.0,2024-03-21T04:44:00.776Z,232.27776,limit,DOGE/USDT,1710996240776
0.14979,9522.0,2024-03-21T04:44:16.021Z,1426.30038,limit,DOGE/USDT,1710996256021
0.14979,1892.0,2024-03-21T04:44:19.163Z,283.40268,limit,DOGE/USDT,1710996259163
0.14972,8154.0,2024-03-21T04:44:23.382Z,1220.81688,limit,DOGE/USDT,1710996263382
0.14978,10714.0,2024-03-21T04:44:24.440Z,1604.74292,limit,DOGE/USDT,1710996264440
0.14979,4676.0,2024-03-21T04:44:31.341Z,700.41804,limit,DOGE/USDT,1710996271341
0.14978,9453.0,2024-03-21T04:44:34.475Z,1415.87034,limit,DOGE/USDT,1710996274475
0.14978,4405.0,2024-03-21T04:44:35.509Z,659.7809,limit,DOGE/USDT,1710996275509
0.14987,4095.0,2024-03-21T04:44:44.496Z,613.71765,limit,DOGE/USDT,1710996284496
0.14988,7161.0,2024-03-21T04:44:46.066Z,1073.29068,limit,DOGE/USDT,1710996286066
0.14988,634.0,2024-03-21T04:44:48.683Z,95.02392,limit,DOGE/USDT,1710996288683
0.14988,1115.0,2024-03-21T04:44:50.783Z,167.1162,limit,DOGE/USDT,1710996290783
0.14981,4308.0,2024-03-21T04:45:10.874Z,645.38148,limit,DOGE/USDT,1710996310874
0.1498,9264.0,2024-03-21T04:45:19.262Z,1387.7472,limit,DOGE/USDT,1710996319262
0.14941,2582.0,2024-03-21T04:45:48.425Z,385.77662,limit,DOGE/USDT,1710996348425
0.14947,7684.0,2024-03-21T04:45:50.538Z,1148.52748,limit,DOGE/USDT,1710996350538
0.14949,6470.0,2024-03-21T04:45:54.720Z,967.2003,limit,DOGE/USDT,1710996354720
0.14949,7434.0,2024-03-21T04:45:56.304Z,1111.30866,limit,DOGE/USDT,1710996356304
0.14949,5168.0,2024-03-21T04:46:02.097Z,772.56432,limit,DOGE/USDT,1710996362097
0.14948,7428.0,2024-03-21T04:46:04.188Z,1110.33744,limit,DOGE/USDT,1710996364188
0.14952,5523.0,2024-03-21T04:46:08.366Z,825.79896,limit,DOGE/USDT,1710996368366
0.14974,8645.0,2024-03-21T04:46:20.491Z,1294.5023,limit,DOGE/USDT,1710996380491
0.14974,2079.0,2024-03-21T04:46:25.252Z,311.30946,limit,DOGE/USDT,1710996385252
0.14993,10402.0,2024-03-21T04:46:32.095Z,1559.57186,limit,DOGE/USDT,1710996392095
0.15,6583.0,2024-03-21T04:46:36.917Z,987.45,limit,DOGE/USDT,1710996396917
0.15,7995.0,2024-03-21T04:46:37.812Z,1199.25,limit,DOGE/USDT,1710996397812
0.15006,3.0,2024-03-21T04:46:38.361Z,0.45018,limit,DOGE/USDT,1710996398361
0.15007,4249.0,2024-03-21T04:46:43.128Z,637.64743,limit,DOGE/USDT,1710996403128
0.15009,1.0,2024-03-21T04:46:45.561Z,0.15009,limit,DOGE/USDT,1710996405561
0.15009,1.0,2024-03-21T04:46:45.720Z,0.15009,limit,DOGE/USDT,1710996405720
0.15009,1.0,2024-03-21T04:46:45.750Z,0.15009,limit,DOGE/USDT,1710996405750
0.15009,1.0,2024-03-21T04:46:45.775Z,0.15009,limit,DOGE/USDT,1710996405775
0.15009,1.0,2024-03-21T04:46:45.806Z,0.15009,limit,DOGE/USDT,1710996405806
0.15009,1.0,2024-03-21T04:46:45.836Z,0.15009,limit,DOGE/USDT,1710996405836
0.15015,4.0,2024-03-21T04:46:45.872Z,0.6006,limit,DOGE/USDT,1710996405872
0.15015,5793.0,2024-03-21T04:46:49.945Z,869.81895,limit,DOGE/USDT,1710996409945
0.15016,1740.0,2024-03-21T04:46:54.670Z,261.2784,limit,DOGE/USDT,1710996414670
0.15015,4061.0,2024-03-21T04:46:55.271Z,609.75915,limit,DOGE/USDT,1710996415271
0.1502,163.0,2024-03-21T04:46:56.853Z,24.4826,limit,DOGE/USDT,1710996416853
0.15023,10572.0,2024-03-21T04:47:05.217Z,1588.23156,limit,DOGE/USDT,1710996425217
0.15031,17.0,2024-03-21T04:47:11.721Z,2.55527,limit,DOGE/USDT,1710996431721
0.15032,10604.0,2024-03-21T04:47:13.736Z,1593.99328,limit,DOGE/USDT,1710996433736
0.15031,9802.0,2024-03-21T04:47:16.886Z,1473.33862,limit,DOGE/USDT,1710996436886
0.15044,7357.0,2024-03-21T04:47:21.076Z,1106.78708,limit,DOGE/USDT,1710996441076
0.15061,11780.0,2024-03-21T04:47:46.361Z,1774.1858,limit,DOGE/USDT,1710996466361
0.15071,3246.0,2024-03-21T04:47:49.551Z,489.20466,limit,DOGE/USDT,1710996469551
0.15071,11161.0,2024-03-21T04:47:59.093Z,1682.07431,limit,DOGE/USDT,1710996479093
0.15065,944.0,2024-03-21T04:48:01.661Z,142.2136,limit,DOGE/USDT,1710996481661
0.15055,4501.0,2024-03-21T04:48:08.557Z,677.62555,limit,DOGE/USDT,1710996488557
0.15054,140.0,2024-03-21T04:48:09.598Z,21.0756,limit,DOGE/USDT,1710996489598
0.15063,2086.0,2024-03-21T04:48:11.184Z,314.21418,limit,DOGE/USDT,1710996491184
0.15062,7965.0,2024-03-21T04:48:13.824Z,1199.6883,limit,DOGE/USDT,1710996493824
0.15054,3750.0,2024-03-21T04:48:20.708Z,564.525,limit,DOGE/USDT,1710996500708
0.15047,2305.0,2024-03-21T04:48:35.189Z,346.83335,limit,DOGE/USDT,1710996515189
0.15047,6488.0,2024-03-21T04:48:39.273Z,976.24936,limit,DOGE/USDT,1710996519273
0.15047,2883.0,2024-03-21T04:48:40.825Z,433.80501,limit,DOGE/USDT,1710996520825
0.1505,4710.0,2024-03-21T04:49:02.845Z,708.855,limit,DOGE/USDT,1710996542845
0.15041,308.0,2024-03-21T04:49:13.897Z,46.32628,limit,DOGE/USDT,1710996553897
0.15038,4621.0,2024-03-21T04:49:28.597Z,694.90598,limit,DOGE/USDT,1710996568597
0.15045,325.0,2024-03-21T04:49:32.312Z,48.89625,limit,DOGE/USDT,1710996572312
0.15045,7902.0,2024-03-21T04:49:40.233Z,1188.8559,limit,DOGE/USDT,1710996580233
0.15046,4064.0,2024-03-21T04:49:43.940Z,611.46944,limit,DOGE/USDT,1710996583940
0.15054,308.0,2024-03-21T04:49:58.186Z,46.36632,limit,DOGE/USDT,1710996598186
0.15054,9338.0,2024-03-21T04:49:59.737Z,1405.74252,limit,DOGE/USDT,1710996599737
0.15048,3595.0,2024-03-21T04:50:04.573Z,540.9756,limit,DOGE/USDT,1710996604573
0.15047,4632.0,2024-03-21T04:50:10.379Z,696.97704,limit,DOGE/USDT,1710996610379
0.15053,6556.0,2024-03-21T04:50:22.530Z,986.87468,limit,DOGE/USDT,1710996622530
0.15042,2402.0,2024-03-21T04:50:34.245Z,361.30884,limit,DOGE/USDT,1710996634245
0.15038,4548.0,2024-03-21T04:50:44.264Z,683.92824,limit,DOGE/USDT,1710996644264
0.15038,2950.0,2024-03-21T04:50:46.890Z,443.621,limit,DOGE/USDT,1710996646890
0.15045,7484.0,2024-03-21T04:50:55.820Z,1125.9678,limit,DOGE/USDT,1710996655820
0.15033,1260.0,2024-03-21T04:51:05.922Z,189.4158,limit,DOGE/USDT,1710996665922
0.15033,5571.0,2024-03-21T04:51:07.384Z,837.48843,limit,DOGE/USDT,1710996667384
0.15028,4463.0,2024-03-21T04:51:11.607Z,670.69964,limit,DOGE/USDT,1710996671607
0.15027,4745.0,2024-03-21T04:51:13.219Z,713.03115,limit,DOGE/USDT,1710996673219
0.15039,2688.0,2024-03-21T04:51:31.092Z,404.24832,limit,DOGE/USDT,1710996691092
0.15038,3909.0,2024-03-21T04:51:31.631Z,587.83542,limit,DOGE/USDT,1710996691631
0.15038,3107.0,2024-03-21T04:51:32.452Z,467.23066,limit,DOGE/USDT,1710996692452
0.15039,6378.0,2024-03-21T04:51:33.216Z,959.18742,limit,DOGE/USDT,1710996693216
0.15047,422.0,2024-03-21T04:51:45.421Z,63.49834,limit,DOGE/USDT,1710996705421
0.15046,5554.0,2024-03-21T04:51:47.418Z,835.65484,limit,DOGE/USDT,1710996707418
0.15045,1736.0,2024-03-21T04:51:53.253Z,261.1812,limit,DOGE/USDT,1710996713253
0.15048,2428.0,2024-03-21T04:51:56.380Z,365.36544,limit,DOGE/USDT,1710996716380
0.15046,5657.0,2024-03-21T04:51:59.053Z,851.15222,limit,DOGE/USDT,1710996719053
0.15047,2052.0,2024-03-21T04:52:03.272Z,308.76444,limit,DOGE/USDT,1710996723272
0.15041,1404.0,2024-03-21T04:52:14.881Z,211.17564,limit,DOGE/USDT,1710996734881
0.15031,2752.0,2024-03-21T04:52:29.255Z,413.65312,limit,DOGE/USDT,1710996749255
0.15031,2655.0,2024-03-21T04:52:35.038Z,399.07305,limit,DOGE/USDT,1710996755038
0.15028,1027.0,2024-03-21T04:52:38.237Z,154.33756,limit,DOGE/USDT,1710996758237
0.15037,8893.0,2024-03-21T04:52:55.552Z,1337.24041,limit,DOGE/USDT,1710996775552
0.15038,3280.0,2024-03-21T04:53:02.447Z,493.2464,limit,DOGE/USDT,1710996782447
0.15038,5208.0,2024-03-21T04:53:06.182Z,783.17904,limit,DOGE/USDT,1710996786182
0.15026,5026.0,2024-03-21T04:53:15.208Z,755.20676,limit,DOGE/USDT,1710996795208
0.15039,680.0,2024-03-21T04:53:29.048Z,102.2652,limit,DOGE/USDT,1710996809048
0.15047,4596.0,2024-03-21T04:53:43.931Z,691.56012,limit,DOGE/USDT,1710996823931
0.15047,1320.0,2024-03-21T04:53:44.833Z,198.6204,limit,DOGE/USDT,1710996824833
0.15047,3450.0,2024-03-21T04:53:48.486Z,519.1215,limit,DOGE/USDT,1710996828486
0.15054,5132.0,2024-03-21T04:53:49.044Z,772.57128,limit,DOGE/USDT,1710996829044
0.15055,842.0,2024-03-21T04:53:52.729Z,126.7631,limit,DOGE/USDT,1710996832729
0.15053,5239.0,2024-03-21T04:53:55.411Z,788.62667,limit,DOGE/USDT,1710996835411
0.15055,2600.0,2024-03-21T04:53:59.106Z,391.43,limit,DOGE/USDT,1710996839106
0.15054,7754.0,2024-03-21T04:54:19.324Z,1167.28716,limit,DOGE/USDT,1710996859324
0.15053,7356.0,2024-03-21T04:54:27.711Z,1107.29868,limit,DOGE/USDT,1710996867711
0.1507,6776.0,2024-03-21T04:54:38.892Z,1021.1432,limit,DOGE/USDT,1710996878892
0.15071,7968.0,2024-03-21T04:54:39.971Z,1200.85728,limit,DOGE/USDT,1710996879971
0.15074,1.0,2024-03-21T04:54:41.234Z,0.15074,limit,DOGE/USDT,1710996881234
0.15074,1.0,2024-03-21T04:54:41.277Z,0.15074,limit,DOGE/USDT,1710996881277
0.15076,5935.0,2024-03-21T04:54:42.099Z,894.7606,limit,DOGE/USDT,1710996882099
0.15077,5907.0,2024-03-21T04:55:00.150Z,890.59839,limit,DOGE/USDT,1710996900150
0.15066,4910.0,2024-03-21T04:55:03.732Z,739.7406,limit,DOGE/USDT,1710996903732
0.15009,1.0,2024-03-21T04:55:04.412Z,0.15009,limit,DOGE/USDT,1710996904412
0.15009,1.0,2024-03-21T04:55:04.456Z,0.15009,limit,DOGE/USDT,1710996904456
0.15029,627.0,2024-03-21T04:55:16.841Z,94.23183,limit,DOGE/USDT,1710996916841
0.1502,1985.0,2024-03-21T04:55:18.943Z,298.147,limit,DOGE/USDT,1710996918943
0.15019,1122.0,2024-03-21T04:55:24.208Z,168.51318,limit,DOGE/USDT,1710996924208
0.15019,7963.0,2024-03-21T04:55:25.248Z,1195.96297,limit,DOGE/USDT,1710996925248
0.15027,3940.0,2024-03-21T04:55:41.059Z,592.0638,limit,DOGE/USDT,1710996941059
0.15028,4952.0,2024-03-21T04:55:42.642Z,744.18656,limit,DOGE/USDT,1710996942642
0.15049,6422.0,2024-03-21T04:55:53.794Z,966.44678,limit,DOGE/USDT,1710996953794
0.15044,3859.0,2024-03-21T04:55:58.009Z,580.54796,limit,DOGE/USDT,1710996958009
0.15043,2682.0,2024-03-21T04:56:02.436Z,403.45326,limit,DOGE/USDT,1710996962436
0.15024,5110.0,2024-03-21T04:56:10.893Z,767.7264,limit,DOGE/USDT,1710996970893
0.15023,4425.0,2024-03-21T04:56:14.040Z,664.76775,limit,DOGE/USDT,1710996974040
0.15022,7066.0,2024-03-21T04:56:15.580Z,1061.45452,limit,DOGE/USDT,1710996975580
0.15023,5238.0,2024-03-21T04:56:17.167Z,786.90474,limit,DOGE/USDT,1710996977167
0.14998,7605.0,2024-03-21T04:56:36.650Z,1140.5979,limit,DOGE/USDT,1710996996650
0.14994,3220.0,2024-03-21T04:56:57.179Z,482.8068,limit,DOGE/USDT,1710997017179
0.14987,10037.0,2024-03-21T04:57:07.231Z,1504.24519,limit,DOGE/USDT,1710997027231
0.14977,9891.0,2024-03-21T04:57:09.287Z,1481.37507,limit,DOGE/USDT,1710997029287
0.14971,4142.0,2024-03-21T04:57:11.410Z,620.09882,limit,DOGE/USDT,1710997031410
0.14977,10815.0,2024-03-21T04:57:16.699Z,1619.76255,limit,DOGE/USDT,1710997036699
0.14977,4987.0,2024-03-21T04:57:21.980Z,746.90299,limit,DOGE/USDT,1710997041980
0.14979,6475.0,2024-03-21T04:57:31.453Z,969.89025,limit,DOGE/USDT,1710997051453
0.14979,5409.0,2024-03-21T04:57:33.583Z,810.21411,limit,DOGE/USDT,1710997053583
0.14985,6502.0,2024-03-21T04:57:57.481Z,974.3247,limit,DOGE/USDT,1710997077481
0.14985,2291.0,2024-03-21T04:57:58.536Z,343.30635,limit,DOGE/USDT,1710997078536
0.14984,10261.0,2024-03-21T04:58:03.332Z,1537.50824,limit,DOGE/USDT,1710997083332
0.14985,1970.0,2024-03-21T04:58:03.807Z,295.2045,limit,DOGE/USDT,1710997083807
0.14984,3451.0,2024-03-21T04:58:04.862Z,517.09784,limit,DOGE/USDT,1710997084862
0.14992,9021.0,2024-03-21T04:58:30.746Z,1352.42832,limit,DOGE/USDT,1710997110746
0.15,6432.0,2024-03-21T04:58:32.499Z,964.8,limit,DOGE/USDT,1710997112499
0.15,9312.0,2024-03-21T04:58:32.840Z,1396.8,limit,DOGE/USDT,1710997112840
0.14995,542.0,2024-03-21T04:58:40.754Z,81.2729,limit,DOGE/USDT,1710997120754
0.15007,10195.0,2024-03-21T04:58:46.668Z,1529.96365,limit,DOGE/USDT,1710997126668
0.15008,4445.0,2024-03-21T04:58:51.899Z,667.1056,limit,DOGE/USDT,1710997131899
0.15016,2854.0,2024-03-21T04:58:55.215Z,428.55664,limit,DOGE/USDT,1710997135215
0.15007,3959.0,2024-03-21T04:59:10.922Z,594.12713,limit,DOGE/USDT,1710997150922
0.15006,5434.0,2024-03-21T04:59:11.976Z,815.42604,limit,DOGE/USDT,1710997151976
0.15007,8149.0,2024-03-21T04:59:22.087Z,1222.92043,limit,DOGE/USDT,1710997162087
0.15012,80.0,2024-03-21T04:59:54.708Z,12.0096,market,DOGE/USDT,1710997194708
0.15014,6545.0,2024-03-21T04:59:56.832Z,982.6663,limit,DOGE/USDT,1710997196832
0.14999,2283.0,2024-03-21T05:00:04.949Z,342.42717,limit,DOGE/USDT,1710997204949
0.14999,1970.0,2024-03-21T05:00:10.315Z,295.4803,limit,DOGE/USDT,1710997210315
0.14999,6994.0,2024-03-21T05:00:14.949Z,1049.03006,limit,DOGE/USDT,1710997214949
0.14998,5508.0,2024-03-21T05:00:17.083Z,826.08984,limit,DOGE/USDT,1710997217083
0.15002,3378.0,2024-03-21T05:00:27.334Z,506.76756,limit,DOGE/USDT,1710997227334
0.15,3581.0,2024-03-21T05:00:52.689Z,537.15,limit,DOGE/USDT,1710997252689
0.15,261.0,2024-03-21T05:01:01.718Z,39.15,limit,DOGE/USDT,1710997261718
0.14999,6581.0,2024-03-21T05:01:09.072Z,987.08419,limit,DOGE/USDT,1710997269072
0.15,3727.0,2024-03-21T05:01:15.348Z,559.05,limit,DOGE/USDT,1710997275348
0.14996,3424.0,2024-03-21T05:01:16.398Z,513.46304,limit,DOGE/USDT,1710997276398
0.14995,3073.0,2024-03-21T05:01:17.446Z,460.79635,limit,DOGE/USDT,1710997277446
0.14995,4030.0,2024-03-21T05:01:25.359Z,604.2985,limit,DOGE/USDT,1710997285359
0.14995,7432.0,2024-03-21T05:01:28.497Z,1114.4284,limit,DOGE/USDT,1710997288497
0.14996,3110.0,2024-03-21T05:01:33.767Z,466.3756,limit,DOGE/USDT,1710997293767
0.15002,3132.0,2024-03-21T05:01:52.174Z,469.86264,limit,DOGE/USDT,1710997312174
0.15001,6672.0,2024-03-21T05:01:54.307Z,1000.86672,limit,DOGE/USDT,1710997314307
0.14992,2706.0,2024-03-21T05:01:58.520Z,405.68352,limit,DOGE/USDT,1710997318520
0.14984,7640.0,2024-03-21T05:02:06.976Z,1144.7776,limit,DOGE/USDT,1710997326976
0.14984,4133.0,2024-03-21T05:02:08.048Z,619.28872,limit,DOGE/USDT,1710997328048
0.14984,708.0,2024-03-21T05:02:09.591Z,106.08672,limit,DOGE/USDT,1710997329591
0.14984,9180.0,2024-03-21T05:02:10.227Z,1375.5312,limit,DOGE/USDT,1710997330227
0.14992,7181.0,2024-03-21T05:02:15.370Z,1076.57552,limit,DOGE/USDT,1710997335370
0.15003,2582.0,2024-03-21T05:02:16.964Z,387.37746,limit,DOGE/USDT,1710997336964
0.14988,8445.0,2024-03-21T05:02:45.488Z,1265.7366,limit,DOGE/USDT,1710997365488
0.14989,1815.0,2024-03-21T05:02:47.589Z,272.05035,limit,DOGE/USDT,1710997367589
0.14985,403.0,2024-03-21T05:02:55.550Z,60.38955,limit,DOGE/USDT,1710997375550
0.14985,6723.0,2024-03-21T05:02:58.155Z,1007.44155,limit,DOGE/USDT,1710997378155
0.14985,4538.0,2024-03-21T05:02:59.214Z,680.0193,limit,DOGE/USDT,1710997379214
0.14984,6994.0,2024-03-21T05:03:04.613Z,1047.98096,limit,DOGE/USDT,1710997384613
0.14985,1986.0,2024-03-21T05:03:07.744Z,297.6021,limit,DOGE/USDT,1710997387744
0.14985,2378.0,2024-03-21T05:03:18.246Z,356.3433,limit,DOGE/USDT,1710997398246
0.14985,7100.0,2024-03-21T05:03:23.613Z,1063.935,limit,DOGE/USDT,1710997403613
0.14972,11089.0,2024-03-21T05:03:38.310Z,1660.24508,limit,DOGE/USDT,1710997418310
0.14957,13285.0,2024-03-21T05:03:50.451Z,1987.03745,limit,DOGE/USDT,1710997430451
0.14944,1.0,2024-03-21T05:03:55.377Z,0.14944,limit,DOGE/USDT,1710997435377
0.14944,1.0,2024-03-21T05:03:55.402Z,0.14944,limit,DOGE/USDT,1710997435402
0.14944,1.0,2024-03-21T05:03:55.426Z,0.14944,limit,DOGE/USDT,1710997435426
0.14944,1.0,2024-03-21T05:03:55.449Z,0.14944,limit,DOGE/USDT,1710997435449
0.14944,1.0,2024-03-21T05:03:55.477Z,0.14944,limit,DOGE/USDT,1710997435477
0.14944,1.0,2024-03-21T05:03:55.504Z,0.14944,limit,DOGE/USDT,1710997435504
0.14945,2370.0,2024-03-21T05:03:55.721Z,354.1965,limit,DOGE/USDT,1710997435721
0.14942,576.0,2024-03-21T05:04:06.997Z,86.06592,limit,DOGE/USDT,1710997446997
0.14942,8449.0,2024-03-21T05:04:08.057Z,1262.44958,limit,DOGE/USDT,1710997448057
0.14947,8990.0,2024-03-21T05:04:33.084Z,1343.7353,limit,DOGE/USDT,1710997473084
0.14949,2499.0,2024-03-21T05:04:50.191Z,373.57551,limit,DOGE/USDT,1710997490191
0.14959,3695.0,2024-03-21T05:05:02.513Z,552.73505,limit,DOGE/USDT,1710997502513
0.14963,2783.0,2024-03-21T05:05:10.996Z,416.42029,limit,DOGE/USDT,1710997510996
0.14964,4576.0,2024-03-21T05:05:13.108Z,684.75264,limit,DOGE/USDT,1710997513108
0.14952,5949.0,2024-03-21T05:05:26.752Z,889.49448,limit,DOGE/USDT,1710997526752
0.14954,9349.0,2024-03-21T05:05:28.332Z,1398.04946,limit,DOGE/USDT,1710997528332
0.14948,125.0,2024-03-21T05:05:30.423Z,18.685,limit,DOGE/USDT,1710997530423
0.14949,9315.0,2024-03-21T05:05:33.115Z,1392.49935,limit,DOGE/USDT,1710997533115
0.14947,2972.0,2024-03-21T05:06:04.218Z,444.22484,limit,DOGE/USDT,1710997564218
0.14938,7097.0,2024-03-21T05:06:18.931Z,1060.14986,limit,DOGE/USDT,1710997578931
0.14933,3.0,2024-03-21T05:06:26.248Z,0.44799,limit,DOGE/USDT,1710997586248
0.14923,1342.0,2024-03-21T05:06:33.166Z,200.26666,limit,DOGE/USDT,1710997593166
0.14922,7747.0,2024-03-21T05:06:34.235Z,1156.00734,limit,DOGE/USDT,1710997594235
0.14921,4.0,2024-03-21T05:06:34.347Z,0.59684,limit,DOGE/USDT,1710997594347
0.14916,2440.0,2024-03-21T05:06:35.788Z,363.9504,limit,DOGE/USDT,1710997595788
0.14914,2787.0,2024-03-21T05:06:39.510Z,415.65318,limit,DOGE/USDT,1710997599510
0.14916,1587.0,2024-03-21T05:06:44.790Z,236.71692,limit,DOGE/USDT,1710997604790
0.14916,8232.0,2024-03-21T05:06:55.339Z,1227.88512,limit,DOGE/USDT,1710997615339
0.14916,4028.0,2024-03-21T05:06:55.865Z,600.81648,limit,DOGE/USDT,1710997615865
0.14908,1.0,2024-03-21T05:06:57.681Z,0.14908,limit,DOGE/USDT,1710997617681
0.149,6.0,2024-03-21T05:06:57.723Z,0.894,limit,DOGE/USDT,1710997617723
0.14881,10961.0,2024-03-21T05:07:05.279Z,1631.10641,limit,DOGE/USDT,1710997625279
0.14879,1.0,2024-03-21T05:07:06.253Z,0.14879,limit,DOGE/USDT,1710997626253
0.14879,1.0,2024-03-21T05:07:06.306Z,0.14879,limit,DOGE/USDT,1710997626306
0.14879,1.0,2024-03-21T05:07:06.368Z,0.14879,limit,DOGE/USDT,1710997626368
0.14879,1.0,2024-03-21T05:07:06.436Z,0.14879,limit,DOGE/USDT,1710997626436
0.14879,1.0,2024-03-21T05:07:06.487Z,0.14879,limit,DOGE/USDT,1710997626487
0.14879,1.0,2024-03-21T05:07:06.543Z,0.14879,limit,DOGE/USDT,1710997626543
0.1486,3.0,2024-03-21T05:07:09.254Z,0.4458,limit,DOGE/USDT,1710997629254
0.14867,9709.0,2024-03-21T05:07:16.068Z,1443.43703,limit,DOGE/USDT,1710997636068
0.14874,597.0,2024-03-21T05:07:18.136Z,88.79778,limit,DOGE/USDT,1710997638136
0.14873,6417.0,2024-03-21T05:07:20.782Z,954.40041,limit,DOGE/USDT,1710997640782
0.14873,3702.0,2024-03-21T05:07:21.344Z,550.59846,limit,DOGE/USDT,1710997641344
0.14873,8108.0,2024-03-21T05:07:22.399Z,1205.90284,limit,DOGE/USDT,1710997642399
0.14873,8436.0,2024-03-21T05:07:23.966Z,1254.68628,limit,DOGE/USDT,1710997643966
0.14882,8728.0,2024-03-21T05:07:28.716Z,1298.90096,limit,DOGE/USDT,1710997648716
0.14883,5654.0,2024-03-21T05:07:29.245Z,841.48482,limit,DOGE/USDT,1710997649245
0.14882,953.0,2024-03-21T05:07:43.415Z,141.82546,limit,DOGE/USDT,1710997663415
0.14874,4009.0,2024-03-21T05:08:03.382Z,596.29866,limit,DOGE/USDT,1710997683382
0.14879,10048.0,2024-03-21T05:08:06.075Z,1495.04192,limit,DOGE/USDT,1710997686075
0.14866,7396.0,2024-03-21T05:08:11.358Z,1099.48936,limit,DOGE/USDT,1710997691358
0.14865,4818.0,2024-03-21T05:08:19.468Z,716.1957,limit,DOGE/USDT,1710997699468
0.14859,7686.0,2024-03-21T05:08:20.538Z,1142.06274,limit,DOGE/USDT,1710997700538
0.14857,1306.0,2024-03-21T05:08:24.269Z,194.03242,limit,DOGE/USDT,1710997704269
0.14864,9281.0,2024-03-21T05:08:31.090Z,1379.52784,limit,DOGE/USDT,1710997711090
0.14863,6924.0,2024-03-21T05:08:31.631Z,1029.11412,limit,DOGE/USDT,1710997711631
0.14863,2590.0,2024-03-21T05:08:32.144Z,384.9517,limit,DOGE/USDT,1710997712144
0.14858,1576.0,2024-03-21T05:08:40.603Z,234.16208,limit,DOGE/USDT,1710997720603
0.14857,8233.0,2024-03-21T05:08:44.288Z,1223.17681,limit,DOGE/USDT,1710997724288
0.14854,8645.0,2024-03-21T05:08:47.934Z,1284.1283,limit,DOGE/USDT,1710997727934
0.14855,6372.0,2024-03-21T05:08:53.698Z,946.5606,limit,DOGE/USDT,1710997733698
0.14854,8991.0,2024-03-21T05:08:55.322Z,1335.52314,limit,DOGE/USDT,1710997735322
0.14854,8736.0,2024-03-21T05:08:59.500Z,1297.64544,limit,DOGE/USDT,1710997739500
0.14859,8743.0,2024-03-21T05:09:03.232Z,1299.12237,limit,DOGE/USDT,1710997743232
0.14851,1831.0,2024-03-21T05:09:31.107Z,271.92181,limit,DOGE/USDT,1710997771107
0.14848,2364.0,2024-03-21T05:09:42.223Z,351.00672,limit,DOGE/USDT,1710997782223
0.14846,1261.0,2024-03-21T05:09:43.189Z,187.20806,market,DOGE/USDT,1710997783189
0.14841,8989.0,2024-03-21T05:10:02.712Z,1334.05749,limit,DOGE/USDT,1710997802712
0.14836,5854.0,2024-03-21T05:10:06.949Z,868.49944,limit,DOGE/USDT,1710997806949
0.14843,4380.0,2024-03-21T05:10:09.074Z,650.1234,limit,DOGE/USDT,1710997809074
0.14844,187.0,2024-03-21T05:10:12.121Z,27.75828,limit,DOGE/USDT,1710997812121
0.1484,6024.0,2024-03-21T05:10:16.938Z,893.9616,limit,DOGE/USDT,1710997816938
0.14839,5515.0,2024-03-21T05:10:24.288Z,818.37085,limit,DOGE/USDT,1710997824288
0.14839,8856.0,2024-03-21T05:10:25.906Z,1314.14184,limit,DOGE/USDT,1710997825906
0.14827,4.0,2024-03-21T05:10:40.427Z,0.59308,limit,DOGE/USDT,1710997840427
