cost,amount,datetime,timestamp,price,type,symbol
77.8942862,2841820.0,2024-03-21T22:16:10.706Z,1711059370706,2.741e-05,,SHIB/USDT
31.3668348,1143940.0,2024-03-21T22:16:10.923Z,1711059370923,2.742e-05,,SHIB/USDT
3.9438186,143830.0,2024-03-21T22:16:13.241Z,1711059373241,2.742e-05,,SHIB/USDT
28.54140257,1041277.0,2024-03-21T22:16:13.341Z,1711059373341,2.741e-05,,SHIB/USDT
266.30068188,9711914.0,2024-03-21T22:16:13.777Z,1711059373777,2.742e-05,,SHIB/USDT
435.819,15900000.0,2024-03-21T22:16:15.894Z,1711059375894,2.741e-05,,SHIB/USDT
4169.62035587,152120407.0,2024-03-21T22:16:15.894Z,1711059375894,2.741e-05,,SHIB/USDT
3139.1984912,114569288.0,2024-03-21T22:16:16.537Z,1711059376537,2.74e-05,,SHIB/USDT
221.42762,8081300.0,2024-03-21T22:16:17.251Z,1711059377251,2.74e-05,,SHIB/USDT
602.85655683,22010097.0,2024-03-21T22:16:18.195Z,1711059378195,2.739e-05,,SHIB/USDT
27.103462,989900.0,2024-03-21T22:16:18.358Z,1711059378358,2.738e-05,,SHIB/USDT
604.33823238,22072251.0,2024-03-21T22:16:19.145Z,1711059379145,2.738e-05,,SHIB/USDT
750.41647384,27407468.0,2024-03-21T22:16:19.145Z,1711059379145,2.738e-05,,SHIB/USDT
1533.25667224,55999148.0,2024-03-21T22:16:19.147Z,1711059379147,2.738e-05,,SHIB/USDT
153.65675166,5612007.0,2024-03-21T22:16:19.553Z,1711059379553,2.738e-05,,SHIB/USDT
1.99962483,73059.0,2024-03-21T22:16:19.674Z,1711059379674,2.737e-05,,SHIB/USDT
1.96992838,71974.0,2024-03-21T22:16:20.339Z,1711059380339,2.737e-05,,SHIB/USDT
2067.35772988,75506126.0,2024-03-21T22:16:20.471Z,1711059380471,2.738e-05,,SHIB/USDT
2692.53860394,98339613.0,2024-03-21T22:16:20.474Z,1711059380474,2.738e-05,,SHIB/USDT
3476.0028473,126954085.0,2024-03-21T22:16:20.474Z,1711059380474,2.738e-05,,SHIB/USDT
63.70014498,2326521.0,2024-03-21T22:16:20.848Z,1711059380848,2.738e-05,,SHIB/USDT
54.76509984,1999456.0,2024-03-21T22:16:21.066Z,1711059381066,2.739e-05,,SHIB/USDT
3.14640008,114916.0,2024-03-21T22:16:21.195Z,1711059381195,2.738e-05,,SHIB/USDT
1095.6,40000000.0,2024-03-21T22:16:22.819Z,1711059382819,2.739e-05,,SHIB/USDT
3473.37637977,126811843.0,2024-03-21T22:16:22.820Z,1711059382820,2.739e-05,,SHIB/USDT
4248.94132113,155127467.0,2024-03-21T22:16:22.820Z,1711059382820,2.739e-05,,SHIB/USDT
378.1674842,13801733.0,2024-03-21T22:16:23.363Z,1711059383363,2.74e-05,,SHIB/USDT
2385.53509029,87095111.0,2024-03-21T22:16:23.718Z,1711059383718,2.739e-05,,SHIB/USDT
2106.39089133,76903647.0,2024-03-21T22:16:23.915Z,1711059383915,2.739e-05,,SHIB/USDT
11877.64135504,433807208.0,2024-03-21T22:16:25.108Z,1711059385108,2.738e-05,,SHIB/USDT
21374.99603855,780964415.0,2024-03-21T22:16:25.108Z,1711059385108,2.737e-05,,SHIB/USDT
12657.48583323,462458379.0,2024-03-21T22:16:25.689Z,1711059385689,2.737e-05,,SHIB/USDT
18.56830066,678418.0,2024-03-21T22:16:26.895Z,1711059386895,2.737e-05,,SHIB/USDT
1091.664,39900000.0,2024-03-21T22:16:27.037Z,1711059387037,2.736e-05,,SHIB/USDT
1483.52762736,54222501.0,2024-03-21T22:16:27.037Z,1711059387037,2.736e-05,,SHIB/USDT
15.00548256,548446.0,2024-03-21T22:16:27.419Z,1711059387419,2.736e-05,,SHIB/USDT
769.77247824,28134959.0,2024-03-21T22:16:27.686Z,1711059387686,2.736e-05,,SHIB/USDT
21.26011225,777335.0,2024-03-21T22:16:28.112Z,1711059388112,2.735e-05,,SHIB/USDT
293.9769997,10748702.0,2024-03-21T22:16:28.418Z,1711059388418,2.735e-05,,SHIB/USDT
1.1978208,43780.0,2024-03-21T22:16:28.451Z,1711059388451,2.736e-05,,SHIB/USDT
3781.8399672,138225145.0,2024-03-21T22:16:28.472Z,1711059388472,2.736e-05,,SHIB/USDT
0.34687008,12678.0,2024-03-21T22:16:28.476Z,1711059388476,2.736e-05,,SHIB/USDT
1094.8,40000000.0,2024-03-21T22:16:29.321Z,1711059389321,2.737e-05,,SHIB/USDT
432.446,15800000.0,2024-03-21T22:16:29.324Z,1711059389324,2.737e-05,,SHIB/USDT
662.354,24200000.0,2024-03-21T22:16:29.324Z,1711059389324,2.737e-05,,SHIB/USDT
4767.854,174200000.0,2024-03-21T22:16:29.325Z,1711059389325,2.737e-05,,SHIB/USDT
5007.67576981,182962213.0,2024-03-21T22:16:29.326Z,1711059389326,2.737e-05,,SHIB/USDT
11.5917337,423365.0,2024-03-21T22:16:29.483Z,1711059389483,2.738e-05,,SHIB/USDT
82.65222504,3018708.0,2024-03-21T22:16:30.630Z,1711059390630,2.738e-05,,SHIB/USDT
2880.89881506,105257538.0,2024-03-21T22:16:30.825Z,1711059390825,2.737e-05,,SHIB/USDT
11.48512608,419778.0,2024-03-21T22:16:31.215Z,1711059391215,2.736e-05,,SHIB/USDT
8.60310576,314441.0,2024-03-21T22:16:31.629Z,1711059391629,2.736e-05,,SHIB/USDT
66.29117328,2422923.0,2024-03-21T22:16:31.674Z,1711059391674,2.736e-05,,SHIB/USDT
16.64512024,608152.0,2024-03-21T22:16:31.961Z,1711059391961,2.737e-05,,SHIB/USDT
4435.02524787,162039651.0,2024-03-21T22:16:32.334Z,1711059392334,2.737e-05,,SHIB/USDT
6393.18625218,233583714.0,2024-03-21T22:16:32.334Z,1711059392334,2.737e-05,,SHIB/USDT
1253.60626874,45802202.0,2024-03-21T22:16:32.334Z,1711059392334,2.737e-05,,SHIB/USDT
22.46603499,820827.0,2024-03-21T22:16:32.411Z,1711059392411,2.737e-05,,SHIB/USDT
2950.486,107800000.0,2024-03-21T22:16:32.696Z,1711059392696,2.737e-05,,SHIB/USDT
5747.76026874,210002202.0,2024-03-21T22:16:32.698Z,1711059392698,2.737e-05,,SHIB/USDT
129.22107779,4721267.0,2024-03-21T22:16:32.698Z,1711059392698,2.737e-05,,SHIB/USDT
1094.4,40000000.0,2024-03-21T22:16:33.804Z,1711059393804,2.736e-05,,SHIB/USDT
2030.8219771,74198830.0,2024-03-21T22:16:33.915Z,1711059393915,2.737e-05,,SHIB/USDT
9.97594848,364618.0,2024-03-21T22:16:37.428Z,1711059397428,2.736e-05,,SHIB/USDT
4.99543555,182515.0,2024-03-21T22:16:39.187Z,1711059399187,2.737e-05,,SHIB/USDT
291.57978094,10653262.0,2024-03-21T22:16:39.224Z,1711059399224,2.737e-05,,SHIB/USDT
2.76508368,101063.0,2024-03-21T22:16:40.373Z,1711059400373,2.736e-05,,SHIB/USDT
1517.61219552,55468282.0,2024-03-21T22:16:41.690Z,1711059401690,2.736e-05,,SHIB/USDT
5673.801,207300000.0,2024-03-21T22:16:42.234Z,1711059402234,2.737e-05,,SHIB/USDT
308.02761822,11254206.0,2024-03-21T22:16:42.234Z,1711059402234,2.737e-05,,SHIB/USDT
547.4,20000000.0,2024-03-21T22:16:42.240Z,1711059402240,2.737e-05,,SHIB/USDT
493.78947779,18041267.0,2024-03-21T22:16:42.351Z,1711059402351,2.737e-05,,SHIB/USDT
355.94,13000000.0,2024-03-21T22:16:42.366Z,1711059402366,2.738e-05,,SHIB/USDT
381.23256976,13928848.0,2024-03-21T22:16:42.458Z,1711059402458,2.737e-05,,SHIB/USDT
3.94603298,144121.0,2024-03-21T22:16:43.880Z,1711059403880,2.738e-05,,SHIB/USDT
1746.4245384,63784680.0,2024-03-21T22:16:43.915Z,1711059403915,2.738e-05,,SHIB/USDT
563.66194024,20594152.0,2024-03-21T22:16:44.065Z,1711059404065,2.737e-05,,SHIB/USDT
325.22344582,11878139.0,2024-03-21T22:16:44.491Z,1711059404491,2.738e-05,,SHIB/USDT
54.76,2000000.0,2024-03-21T22:16:45.737Z,1711059405737,2.738e-05,,SHIB/USDT
10.2208524,373160.0,2024-03-21T22:16:45.977Z,1711059405977,2.739e-05,,SHIB/USDT
866.60730966,31651107.0,2024-03-21T22:16:45.994Z,1711059405994,2.738e-05,,SHIB/USDT
2016.72463514,73656853.0,2024-03-21T22:16:46.439Z,1711059406439,2.738e-05,,SHIB/USDT
69.76344598,2547971.0,2024-03-21T22:16:46.644Z,1711059406644,2.738e-05,,SHIB/USDT
1.5377977,56165.0,2024-03-21T22:16:47.402Z,1711059407402,2.738e-05,,SHIB/USDT
4.79667482,175189.0,2024-03-21T22:16:48.039Z,1711059408039,2.738e-05,,SHIB/USDT
2138.19169476,78064684.0,2024-03-21T22:16:48.915Z,1711059408915,2.739e-05,,SHIB/USDT
162.49671322,5934869.0,2024-03-21T22:16:51.115Z,1711059411115,2.738e-05,,SHIB/USDT
9.34709392,341384.0,2024-03-21T22:16:53.435Z,1711059413435,2.738e-05,,SHIB/USDT
1185.7857717,43308465.0,2024-03-21T22:16:54.739Z,1711059414739,2.738e-05,,SHIB/USDT
5682.34099172,207536194.0,2024-03-21T22:16:54.913Z,1711059414913,2.738e-05,,SHIB/USDT
4.99997897,182681.0,2024-03-21T22:16:57.414Z,1711059417414,2.737e-05,,SHIB/USDT
8114.75484561,296483553.0,2024-03-21T22:16:57.714Z,1711059417714,2.737e-05,,SHIB/USDT
988.26186445,36107485.0,2024-03-21T22:16:57.715Z,1711059417715,2.737e-05,,SHIB/USDT
1607.82141884,58743932.0,2024-03-21T22:16:57.715Z,1711059417715,2.737e-05,,SHIB/USDT
228.60308736,8355376.0,2024-03-21T22:16:58.167Z,1711059418167,2.736e-05,,SHIB/USDT
605.4311088,22128330.0,2024-03-21T22:16:58.913Z,1711059418913,2.736e-05,,SHIB/USDT
19.9853856,730460.0,2024-03-21T22:17:00.608Z,1711059420608,2.736e-05,,SHIB/USDT
1925.01725105,70384543.0,2024-03-21T22:17:01.877Z,1711059421877,2.735e-05,,SHIB/USDT
212.47576272,7765927.0,2024-03-21T22:17:02.843Z,1711059422843,2.736e-05,,SHIB/USDT
16349.6644231,597793946.0,2024-03-21T22:17:03.485Z,1711059423485,2.735e-05,,SHIB/USDT
6748.4893156,246745496.0,2024-03-21T22:17:03.486Z,1711059423486,2.735e-05,,SHIB/USDT
378.9367662,13855092.0,2024-03-21T22:17:03.487Z,1711059423487,2.735e-05,,SHIB/USDT
4203.8947644,153707304.0,2024-03-21T22:17:03.487Z,1711059423487,2.735e-05,,SHIB/USDT
33.3541165,1219975.0,2024-03-21T22:17:03.975Z,1711059423975,2.734e-05,,SHIB/USDT
16.40821036,600154.0,2024-03-21T22:17:03.975Z,1711059423975,2.734e-05,,SHIB/USDT
1486.04653466,54354299.0,2024-03-21T22:17:04.057Z,1711059424057,2.734e-05,,SHIB/USDT
15.11117342,552713.0,2024-03-21T22:17:04.149Z,1711059424149,2.734e-05,,SHIB/USDT
88.26981464,3228596.0,2024-03-21T22:17:04.284Z,1711059424284,2.734e-05,,SHIB/USDT
3033.7306072,110963080.0,2024-03-21T22:17:04.443Z,1711059424443,2.734e-05,,SHIB/USDT
15.7590494,576410.0,2024-03-21T22:17:05.100Z,1711059425100,2.734e-05,,SHIB/USDT
125.8208306,4600396.0,2024-03-21T22:17:05.296Z,1711059425296,2.735e-05,,SHIB/USDT
136.7,5000000.0,2024-03-21T22:17:06.080Z,1711059426080,2.734e-05,,SHIB/USDT
39.82844722,1456783.0,2024-03-21T22:17:06.173Z,1711059426173,2.734e-05,,SHIB/USDT
77.15342532,2821998.0,2024-03-21T22:17:06.358Z,1711059426358,2.734e-05,,SHIB/USDT
490.45436518,17939077.0,2024-03-21T22:17:07.497Z,1711059427497,2.734e-05,,SHIB/USDT
62.0949477,2270382.0,2024-03-21T22:17:07.921Z,1711059427921,2.735e-05,,SHIB/USDT
46.8928845,1715175.0,2024-03-21T22:17:08.590Z,1711059428590,2.734e-05,,SHIB/USDT
123.57480418,4519927.0,2024-03-21T22:17:10.250Z,1711059430250,2.734e-05,,SHIB/USDT
174.64419333,6390201.0,2024-03-21T22:17:10.781Z,1711059430781,2.733e-05,,SHIB/USDT
40.7193758,1489370.0,2024-03-21T22:17:11.818Z,1711059431818,2.734e-05,,SHIB/USDT
159.14032161,5822917.0,2024-03-21T22:17:12.507Z,1711059432507,2.733e-05,,SHIB/USDT
398.32329873,14574581.0,2024-03-21T22:17:13.891Z,1711059433891,2.733e-05,,SHIB/USDT
399.96897468,14634796.0,2024-03-21T22:17:13.900Z,1711059433900,2.733e-05,,SHIB/USDT
2.58639134,94601.0,2024-03-21T22:17:13.925Z,1711059433925,2.734e-05,,SHIB/USDT
399.94801257,14634029.0,2024-03-21T22:17:14.019Z,1711059434019,2.733e-05,,SHIB/USDT
398.32329873,14574581.0,2024-03-21T22:17:14.031Z,1711059434031,2.733e-05,,SHIB/USDT
102.87326295,3764115.0,2024-03-21T22:17:14.152Z,1711059434152,2.733e-05,,SHIB/USDT
398.30241861,14573817.0,2024-03-21T22:17:14.153Z,1711059434153,2.733e-05,,SHIB/USDT
634.3194612,23209640.0,2024-03-21T22:17:14.224Z,1711059434224,2.733e-05,,SHIB/USDT
477.89095884,17485948.0,2024-03-21T22:17:14.334Z,1711059434334,2.733e-05,,SHIB/USDT
395.66649477,14477369.0,2024-03-21T22:17:14.350Z,1711059434350,2.733e-05,,SHIB/USDT
399.90608835,14632495.0,2024-03-21T22:17:14.486Z,1711059434486,2.733e-05,,SHIB/USDT
398.28153849,14573053.0,2024-03-21T22:17:14.493Z,1711059434493,2.733e-05,,SHIB/USDT
4428.54366183,162039651.0,2024-03-21T22:17:14.796Z,1711059434796,2.733e-05,,SHIB/USDT
546.6,20000000.0,2024-03-21T22:17:14.797Z,1711059434797,2.733e-05,,SHIB/USDT
1864.38711732,68217604.0,2024-03-21T22:17:14.797Z,1711059434797,2.733e-05,,SHIB/USDT
12.00437454,439238.0,2024-03-21T22:17:15.179Z,1711059435179,2.733e-05,,SHIB/USDT
122.18498448,4472364.0,2024-03-21T22:17:15.512Z,1711059435512,2.732e-05,,SHIB/USDT
326.2871312,11943160.0,2024-03-21T22:17:15.682Z,1711059435682,2.732e-05,,SHIB/USDT
2290.86947864,83853202.0,2024-03-21T22:17:15.682Z,1711059435682,2.732e-05,,SHIB/USDT
2815.36176188,103051309.0,2024-03-21T22:17:15.978Z,1711059435978,2.732e-05,,SHIB/USDT
9.98002332,365301.0,2024-03-21T22:17:17.038Z,1711059437038,2.732e-05,,SHIB/USDT
49.98169412,1829491.0,2024-03-21T22:17:17.785Z,1711059437785,2.732e-05,,SHIB/USDT
380.41071236,13929356.0,2024-03-21T22:17:18.957Z,1711059438957,2.731e-05,,SHIB/USDT
9.99633392,366032.0,2024-03-21T22:17:20.093Z,1711059440093,2.731e-05,,SHIB/USDT
8530.47917388,312357348.0,2024-03-21T22:17:20.419Z,1711059440419,2.731e-05,,SHIB/USDT
2944.41934776,107814696.0,2024-03-21T22:17:20.422Z,1711059440422,2.731e-05,,SHIB/USDT
3272.7391846,119836660.0,2024-03-21T22:17:20.423Z,1711059440423,2.731e-05,,SHIB/USDT
3273.19094662,119853202.0,2024-03-21T22:17:20.424Z,1711059440424,2.731e-05,,SHIB/USDT
2311.91589705,84654555.0,2024-03-21T22:17:20.426Z,1711059440426,2.731e-05,,SHIB/USDT
15.00548268,549249.0,2024-03-21T22:17:20.556Z,1711059440556,2.732e-05,,SHIB/USDT
155.77522953,5703963.0,2024-03-21T22:17:20.626Z,1711059440626,2.731e-05,,SHIB/USDT
546.4,20000000.0,2024-03-21T22:17:20.770Z,1711059440770,2.732e-05,,SHIB/USDT
546.4,20000000.0,2024-03-21T22:17:20.777Z,1711059440777,2.732e-05,,SHIB/USDT
846.92,31000000.0,2024-03-21T22:17:20.783Z,1711059440783,2.732e-05,,SHIB/USDT
8720.06584536,319182498.0,2024-03-21T22:17:20.868Z,1711059440868,2.732e-05,,SHIB/USDT
1441.98691912,52781366.0,2024-03-21T22:17:20.869Z,1711059440869,2.732e-05,,SHIB/USDT
478.80160492,17525681.0,2024-03-21T22:17:20.869Z,1711059440869,2.732e-05,,SHIB/USDT
9118.87744084,333780287.0,2024-03-21T22:17:22.132Z,1711059442132,2.732e-05,,SHIB/USDT
69.11543794,2530774.0,2024-03-21T22:17:22.205Z,1711059442205,2.731e-05,,SHIB/USDT
5320.08731024,194732332.0,2024-03-21T22:17:22.360Z,1711059442360,2.732e-05,,SHIB/USDT
66.9265239,2448830.0,2024-03-21T22:17:24.671Z,1711059444671,2.733e-05,,SHIB/USDT
8231.7422096,301308280.0,2024-03-21T22:17:26.977Z,1711059446977,2.732e-05,,SHIB/USDT
1203.21357489,44057619.0,2024-03-21T22:17:29.039Z,1711059449039,2.731e-05,,SHIB/USDT
10482.27934811,383825681.0,2024-03-21T22:17:29.040Z,1711059449040,2.731e-05,,SHIB/USDT
1357.20136492,49696132.0,2024-03-21T22:17:29.040Z,1711059449040,2.731e-05,,SHIB/USDT
2673.0430272,97913664.0,2024-03-21T22:17:29.924Z,1711059449924,2.73e-05,,SHIB/USDT
99.8902086,3658982.0,2024-03-21T22:17:29.966Z,1711059449966,2.73e-05,,SHIB/USDT
299.999973,10989010.0,2024-03-21T22:17:30.123Z,1711059450123,2.73e-05,,SHIB/USDT
12.8074699,469310.0,2024-03-21T22:17:31.177Z,1711059451177,2.729e-05,,SHIB/USDT
464.30207186,17013634.0,2024-03-21T22:17:31.889Z,1711059451889,2.729e-05,,SHIB/USDT
10.51849386,385434.0,2024-03-21T22:17:31.936Z,1711059451936,2.729e-05,,SHIB/USDT
757.25566443,27748467.0,2024-03-21T22:17:31.946Z,1711059451946,2.729e-05,,SHIB/USDT
1085.744,39800000.0,2024-03-21T22:17:32.829Z,1711059452829,2.728e-05,,SHIB/USDT
5049.63351904,185103868.0,2024-03-21T22:17:32.830Z,1711059452830,2.728e-05,,SHIB/USDT
6903.22265952,253050684.0,2024-03-21T22:17:32.830Z,1711059452830,2.728e-05,,SHIB/USDT
76.3852276,2800045.0,2024-03-21T22:17:33.004Z,1711059453004,2.728e-05,,SHIB/USDT
299.7801928,10989010.0,2024-03-21T22:17:33.141Z,1711059453141,2.728e-05,,SHIB/USDT
76.49538424,2804083.0,2024-03-21T22:17:33.856Z,1711059453856,2.728e-05,,SHIB/USDT
793.70573058,29105454.0,2024-03-21T22:17:33.935Z,1711059453935,2.727e-05,,SHIB/USDT
5274.59372424,193421112.0,2024-03-21T22:17:34.221Z,1711059454221,2.727e-05,,SHIB/USDT
24.99998244,917094.0,2024-03-21T22:17:34.341Z,1711059454341,2.726e-05,,SHIB/USDT
199.99997982,7334066.0,2024-03-21T22:17:34.573Z,1711059454573,2.727e-05,,SHIB/USDT
745.26402956,27339106.0,2024-03-21T22:17:35.158Z,1711059455158,2.726e-05,,SHIB/USDT
13.63,500000.0,2024-03-21T22:17:35.310Z,1711059455310,2.726e-05,,SHIB/USDT
1346.50625522,49394947.0,2024-03-21T22:17:36.654Z,1711059456654,2.726e-05,,SHIB/USDT
4840.425,177500000.0,2024-03-21T22:17:37.331Z,1711059457331,2.727e-05,,SHIB/USDT
10999.37315268,403350684.0,2024-03-21T22:17:37.331Z,1711059457331,2.727e-05,,SHIB/USDT
11564.40147147,424070461.0,2024-03-21T22:17:37.334Z,1711059457334,2.727e-05,,SHIB/USDT
8633.49230988,316593044.0,2024-03-21T22:17:37.464Z,1711059457464,2.727e-05,,SHIB/USDT
15.0055004,550055.0,2024-03-21T22:17:37.693Z,1711059457693,2.728e-05,,SHIB/USDT
3.58177815,131345.0,2024-03-21T22:17:37.877Z,1711059457877,2.727e-05,,SHIB/USDT
71.57477817,2624671.0,2024-03-21T22:17:38.209Z,1711059458209,2.727e-05,,SHIB/USDT
29.99997968,1099706.0,2024-03-21T22:17:39.037Z,1711059459037,2.728e-05,,SHIB/USDT
10.999978,403225.0,2024-03-21T22:17:39.135Z,1711059459135,2.728e-05,,SHIB/USDT
10.999978,403225.0,2024-03-21T22:17:39.147Z,1711059459147,2.728e-05,,SHIB/USDT
10.999978,403225.0,2024-03-21T22:17:39.153Z,1711059459153,2.728e-05,,SHIB/USDT
804.24299493,29491859.0,2024-03-21T22:17:39.252Z,1711059459252,2.727e-05,,SHIB/USDT
1.34700456,49377.0,2024-03-21T22:17:39.573Z,1711059459573,2.728e-05,,SHIB/USDT
545.6,20000000.0,2024-03-21T22:17:41.190Z,1711059461190,2.728e-05,,SHIB/USDT
2599.82923024,95301658.0,2024-03-21T22:17:41.190Z,1711059461190,2.728e-05,,SHIB/USDT
2.728,100000.0,2024-03-21T22:17:41.246Z,1711059461246,2.728e-05,,SHIB/USDT
119.69295756,4385964.0,2024-03-21T22:17:41.320Z,1711059461320,2.729e-05,,SHIB/USDT
8736.45330888,320251221.0,2024-03-21T22:17:41.416Z,1711059461416,2.728e-05,,SHIB/USDT
30.73613048,1126691.0,2024-03-21T22:17:41.463Z,1711059461463,2.728e-05,,SHIB/USDT
290.33037352,10642609.0,2024-03-21T22:17:41.514Z,1711059461514,2.728e-05,,SHIB/USDT
299.78029523,10984987.0,2024-03-21T22:17:41.552Z,1711059461552,2.729e-05,,SHIB/USDT
14.00053248,513216.0,2024-03-21T22:17:42.093Z,1711059462093,2.728e-05,,SHIB/USDT
17.62443496,646057.0,2024-03-21T22:17:42.178Z,1711059462178,2.728e-05,,SHIB/USDT
2.9015008,106360.0,2024-03-21T22:17:42.558Z,1711059462558,2.728e-05,,SHIB/USDT
9.99998386,366434.0,2024-03-21T22:17:42.925Z,1711059462925,2.729e-05,,SHIB/USDT
2464.52343104,90341768.0,2024-03-21T22:17:42.931Z,1711059462931,2.728e-05,,SHIB/USDT
21075.29205232,772554694.0,2024-03-21T22:17:42.985Z,1711059462985,2.728e-05,,SHIB/USDT
1.4868964,54505.0,2024-03-21T22:17:43.980Z,1711059463980,2.728e-05,,SHIB/USDT
93.71152791,3436433.0,2024-03-21T22:17:44.250Z,1711059464250,2.727e-05,,SHIB/USDT
47.04792496,1725896.0,2024-03-21T22:17:47.096Z,1711059467096,2.726e-05,,SHIB/USDT
2144.75868168,78677868.0,2024-03-21T22:17:50.331Z,1711059470331,2.726e-05,,SHIB/USDT
5876.92121994,215587719.0,2024-03-21T22:17:50.381Z,1711059470381,2.726e-05,,SHIB/USDT
8.6084385,315906.0,2024-03-21T22:17:50.758Z,1711059470758,2.725e-05,,SHIB/USDT
64.32021875,2360375.0,2024-03-21T22:17:50.890Z,1711059470890,2.725e-05,,SHIB/USDT
15.54755018,570343.0,2024-03-21T22:17:51.240Z,1711059471240,2.726e-05,,SHIB/USDT
22.9886995,843622.0,2024-03-21T22:17:51.244Z,1711059471244,2.725e-05,,SHIB/USDT
33.17742,1217520.0,2024-03-21T22:17:51.477Z,1711059471477,2.725e-05,,SHIB/USDT
9.9561698,365230.0,2024-03-21T22:17:51.549Z,1711059471549,2.726e-05,,SHIB/USDT
2487.79405104,91261704.0,2024-03-21T22:17:51.646Z,1711059471646,2.726e-05,,SHIB/USDT
30.53888732,1120282.0,2024-03-21T22:17:51.758Z,1711059471758,2.726e-05,,SHIB/USDT
612.14818838,22455913.0,2024-03-21T22:17:53.127Z,1711059473127,2.726e-05,,SHIB/USDT
626.55359908,22984358.0,2024-03-21T22:17:53.385Z,1711059473385,2.726e-05,,SHIB/USDT
189.4267945,6951442.0,2024-03-21T22:17:53.602Z,1711059473602,2.725e-05,,SHIB/USDT
44.6024185,1636786.0,2024-03-21T22:17:53.641Z,1711059473641,2.725e-05,,SHIB/USDT
51.509133,1889550.0,2024-03-21T22:17:53.825Z,1711059473825,2.726e-05,,SHIB/USDT
293.97377546,10784071.0,2024-03-21T22:17:53.991Z,1711059473991,2.726e-05,,SHIB/USDT
463.46247108,17001558.0,2024-03-21T22:17:55.316Z,1711059475316,2.726e-05,,SHIB/USDT
262.617951,9637356.0,2024-03-21T22:17:55.425Z,1711059475425,2.725e-05,,SHIB/USDT
3.55655768,130468.0,2024-03-21T22:17:55.738Z,1711059475738,2.726e-05,,SHIB/USDT
8.95955475,328791.0,2024-03-21T22:17:56.845Z,1711059476845,2.725e-05,,SHIB/USDT
69.22251744,2539344.0,2024-03-21T22:17:57.031Z,1711059477031,2.726e-05,,SHIB/USDT
3.99498026,146551.0,2024-03-21T22:17:57.244Z,1711059477244,2.726e-05,,SHIB/USDT
14.99997856,550256.0,2024-03-21T22:18:00.942Z,1711059480942,2.726e-05,,SHIB/USDT
6302.1863615,231272894.0,2024-03-21T22:18:01.097Z,1711059481097,2.725e-05,,SHIB/USDT
18971.79335,696212600.0,2024-03-21T22:18:01.248Z,1711059481248,2.725e-05,,SHIB/USDT
107.462481,3945025.0,2024-03-21T22:18:01.532Z,1711059481532,2.724e-05,,SHIB/USDT
3655.91763708,134211367.0,2024-03-21T22:18:02.095Z,1711059482095,2.724e-05,,SHIB/USDT
1089.6,40000000.0,2024-03-21T22:18:02.096Z,1711059482096,2.724e-05,,SHIB/USDT
1535.17603908,56357417.0,2024-03-21T22:18:02.096Z,1711059482096,2.724e-05,,SHIB/USDT
11.30554201,415187.0,2024-03-21T22:18:02.164Z,1711059482164,2.723e-05,,SHIB/USDT
544.6,20000000.0,2024-03-21T22:18:02.368Z,1711059482368,2.723e-05,,SHIB/USDT
308.10162278,11314786.0,2024-03-21T22:18:02.384Z,1711059482384,2.723e-05,,SHIB/USDT
1.19343644,43828.0,2024-03-21T22:18:02.464Z,1711059482464,2.723e-05,,SHIB/USDT
9.44881,347000.0,2024-03-21T22:18:02.564Z,1711059482564,2.723e-05,,SHIB/USDT
20.11824756,739098.0,2024-03-21T22:18:02.609Z,1711059482609,2.722e-05,,SHIB/USDT
10.50647766,385842.0,2024-03-21T22:18:02.621Z,1711059482621,2.723e-05,,SHIB/USDT
10.50647766,385842.0,2024-03-21T22:18:02.676Z,1711059482676,2.723e-05,,SHIB/USDT
10.50647766,385842.0,2024-03-21T22:18:02.732Z,1711059482732,2.723e-05,,SHIB/USDT
544.4,20000000.0,2024-03-21T22:18:03.061Z,1711059483061,2.722e-05,,SHIB/USDT
465.462,17100000.0,2024-03-21T22:18:03.062Z,1711059483062,2.722e-05,,SHIB/USDT
71.20926208,2616064.0,2024-03-21T22:18:03.393Z,1711059483393,2.722e-05,,SHIB/USDT
82.48566426,3030333.0,2024-03-21T22:18:04.411Z,1711059484411,2.722e-05,,SHIB/USDT
1178.0565576,43279080.0,2024-03-21T22:18:05.049Z,1711059485049,2.722e-05,,SHIB/USDT
4377.3588493,160814065.0,2024-03-21T22:18:05.083Z,1711059485083,2.722e-05,,SHIB/USDT
2056.23434932,75541306.0,2024-03-21T22:18:05.089Z,1711059485089,2.722e-05,,SHIB/USDT
27.22,1000000.0,2024-03-21T22:18:06.544Z,1711059486544,2.722e-05,,SHIB/USDT
15.57313653,571911.0,2024-03-21T22:18:06.972Z,1711059486972,2.723e-05,,SHIB/USDT
9.99999966,367242.0,2024-03-21T22:18:07.309Z,1711059487309,2.723e-05,,SHIB/USDT
660.23459124,24246588.0,2024-03-21T22:18:08.984Z,1711059488984,2.723e-05,,SHIB/USDT
898.23463096,32999068.0,2024-03-21T22:18:08.989Z,1711059488989,2.722e-05,,SHIB/USDT
14.78251275,543275.0,2024-03-21T22:18:09.433Z,1711059489433,2.721e-05,,SHIB/USDT
6559.90464164,240995762.0,2024-03-21T22:18:09.616Z,1711059489616,2.722e-05,,SHIB/USDT
5363.85775998,197055759.0,2024-03-21T22:18:09.617Z,1711059489617,2.722e-05,,SHIB/USDT
10988.29655408,403684664.0,2024-03-21T22:18:09.617Z,1711059489617,2.722e-05,,SHIB/USDT
15.00549995,551065.0,2024-03-21T22:18:09.733Z,1711059489733,2.723e-05,,SHIB/USDT
329.26758347,12092089.0,2024-03-21T22:18:09.833Z,1711059489833,2.723e-05,,SHIB/USDT
1089.2,40000000.0,2024-03-21T22:18:10.179Z,1711059490179,2.723e-05,,SHIB/USDT
13163.39959928,483415336.0,2024-03-21T22:18:10.180Z,1711059490180,2.723e-05,,SHIB/USDT
15511.85729387,569660569.0,2024-03-21T22:18:10.182Z,1711059490182,2.723e-05,,SHIB/USDT
12.00880848,440852.0,2024-03-21T22:18:10.244Z,1711059490244,2.724e-05,,SHIB/USDT
512.41343202,18817974.0,2024-03-21T22:18:10.555Z,1711059490555,2.723e-05,,SHIB/USDT
32.01014481,1175547.0,2024-03-21T22:18:11.696Z,1711059491696,2.723e-05,,SHIB/USDT
39.88998944,1464928.0,2024-03-21T22:18:11.839Z,1711059491839,2.723e-05,,SHIB/USDT
406.80051552,14939424.0,2024-03-21T22:18:12.050Z,1711059492050,2.723e-05,,SHIB/USDT
304.77716654,11192698.0,2024-03-21T22:18:12.056Z,1711059492056,2.723e-05,,SHIB/USDT
329.16664186,12088382.0,2024-03-21T22:18:12.148Z,1711059492148,2.723e-05,,SHIB/USDT
329.21249718,12090066.0,2024-03-21T22:18:12.151Z,1711059492151,2.723e-05,,SHIB/USDT
91.02458015,3342805.0,2024-03-21T22:18:12.343Z,1711059492343,2.723e-05,,SHIB/USDT
3.19909284,117441.0,2024-03-21T22:18:13.041Z,1711059493041,2.724e-05,,SHIB/USDT
8.54943033,313971.0,2024-03-21T22:18:13.141Z,1711059493141,2.723e-05,,SHIB/USDT
544.8,20000000.0,2024-03-21T22:18:13.292Z,1711059493292,2.724e-05,,SHIB/USDT
517.56,19000000.0,2024-03-21T22:18:13.293Z,1711059493293,2.724e-05,,SHIB/USDT
226.13784492,8301683.0,2024-03-21T22:18:13.293Z,1711059493293,2.724e-05,,SHIB/USDT
7931.45543664,291169436.0,2024-03-21T22:18:13.323Z,1711059493323,2.724e-05,,SHIB/USDT
2936.472,107800000.0,2024-03-21T22:18:13.425Z,1711059493425,2.724e-05,,SHIB/USDT
339.72278832,12471468.0,2024-03-21T22:18:13.425Z,1711059493425,2.724e-05,,SHIB/USDT
39.99997872,1468428.0,2024-03-21T22:18:13.614Z,1711059493614,2.724e-05,,SHIB/USDT
19.99998936,734214.0,2024-03-21T22:18:13.691Z,1711059493691,2.724e-05,,SHIB/USDT
153.90608394,5652078.0,2024-03-21T22:18:14.633Z,1711059494633,2.723e-05,,SHIB/USDT
1089.2,40000000.0,2024-03-21T22:18:14.818Z,1711059494818,2.723e-05,,SHIB/USDT
2754.95266228,101173436.0,2024-03-21T22:18:14.822Z,1711059494822,2.723e-05,,SHIB/USDT
413.8029313,15202165.0,2024-03-21T22:18:16.067Z,1711059496067,2.722e-05,,SHIB/USDT
375.34643364,13789362.0,2024-03-21T22:18:16.272Z,1711059496272,2.722e-05,,SHIB/USDT
544.6,20000000.0,2024-03-21T22:18:16.560Z,1711059496560,2.723e-05,,SHIB/USDT
544.6,20000000.0,2024-03-21T22:18:16.568Z,1711059496568,2.723e-05,,SHIB/USDT
544.6,20000000.0,2024-03-21T22:18:16.569Z,1711059496569,2.723e-05,,SHIB/USDT
1086.41856442,39897854.0,2024-03-21T22:18:16.571Z,1711059496571,2.723e-05,,SHIB/USDT
472.71108451,17359937.0,2024-03-21T22:18:16.833Z,1711059496833,2.723e-05,,SHIB/USDT
4.72875504,173596.0,2024-03-21T22:18:17.307Z,1711059497307,2.724e-05,,SHIB/USDT
76.3172487,2802690.0,2024-03-21T22:18:17.310Z,1711059497310,2.723e-05,,SHIB/USDT
10.67048004,391721.0,2024-03-21T22:18:17.458Z,1711059497458,2.724e-05,,SHIB/USDT
113.54634977,4169899.0,2024-03-21T22:18:18.179Z,1711059498179,2.723e-05,,SHIB/USDT
1695.62124928,62270336.0,2024-03-21T22:18:18.848Z,1711059498848,2.723e-05,,SHIB/USDT
929.9567816,34151920.0,2024-03-21T22:18:18.857Z,1711059498857,2.723e-05,,SHIB/USDT
199.9999932,7344840.0,2024-03-21T22:18:19.156Z,1711059499156,2.723e-05,,SHIB/USDT
1088.8,40000000.0,2024-03-21T22:18:19.896Z,1711059499896,2.722e-05,,SHIB/USDT
1797.94752568,66052444.0,2024-03-21T22:18:19.898Z,1711059499898,2.722e-05,,SHIB/USDT
625.83,23000000.0,2024-03-21T22:18:20.245Z,1711059500245,2.721e-05,,SHIB/USDT
5801.11360734,213197854.0,2024-03-21T22:18:20.246Z,1711059500246,2.721e-05,,SHIB/USDT
6686.26715184,245728304.0,2024-03-21T22:18:20.247Z,1711059500247,2.721e-05,,SHIB/USDT
95.0431695,3492950.0,2024-03-21T22:18:20.538Z,1711059500538,2.721e-05,,SHIB/USDT
130.0179856,4780073.0,2024-03-21T22:18:21.187Z,1711059501187,2.72e-05,,SHIB/USDT
322.7337664,11865212.0,2024-03-21T22:18:21.259Z,1711059501259,2.72e-05,,SHIB/USDT
20.02005681,735761.0,2024-03-21T22:18:21.649Z,1711059501649,2.721e-05,,SHIB/USDT
10.51051554,386274.0,2024-03-21T22:18:21.706Z,1711059501706,2.721e-05,,SHIB/USDT
20.02005681,735761.0,2024-03-21T22:18:21.773Z,1711059501773,2.721e-05,,SHIB/USDT
10.51051554,386274.0,2024-03-21T22:18:21.923Z,1711059501923,2.721e-05,,SHIB/USDT
117.5148201,4318810.0,2024-03-21T22:18:22.077Z,1711059502077,2.721e-05,,SHIB/USDT
1088.4,40000000.0,2024-03-21T22:18:22.595Z,1711059502595,2.721e-05,,SHIB/USDT
544.2,20000000.0,2024-03-21T22:18:22.603Z,1711059502603,2.721e-05,,SHIB/USDT
357.14480058,13125498.0,2024-03-21T22:18:22.605Z,1711059502605,2.721e-05,,SHIB/USDT
888.3247,32635000.0,2024-03-21T22:18:22.742Z,1711059502742,2.722e-05,,SHIB/USDT
690.55488957,25378717.0,2024-03-21T22:18:25.274Z,1711059505274,2.721e-05,,SHIB/USDT
89.03560965,3272165.0,2024-03-21T22:18:25.379Z,1711059505379,2.721e-05,,SHIB/USDT
13.605,500000.0,2024-03-21T22:18:27.377Z,1711059507377,2.721e-05,,SHIB/USDT
6.49085398,238459.0,2024-03-21T22:18:28.427Z,1711059508427,2.722e-05,,SHIB/USDT
546.60114645,20088245.0,2024-03-21T22:18:28.706Z,1711059508706,2.721e-05,,SHIB/USDT
203.19896,7470550.0,2024-03-21T22:18:29.067Z,1711059509067,2.72e-05,,SHIB/USDT
32.652,1200000.0,2024-03-21T22:18:30.350Z,1711059510350,2.721e-05,,SHIB/USDT
845.9008512,31099296.0,2024-03-21T22:18:30.381Z,1711059510381,2.72e-05,,SHIB/USDT
2.00924082,73842.0,2024-03-21T22:18:30.903Z,1711059510903,2.721e-05,,SHIB/USDT
37.26999957,1369717.0,2024-03-21T22:18:30.993Z,1711059510993,2.721e-05,,SHIB/USDT
6058.50488,222739150.0,2024-03-21T22:18:31.297Z,1711059511297,2.72e-05,,SHIB/USDT
98.3461152,3615666.0,2024-03-21T22:18:31.337Z,1711059511337,2.72e-05,,SHIB/USDT
4761.7751808,175065264.0,2024-03-21T22:18:31.346Z,1711059511346,2.72e-05,,SHIB/USDT
14.98900944,550864.0,2024-03-21T22:18:32.172Z,1711059512172,2.721e-05,,SHIB/USDT
72.513432,2665935.0,2024-03-21T22:18:32.336Z,1711059512336,2.72e-05,,SHIB/USDT
15.00000228,551268.0,2024-03-21T22:18:33.530Z,1711059513530,2.721e-05,,SHIB/USDT
1.0377616,38153.0,2024-03-21T22:18:34.276Z,1711059514276,2.72e-05,,SHIB/USDT
1187.0814128,43642699.0,2024-03-21T22:18:35.251Z,1711059515251,2.72e-05,,SHIB/USDT
39.0664352,1436266.0,2024-03-21T22:18:35.338Z,1711059515338,2.72e-05,,SHIB/USDT
2216.14198665,81445865.0,2024-03-21T22:18:35.389Z,1711059515389,2.721e-05,,SHIB/USDT
351.92412672,12933632.0,2024-03-21T22:18:35.431Z,1711059515431,2.721e-05,,SHIB/USDT
3972.26904,145932000.0,2024-03-21T22:18:36.077Z,1711059516077,2.722e-05,,SHIB/USDT
4.99552328,183524.0,2024-03-21T22:18:36.177Z,1711059516177,2.722e-05,,SHIB/USDT
838.71396352,30812416.0,2024-03-21T22:18:36.201Z,1711059516201,2.722e-05,,SHIB/USDT
51.83131686,1904163.0,2024-03-21T22:18:36.311Z,1711059516311,2.722e-05,,SHIB/USDT
2934.316,107800000.0,2024-03-21T22:18:36.363Z,1711059516363,2.722e-05,,SHIB/USDT
1707.64694498,62735009.0,2024-03-21T22:18:36.363Z,1711059516363,2.722e-05,,SHIB/USDT
1.2987333,47730.0,2024-03-21T22:18:36.500Z,1711059516500,2.721e-05,,SHIB/USDT
2843.31455874,104456817.0,2024-03-21T22:18:38.062Z,1711059518062,2.722e-05,,SHIB/USDT
1160.03021309,42601183.0,2024-03-21T22:18:38.062Z,1711059518062,2.723e-05,,SHIB/USDT
6326.61731928,232425324.0,2024-03-21T22:18:39.423Z,1711059519423,2.722e-05,,SHIB/USDT
4620.04472048,169729784.0,2024-03-21T22:18:39.424Z,1711059519424,2.722e-05,,SHIB/USDT
4727.95187768,173694044.0,2024-03-21T22:18:39.425Z,1711059519425,2.722e-05,,SHIB/USDT
2264.29131758,83184839.0,2024-03-21T22:18:39.425Z,1711059519425,2.722e-05,,SHIB/USDT
2934.316,107800000.0,2024-03-21T22:18:39.425Z,1711059519425,2.722e-05,,SHIB/USDT
1066.06808804,39164882.0,2024-03-21T22:18:39.425Z,1711059519425,2.722e-05,,SHIB/USDT
2142.96606138,78727629.0,2024-03-21T22:18:39.469Z,1711059519469,2.722e-05,,SHIB/USDT
8.02630696,294868.0,2024-03-21T22:18:39.474Z,1711059519474,2.722e-05,,SHIB/USDT
2838.86365,104255000.0,2024-03-21T22:18:39.516Z,1711059519516,2.723e-05,,SHIB/USDT
29.02718,1066000.0,2024-03-21T22:18:39.550Z,1711059519550,2.723e-05,,SHIB/USDT
46.274,1700000.0,2024-03-21T22:18:39.637Z,1711059519637,2.722e-05,,SHIB/USDT
1303.7724,47880000.0,2024-03-21T22:18:40.034Z,1711059520034,2.723e-05,,SHIB/USDT
523.60567,19229000.0,2024-03-21T22:18:40.129Z,1711059520129,2.723e-05,,SHIB/USDT
291.74222,10714000.0,2024-03-21T22:18:40.271Z,1711059520271,2.723e-05,,SHIB/USDT
1882.32821,69127000.0,2024-03-21T22:18:40.560Z,1711059520560,2.723e-05,,SHIB/USDT
24.99640479,917973.0,2024-03-21T22:18:41.057Z,1711059521057,2.723e-05,,SHIB/USDT
22.70982,834000.0,2024-03-21T22:18:41.424Z,1711059521424,2.723e-05,,SHIB/USDT
322.74411028,11856874.0,2024-03-21T22:18:41.488Z,1711059521488,2.722e-05,,SHIB/USDT
5.06478,186000.0,2024-03-21T22:18:41.677Z,1711059521677,2.723e-05,,SHIB/USDT
1088.8,40000000.0,2024-03-21T22:18:42.147Z,1711059522147,2.722e-05,,SHIB/USDT
7630.9619107,280343935.0,2024-03-21T22:18:42.147Z,1711059522147,2.722e-05,,SHIB/USDT
544.2,20000000.0,2024-03-21T22:18:42.873Z,1711059522873,2.721e-05,,SHIB/USDT
544.2,20000000.0,2024-03-21T22:18:42.873Z,1711059522873,2.721e-05,,SHIB/USDT
6010.94442027,220909387.0,2024-03-21T22:18:42.874Z,1711059522874,2.721e-05,,SHIB/USDT
6364.94026197,233919157.0,2024-03-21T22:18:42.874Z,1711059522874,2.721e-05,,SHIB/USDT
2387.08168263,87728103.0,2024-03-21T22:18:42.875Z,1711059522875,2.721e-05,,SHIB/USDT
964.27946262,35438422.0,2024-03-21T22:18:42.875Z,1711059522875,2.721e-05,,SHIB/USDT
544.2,20000000.0,2024-03-21T22:18:42.911Z,1711059522911,2.721e-05,,SHIB/USDT
195.2129312,7176946.0,2024-03-21T22:18:43.505Z,1711059523505,2.72e-05,,SHIB/USDT
65.081712,2392710.0,2024-03-21T22:18:43.554Z,1711059523554,2.72e-05,,SHIB/USDT
65.081712,2392710.0,2024-03-21T22:18:43.679Z,1711059523679,2.72e-05,,SHIB/USDT
37.3295792,1372411.0,2024-03-21T22:18:43.760Z,1711059523760,2.72e-05,,SHIB/USDT
4365.1127664,160482087.0,2024-03-21T22:18:44.012Z,1711059524012,2.72e-05,,SHIB/USDT
799.16451026,29391854.0,2024-03-21T22:18:44.873Z,1711059524873,2.719e-05,,SHIB/USDT
9581.6098496,352265068.0,2024-03-21T22:18:45.421Z,1711059525421,2.72e-05,,SHIB/USDT
4007.755032,147343935.0,2024-03-21T22:18:45.421Z,1711059525421,2.72e-05,,SHIB/USDT
1414.34859,51979000.0,2024-03-21T22:18:45.431Z,1711059525431,2.721e-05,,SHIB/USDT
3788.06736,139216000.0,2024-03-21T22:18:45.432Z,1711059525432,2.721e-05,,SHIB/USDT
565.53264,20784000.0,2024-03-21T22:18:45.433Z,1711059525433,2.721e-05,,SHIB/USDT
762.45141,28021000.0,2024-03-21T22:18:45.433Z,1711059525433,2.721e-05,,SHIB/USDT
4056.76611,149091000.0,2024-03-21T22:18:45.433Z,1711059525433,2.721e-05,,SHIB/USDT
296.83389,10909000.0,2024-03-21T22:18:45.436Z,1711059525436,2.721e-05,,SHIB/USDT
1088.4,40000000.0,2024-03-21T22:18:45.439Z,1711059525439,2.721e-05,,SHIB/USDT
9.99997431,367511.0,2024-03-21T22:18:45.895Z,1711059525895,2.721e-05,,SHIB/USDT
544.0,20000000.0,2024-03-21T22:18:45.918Z,1711059525918,2.72e-05,,SHIB/USDT
4588.64,168700000.0,2024-03-21T22:18:45.934Z,1711059525934,2.72e-05,,SHIB/USDT
6824.48,250900000.0,2024-03-21T22:18:45.935Z,1711059525935,2.72e-05,,SHIB/USDT
7548.581672,277521385.0,2024-03-21T22:18:45.935Z,1711059525935,2.72e-05,,SHIB/USDT
5220.029384,191912845.0,2024-03-21T22:18:45.935Z,1711059525935,2.72e-05,,SHIB/USDT
11728.64,431200000.0,2024-03-21T22:18:46.455Z,1711059526455,2.72e-05,,SHIB/USDT
1309.8435808,48156014.0,2024-03-21T22:18:46.458Z,1711059526458,2.72e-05,,SHIB/USDT
3083.9286832,113379731.0,2024-03-21T22:18:47.158Z,1711059527158,2.72e-05,,SHIB/USDT
1570.71221909,57768011.0,2024-03-21T22:18:47.515Z,1711059527515,2.719e-05,,SHIB/USDT
104.70643323,3850917.0,2024-03-21T22:18:48.405Z,1711059528405,2.719e-05,,SHIB/USDT
1088.0,40000000.0,2024-03-21T22:18:49.662Z,1711059529662,2.72e-05,,SHIB/USDT
3920.7164192,144143986.0,2024-03-21T22:18:49.662Z,1711059529662,2.72e-05,,SHIB/USDT
11845.6,435500000.0,2024-03-21T22:18:49.663Z,1711059529663,2.72e-05,,SHIB/USDT
1797.0627376,66068483.0,2024-03-21T22:18:49.663Z,1711059529663,2.72e-05,,SHIB/USDT
583.06314507,21428267.0,2024-03-21T22:18:49.668Z,1711059529668,2.721e-05,,SHIB/USDT
7661.3827376,281668483.0,2024-03-21T22:18:50.074Z,1711059530074,2.72e-05,,SHIB/USDT
148.402656,5455980.0,2024-03-21T22:18:50.087Z,1711059530087,2.72e-05,,SHIB/USDT
849.95730637,31259923.0,2024-03-21T22:18:50.334Z,1711059530334,2.719e-05,,SHIB/USDT
21.1361465,777350.0,2024-03-21T22:18:50.577Z,1711059530577,2.719e-05,,SHIB/USDT
264.20068927,9716833.0,2024-03-21T22:18:50.683Z,1711059530683,2.719e-05,,SHIB/USDT
12.38191815,455385.0,2024-03-21T22:18:51.389Z,1711059531389,2.719e-05,,SHIB/USDT
3287.4641616,120862653.0,2024-03-21T22:18:52.546Z,1711059532546,2.72e-05,,SHIB/USDT
68.0,2500000.0,2024-03-21T22:18:52.771Z,1711059532771,2.72e-05,,SHIB/USDT
2.1216,78000.0,2024-03-21T22:18:53.300Z,1711059533300,2.72e-05,,SHIB/USDT
986.4739872,36267426.0,2024-03-21T22:18:53.583Z,1711059533583,2.72e-05,,SHIB/USDT
69.99998343,2572583.0,2024-03-21T22:18:54.970Z,1711059534970,2.721e-05,,SHIB/USDT
9.99997431,367511.0,2024-03-21T22:18:54.974Z,1711059534974,2.721e-05,,SHIB/USDT
1789.7090544,65798127.0,2024-03-21T22:18:55.064Z,1711059535064,2.72e-05,,SHIB/USDT
592.2103952,21772441.0,2024-03-21T22:18:55.170Z,1711059535170,2.72e-05,,SHIB/USDT
1197.3167456,44018998.0,2024-03-21T22:18:56.544Z,1711059536544,2.72e-05,,SHIB/USDT
237.8555952,8744691.0,2024-03-21T22:18:56.740Z,1711059536740,2.72e-05,,SHIB/USDT
7.6628384,281722.0,2024-03-21T22:18:57.000Z,1711059537000,2.72e-05,,SHIB/USDT
555.0269344,20405402.0,2024-03-21T22:18:58.999Z,1711059538999,2.72e-05,,SHIB/USDT
544.0,20000000.0,2024-03-21T22:18:59.211Z,1711059539211,2.72e-05,,SHIB/USDT
3969.4958112,145937346.0,2024-03-21T22:18:59.215Z,1711059539215,2.72e-05,,SHIB/USDT
742.56,27300000.0,2024-03-21T22:18:59.218Z,1711059539218,2.72e-05,,SHIB/USDT
1088.0,40000000.0,2024-03-21T22:18:59.218Z,1711059539218,2.72e-05,,SHIB/USDT
3905.0627104,143568482.0,2024-03-21T22:18:59.219Z,1711059539219,2.72e-05,,SHIB/USDT
1230.3928976,45235033.0,2024-03-21T22:18:59.613Z,1711059539613,2.72e-05,,SHIB/USDT
3.99644154,146874.0,2024-03-21T22:19:00.437Z,1711059540437,2.721e-05,,SHIB/USDT
33.572552,1234285.0,2024-03-21T22:19:01.366Z,1711059541366,2.72e-05,,SHIB/USDT
1396.0113856,51323948.0,2024-03-21T22:19:01.542Z,1711059541542,2.72e-05,,SHIB/USDT
259.5578768,9542569.0,2024-03-21T22:19:02.216Z,1711059542216,2.72e-05,,SHIB/USDT
544.2,20000000.0,2024-03-21T22:19:04.015Z,1711059544015,2.721e-05,,SHIB/USDT
10959.17747502,402762862.0,2024-03-21T22:19:04.025Z,1711059544025,2.721e-05,,SHIB/USDT
2934.16686777,107834137.0,2024-03-21T22:19:04.503Z,1711059544503,2.721e-05,,SHIB/USDT
4271.97,157000000.0,2024-03-21T22:19:04.507Z,1711059544507,2.721e-05,,SHIB/USDT
1088.4,40000000.0,2024-03-21T22:19:04.508Z,1711059544508,2.721e-05,,SHIB/USDT
882.01307514,32415034.0,2024-03-21T22:19:04.509Z,1711059544509,2.721e-05,,SHIB/USDT
173.553543,6378300.0,2024-03-21T22:19:04.685Z,1711059544685,2.721e-05,,SHIB/USDT
6.56438529,241249.0,2024-03-21T22:19:05.395Z,1711059545395,2.721e-05,,SHIB/USDT
67.09986,2466000.0,2024-03-21T22:19:06.093Z,1711059546093,2.721e-05,,SHIB/USDT
3363.83625,123625000.0,2024-03-21T22:19:06.093Z,1711059546093,2.721e-05,,SHIB/USDT
1.55097,57000.0,2024-03-21T22:19:06.093Z,1711059546093,2.721e-05,,SHIB/USDT
542.24088,19928000.0,2024-03-21T22:19:06.093Z,1711059546093,2.721e-05,,SHIB/USDT
56.35191,2071000.0,2024-03-21T22:19:06.093Z,1711059546093,2.721e-05,,SHIB/USDT
498.97698,18338000.0,2024-03-21T22:19:06.093Z,1711059546093,2.721e-05,,SHIB/USDT
17.57763279,645999.0,2024-03-21T22:19:06.093Z,1711059546093,2.721e-05,,SHIB/USDT
91.58886,3366000.0,2024-03-21T22:19:06.093Z,1711059546093,2.721e-05,,SHIB/USDT
42.2369946,1552260.0,2024-03-21T22:19:06.104Z,1711059546104,2.721e-05,,SHIB/USDT
1623.91087558,59658739.0,2024-03-21T22:19:06.104Z,1711059546104,2.722e-05,,SHIB/USDT
453.75742722,16670001.0,2024-03-21T22:19:06.104Z,1711059546104,2.722e-05,,SHIB/USDT
888.3247,32635000.0,2024-03-21T22:19:06.129Z,1711059546129,2.722e-05,,SHIB/USDT
468.15678,17199000.0,2024-03-21T22:19:06.153Z,1711059546153,2.722e-05,,SHIB/USDT
588.19698,21609000.0,2024-03-21T22:19:06.154Z,1711059546154,2.722e-05,,SHIB/USDT
368.12328,13524000.0,2024-03-21T22:19:06.155Z,1711059546155,2.722e-05,,SHIB/USDT
666.23672,24476000.0,2024-03-21T22:19:06.157Z,1711059546157,2.722e-05,,SHIB/USDT
688.23048,25284000.0,2024-03-21T22:19:06.164Z,1711059546164,2.722e-05,,SHIB/USDT
666.23672,24476000.0,2024-03-21T22:19:06.164Z,1711059546164,2.722e-05,,SHIB/USDT
666.23672,24476000.0,2024-03-21T22:19:06.165Z,1711059546165,2.722e-05,,SHIB/USDT
888.3247,32635000.0,2024-03-21T22:19:06.166Z,1711059546166,2.722e-05,,SHIB/USDT
333.24074,12238000.0,2024-03-21T22:19:06.232Z,1711059546232,2.723e-05,,SHIB/USDT
688.48332,25284000.0,2024-03-21T22:19:06.233Z,1711059546233,2.723e-05,,SHIB/USDT
2934.316,107800000.0,2024-03-21T22:19:06.282Z,1711059546282,2.722e-05,,SHIB/USDT
899.50604994,33045777.0,2024-03-21T22:19:06.481Z,1711059546481,2.722e-05,,SHIB/USDT
27.22,1000000.0,2024-03-21T22:19:06.690Z,1711059546690,2.722e-05,,SHIB/USDT
544.4,20000000.0,2024-03-21T22:19:06.770Z,1711059546770,2.722e-05,,SHIB/USDT
544.4,20000000.0,2024-03-21T22:19:06.770Z,1711059546770,2.722e-05,,SHIB/USDT
9687.598,355900000.0,2024-03-21T22:19:06.771Z,1711059546771,2.722e-05,,SHIB/USDT
802.7391677,29490785.0,2024-03-21T22:19:06.771Z,1711059546771,2.722e-05,,SHIB/USDT
117.53767486,4318063.0,2024-03-21T22:19:06.905Z,1711059546905,2.722e-05,,SHIB/USDT
20.70237477,760837.0,2024-03-21T22:19:07.271Z,1711059547271,2.721e-05,,SHIB/USDT
297.54486009,10935129.0,2024-03-21T22:19:07.325Z,1711059547325,2.721e-05,,SHIB/USDT
6891.59051943,253274183.0,2024-03-21T22:19:07.515Z,1711059547515,2.721e-05,,SHIB/USDT
7435.87015508,273176714.0,2024-03-21T22:19:07.773Z,1711059547773,2.722e-05,,SHIB/USDT
16755.57036174,615334938.0,2024-03-21T22:19:07.773Z,1711059547773,2.723e-05,,SHIB/USDT
519.49742914,19085137.0,2024-03-21T22:19:09.272Z,1711059549272,2.722e-05,,SHIB/USDT
849.50976938,31209029.0,2024-03-21T22:19:09.655Z,1711059549655,2.722e-05,,SHIB/USDT
258.72321468,9504894.0,2024-03-21T22:19:09.656Z,1711059549656,2.722e-05,,SHIB/USDT
19.99997666,734753.0,2024-03-21T22:19:10.093Z,1711059550093,2.722e-05,,SHIB/USDT
499.99998812,18368846.0,2024-03-21T22:19:10.298Z,1711059550298,2.722e-05,,SHIB/USDT
9.48725628,348668.0,2024-03-21T22:19:11.400Z,1711059551400,2.721e-05,,SHIB/USDT
94.79833392,3483952.0,2024-03-21T22:19:11.570Z,1711059551570,2.721e-05,,SHIB/USDT
1692.45380256,62176848.0,2024-03-21T22:19:12.240Z,1711059552240,2.722e-05,,SHIB/USDT
237.7486699,8731130.0,2024-03-21T22:19:12.427Z,1711059552427,2.723e-05,,SHIB/USDT
291.254,10700000.0,2024-03-21T22:19:13.429Z,1711059553429,2.722e-05,,SHIB/USDT
4708.90993614,172994487.0,2024-03-21T22:19:13.430Z,1711059553430,2.722e-05,,SHIB/USDT
2199.84633438,80817279.0,2024-03-21T22:19:14.189Z,1711059554189,2.722e-05,,SHIB/USDT
27.08399274,994638.0,2024-03-21T22:19:14.458Z,1711059554458,2.723e-05,,SHIB/USDT
10.00087102,367274.0,2024-03-21T22:19:16.021Z,1711059556021,2.723e-05,,SHIB/USDT
42.74449148,1570334.0,2024-03-21T22:19:16.125Z,1711059556125,2.722e-05,,SHIB/USDT
13011.72519608,478020764.0,2024-03-21T22:19:20.795Z,1711059560795,2.722e-05,,SHIB/USDT
19.98213644,733828.0,2024-03-21T22:19:23.187Z,1711059563187,2.723e-05,,SHIB/USDT
113.24859224,4160492.0,2024-03-21T22:19:24.038Z,1711059564038,2.722e-05,,SHIB/USDT
6478.59278544,238008552.0,2024-03-21T22:19:24.916Z,1711059564916,2.722e-05,,SHIB/USDT
2230.39038634,81939397.0,2024-03-21T22:19:24.924Z,1711059564924,2.722e-05,,SHIB/USDT
199.99998436,7347538.0,2024-03-21T22:19:25.445Z,1711059565445,2.722e-05,,SHIB/USDT
2409.01080278,88501499.0,2024-03-21T22:19:25.524Z,1711059565524,2.722e-05,,SHIB/USDT
640.94356936,23546788.0,2024-03-21T22:19:26.045Z,1711059566045,2.722e-05,,SHIB/USDT
406.7168848,14941840.0,2024-03-21T22:19:26.072Z,1711059566072,2.722e-05,,SHIB/USDT
20.70098121,760227.0,2024-03-21T22:19:26.263Z,1711059566263,2.723e-05,,SHIB/USDT
4.93106632,181156.0,2024-03-21T22:19:26.798Z,1711059566798,2.722e-05,,SHIB/USDT
1210.22221012,44444444.0,2024-03-21T22:19:26.981Z,1711059566981,2.723e-05,,SHIB/USDT
197.23181863,7243181.0,2024-03-21T22:19:27.823Z,1711059567823,2.723e-05,,SHIB/USDT
9.01419197,331039.0,2024-03-21T22:19:29.131Z,1711059569131,2.723e-05,,SHIB/USDT
332.34860351,12205237.0,2024-03-21T22:19:29.544Z,1711059569544,2.723e-05,,SHIB/USDT
103.65109244,3807902.0,2024-03-21T22:19:29.741Z,1711059569741,2.722e-05,,SHIB/USDT
6483.64410972,238194126.0,2024-03-21T22:19:29.821Z,1711059569821,2.722e-05,,SHIB/USDT
544.4,20000000.0,2024-03-21T22:19:29.822Z,1711059569822,2.722e-05,,SHIB/USDT
23317.2813264,856623120.0,2024-03-21T22:19:29.822Z,1711059569822,2.722e-05,,SHIB/USDT
5.16067581,189661.0,2024-03-21T22:19:30.151Z,1711059570151,2.721e-05,,SHIB/USDT
99.8371077,3667785.0,2024-03-21T22:19:30.171Z,1711059570171,2.722e-05,,SHIB/USDT
34.342113,1261650.0,2024-03-21T22:19:31.423Z,1711059571423,2.722e-05,,SHIB/USDT
8.56030892,314486.0,2024-03-21T22:19:31.423Z,1711059571423,2.722e-05,,SHIB/USDT
6.9553905,255525.0,2024-03-21T22:19:31.547Z,1711059571547,2.722e-05,,SHIB/USDT
7.72125242,283661.0,2024-03-21T22:19:31.571Z,1711059571571,2.722e-05,,SHIB/USDT
253.38743811,9312291.0,2024-03-21T22:19:31.644Z,1711059571644,2.721e-05,,SHIB/USDT
1806.42409203,66388243.0,2024-03-21T22:19:31.826Z,1711059571826,2.721e-05,,SHIB/USDT
9581.67185085,352137885.0,2024-03-21T22:19:32.911Z,1711059572911,2.721e-05,,SHIB/USDT
2266.71990744,83304664.0,2024-03-21T22:19:32.911Z,1711059572911,2.721e-05,,SHIB/USDT
1491.21645906,54803986.0,2024-03-21T22:19:33.948Z,1711059573948,2.721e-05,,SHIB/USDT
544.0,20000000.0,2024-03-21T22:19:35.775Z,1711059575775,2.72e-05,,SHIB/USDT
1080.064264,39708245.0,2024-03-21T22:19:35.775Z,1711059575775,2.72e-05,,SHIB/USDT
280.32438646,10309834.0,2024-03-21T22:19:36.034Z,1711059576034,2.719e-05,,SHIB/USDT
373.30067303,13729337.0,2024-03-21T22:19:36.034Z,1711059576034,2.719e-05,,SHIB/USDT
1078.66950264,39686148.0,2024-03-21T22:19:36.149Z,1711059576149,2.718e-05,,SHIB/USDT
270.5976927,9955765.0,2024-03-21T22:19:36.542Z,1711059576542,2.718e-05,,SHIB/USDT
4380.4074861,161162895.0,2024-03-21T22:19:36.544Z,1711059576544,2.718e-05,,SHIB/USDT
4523.93313408,166443456.0,2024-03-21T22:19:36.592Z,1711059576592,2.718e-05,,SHIB/USDT
12490.56456966,459549837.0,2024-03-21T22:19:36.633Z,1711059576633,2.718e-05,,SHIB/USDT
3.09052908,113706.0,2024-03-21T22:19:36.645Z,1711059576645,2.718e-05,,SHIB/USDT
1083.5493183,39865685.0,2024-03-21T22:19:36.649Z,1711059576649,2.718e-05,,SHIB/USDT
419.42029665,15425535.0,2024-03-21T22:19:36.861Z,1711059576861,2.719e-05,,SHIB/USDT
1028.8228332,37838280.0,2024-03-21T22:19:36.958Z,1711059576958,2.719e-05,,SHIB/USDT
641.60243,23597000.0,2024-03-21T22:19:36.958Z,1711059576958,2.719e-05,,SHIB/USDT
1087.6,40000000.0,2024-03-21T22:19:37.763Z,1711059577763,2.719e-05,,SHIB/USDT
16677.87827762,613382798.0,2024-03-21T22:19:37.764Z,1711059577764,2.719e-05,,SHIB/USDT
6951.56677857,255666303.0,2024-03-21T22:19:39.291Z,1711059579291,2.719e-05,,SHIB/USDT
117.26913769,4312951.0,2024-03-21T22:19:39.291Z,1711059579291,2.719e-05,,SHIB/USDT
6.39321189,235131.0,2024-03-21T22:19:39.901Z,1711059579901,2.719e-05,,SHIB/USDT
5862.164,215600000.0,2024-03-21T22:19:40.647Z,1711059580647,2.719e-05,,SHIB/USDT
7559.9029777,278039830.0,2024-03-21T22:19:40.647Z,1711059580647,2.719e-05,,SHIB/USDT
9.9999984,367647.0,2024-03-21T22:19:40.878Z,1711059580878,2.72e-05,,SHIB/USDT
432.5815376,15903733.0,2024-03-21T22:19:41.872Z,1711059581872,2.72e-05,,SHIB/USDT
15.80109189,580709.0,2024-03-21T22:19:42.752Z,1711059582752,2.721e-05,,SHIB/USDT
100.7034304,3702332.0,2024-03-21T22:19:42.765Z,1711059582765,2.72e-05,,SHIB/USDT
155.04,5700000.0,2024-03-21T22:19:43.553Z,1711059583553,2.72e-05,,SHIB/USDT
1692.190336,62212880.0,2024-03-21T22:19:44.832Z,1711059584832,2.72e-05,,SHIB/USDT
44.99997963,1653803.0,2024-03-21T22:19:46.004Z,1711059586004,2.721e-05,,SHIB/USDT
459.01988409,16869529.0,2024-03-21T22:19:47.722Z,1711059587722,2.721e-05,,SHIB/USDT
8.16,300000.0,2024-03-21T22:19:48.674Z,1711059588674,2.72e-05,,SHIB/USDT
5034.07434645,185008245.0,2024-03-21T22:19:50.366Z,1711059590366,2.721e-05,,SHIB/USDT
10289.45292885,378149685.0,2024-03-21T22:19:50.366Z,1711059590366,2.721e-05,,SHIB/USDT
16.02617301,588981.0,2024-03-21T22:19:50.463Z,1711059590463,2.721e-05,,SHIB/USDT
102.91211103,3782143.0,2024-03-21T22:19:51.191Z,1711059591191,2.721e-05,,SHIB/USDT
9.99997472,367376.0,2024-03-21T22:19:51.633Z,1711059591633,2.722e-05,,SHIB/USDT
1510.36372791,55507671.0,2024-03-21T22:19:52.459Z,1711059592459,2.721e-05,,SHIB/USDT
21.53937654,791307.0,2024-03-21T22:19:53.364Z,1711059593364,2.722e-05,,SHIB/USDT
172.8365595,6351950.0,2024-03-21T22:19:53.563Z,1711059593563,2.721e-05,,SHIB/USDT
3.82765791,140671.0,2024-03-21T22:19:53.995Z,1711059593995,2.721e-05,,SHIB/USDT
2789.93280723,102533363.0,2024-03-21T22:19:54.565Z,1711059594565,2.721e-05,,SHIB/USDT
8.1791216,300703.0,2024-03-21T22:19:55.071Z,1711059595071,2.72e-05,,SHIB/USDT
2211.59432493,81278733.0,2024-03-21T22:19:56.498Z,1711059596498,2.721e-05,,SHIB/USDT
534.12774362,19622621.0,2024-03-21T22:19:56.954Z,1711059596954,2.722e-05,,SHIB/USDT
99.68026606,3662023.0,2024-03-21T22:19:58.744Z,1711059598744,2.722e-05,,SHIB/USDT
455.61595438,16738279.0,2024-03-21T22:20:00.099Z,1711059600099,2.722e-05,,SHIB/USDT
2249.43664372,82608764.0,2024-03-21T22:20:00.329Z,1711059600329,2.723e-05,,SHIB/USDT
1109.58699208,40748696.0,2024-03-21T22:20:00.330Z,1711059600330,2.723e-05,,SHIB/USDT
4056.55594771,148973777.0,2024-03-21T22:20:00.330Z,1711059600330,2.723e-05,,SHIB/USDT
534.88931909,19643383.0,2024-03-21T22:20:00.331Z,1711059600331,2.723e-05,,SHIB/USDT
663.9501792,24383040.0,2024-03-21T22:20:00.331Z,1711059600331,2.723e-05,,SHIB/USDT
5026.658,184600000.0,2024-03-21T22:20:00.332Z,1711059600332,2.723e-05,,SHIB/USDT
5196.06310041,190821267.0,2024-03-21T22:20:00.334Z,1711059600334,2.723e-05,,SHIB/USDT
2018.69888192,74135104.0,2024-03-21T22:20:00.334Z,1711059600334,2.723e-05,,SHIB/USDT
62.79634476,2305299.0,2024-03-21T22:20:01.180Z,1711059601180,2.724e-05,,SHIB/USDT
4964.029,182300000.0,2024-03-21T22:20:01.209Z,1711059601209,2.723e-05,,SHIB/USDT
1089.2,40000000.0,2024-03-21T22:20:01.209Z,1711059601209,2.723e-05,,SHIB/USDT
5994.89449776,220157712.0,2024-03-21T22:20:01.209Z,1711059601209,2.723e-05,,SHIB/USDT
10474.98608331,384685497.0,2024-03-21T22:20:01.209Z,1711059601209,2.723e-05,,SHIB/USDT
8.23830035,302545.0,2024-03-21T22:20:01.210Z,1711059601210,2.723e-05,,SHIB/USDT
13.66904018,502169.0,2024-03-21T22:20:01.428Z,1711059601428,2.722e-05,,SHIB/USDT
15.01146332,551284.0,2024-03-21T22:20:01.950Z,1711059601950,2.723e-05,,SHIB/USDT
544.4,20000000.0,2024-03-21T22:20:03.306Z,1711059603306,2.722e-05,,SHIB/USDT
1088.8,40000000.0,2024-03-21T22:20:03.324Z,1711059603324,2.722e-05,,SHIB/USDT
776.07415628,28511174.0,2024-03-21T22:20:03.334Z,1711059603334,2.722e-05,,SHIB/USDT
8.72915458,320689.0,2024-03-21T22:20:03.749Z,1711059603749,2.722e-05,,SHIB/USDT
31.95828105,1174505.0,2024-03-21T22:20:03.752Z,1711059603752,2.721e-05,,SHIB/USDT
544.2,20000000.0,2024-03-21T22:20:06.392Z,1711059606392,2.721e-05,,SHIB/USDT
580.29817371,21326651.0,2024-03-21T22:20:06.495Z,1711059606495,2.721e-05,,SHIB/USDT
132.84321987,4882147.0,2024-03-21T22:20:06.497Z,1711059606497,2.721e-05,,SHIB/USDT
28.0094176,1029758.0,2024-03-21T22:20:06.552Z,1711059606552,2.72e-05,,SHIB/USDT
24.57550059,903179.0,2024-03-21T22:20:07.183Z,1711059607183,2.721e-05,,SHIB/USDT
2644.62455031,97193111.0,2024-03-21T22:20:07.261Z,1711059607261,2.721e-05,,SHIB/USDT
3831.168,140800000.0,2024-03-21T22:20:08.073Z,1711059608073,2.721e-05,,SHIB/USDT
1643.16828237,60388397.0,2024-03-21T22:20:08.073Z,1711059608073,2.721e-05,,SHIB/USDT
1088.4,40000000.0,2024-03-21T22:20:08.379Z,1711059608379,2.721e-05,,SHIB/USDT
689.21123256,25329336.0,2024-03-21T22:20:08.383Z,1711059608383,2.721e-05,,SHIB/USDT
8.08434,297000.0,2024-03-21T22:20:08.984Z,1711059608984,2.722e-05,,SHIB/USDT
25.02811173,919813.0,2024-03-21T22:20:09.190Z,1711059609190,2.721e-05,,SHIB/USDT
1799.83720407,66146167.0,2024-03-21T22:20:10.113Z,1711059610113,2.721e-05,,SHIB/USDT
890.89700409,32741529.0,2024-03-21T22:20:10.623Z,1711059610623,2.721e-05,,SHIB/USDT
1069.636192,39324860.0,2024-03-21T22:20:14.253Z,1711059614253,2.72e-05,,SHIB/USDT
1088.4,40000000.0,2024-03-21T22:20:14.470Z,1711059614470,2.721e-05,,SHIB/USDT
1719.68419008,63200448.0,2024-03-21T22:20:14.473Z,1711059614473,2.721e-05,,SHIB/USDT
12486.64491915,458899115.0,2024-03-21T22:20:15.064Z,1711059615064,2.721e-05,,SHIB/USDT
767.27615115,28198315.0,2024-03-21T22:20:15.246Z,1711059615246,2.721e-05,,SHIB/USDT
12.44441187,457347.0,2024-03-21T22:20:16.841Z,1711059616841,2.721e-05,,SHIB/USDT
5.60319204,205924.0,2024-03-21T22:20:17.137Z,1711059617137,2.721e-05,,SHIB/USDT
4.6280256,170148.0,2024-03-21T22:20:17.902Z,1711059617902,2.72e-05,,SHIB/USDT
185.03545554,6800274.0,2024-03-21T22:20:20.242Z,1711059620242,2.721e-05,,SHIB/USDT
12.20782092,448652.0,2024-03-21T22:20:21.987Z,1711059621987,2.721e-05,,SHIB/USDT
55.4142608,2037289.0,2024-03-21T22:20:23.547Z,1711059623547,2.72e-05,,SHIB/USDT
760.9069704,27964240.0,2024-03-21T22:20:23.981Z,1711059623981,2.721e-05,,SHIB/USDT
4.5764544,168252.0,2024-03-21T22:20:25.123Z,1711059625123,2.72e-05,,SHIB/USDT
797.24396628,29299668.0,2024-03-21T22:20:25.545Z,1711059625545,2.721e-05,,SHIB/USDT
304.3985421,11187010.0,2024-03-21T22:20:26.076Z,1711059626076,2.721e-05,,SHIB/USDT
544.2,20000000.0,2024-03-21T22:20:26.163Z,1711059626163,2.721e-05,,SHIB/USDT
450.85805412,16569572.0,2024-03-21T22:20:26.163Z,1711059626163,2.721e-05,,SHIB/USDT
3092.3641376,113689858.0,2024-03-21T22:20:28.151Z,1711059628151,2.72e-05,,SHIB/USDT
5452.8656,200473000.0,2024-03-21T22:20:28.151Z,1711059628151,2.72e-05,,SHIB/USDT
3871.3907968,142330544.0,2024-03-21T22:20:28.154Z,1711059628154,2.72e-05,,SHIB/USDT
390.2723456,14348248.0,2024-03-21T22:20:28.155Z,1711059628155,2.72e-05,,SHIB/USDT
1462.7453616,53777403.0,2024-03-21T22:20:28.155Z,1711059628155,2.72e-05,,SHIB/USDT
389.9522832,14336481.0,2024-03-21T22:20:28.660Z,1711059628660,2.72e-05,,SHIB/USDT
499.8162384,18375597.0,2024-03-21T22:20:29.085Z,1711059629085,2.72e-05,,SHIB/USDT
242.5696032,8921280.0,2024-03-21T22:20:30.806Z,1711059630806,2.719e-05,,SHIB/USDT
242.5696032,8921280.0,2024-03-21T22:20:30.806Z,1711059630806,2.719e-05,,SHIB/USDT
242.5696032,8921280.0,2024-03-21T22:20:30.806Z,1711059630806,2.719e-05,,SHIB/USDT
242.5696032,8921280.0,2024-03-21T22:20:30.806Z,1711059630806,2.719e-05,,SHIB/USDT
242.5696032,8921280.0,2024-03-21T22:20:30.806Z,1711059630806,2.719e-05,,SHIB/USDT
156.15972882,5743278.0,2024-03-21T22:20:30.909Z,1711059630909,2.719e-05,,SHIB/USDT
50.408028,1854600.0,2024-03-21T22:20:32.189Z,1711059632189,2.718e-05,,SHIB/USDT
5437.69389498,199988742.0,2024-03-21T22:20:32.392Z,1711059632392,2.719e-05,,SHIB/USDT
227.5991824,8367617.0,2024-03-21T22:20:33.375Z,1711059633375,2.72e-05,,SHIB/USDT
400.4100304,14720957.0,2024-03-21T22:20:33.744Z,1711059633744,2.72e-05,,SHIB/USDT
1.8669536,68638.0,2024-03-21T22:20:36.442Z,1711059636442,2.72e-05,,SHIB/USDT
450.1859216,16550953.0,2024-03-21T22:20:38.230Z,1711059638230,2.72e-05,,SHIB/USDT
4473.324,164400000.0,2024-03-21T22:20:38.426Z,1711059638426,2.721e-05,,SHIB/USDT
1266.32042148,46538788.0,2024-03-21T22:20:38.426Z,1711059638426,2.721e-05,,SHIB/USDT
489.78,18000000.0,2024-03-21T22:20:39.486Z,1711059639486,2.721e-05,,SHIB/USDT
263.1207,9670000.0,2024-03-21T22:20:40.188Z,1711059640188,2.721e-05,,SHIB/USDT
19.05487104,700032.0,2024-03-21T22:20:40.353Z,1711059640353,2.722e-05,,SHIB/USDT
390.73240254,14354607.0,2024-03-21T22:20:40.715Z,1711059640715,2.722e-05,,SHIB/USDT
7.01355964,257662.0,2024-03-21T22:20:43.058Z,1711059643058,2.722e-05,,SHIB/USDT
836.9112918,30746190.0,2024-03-21T22:20:43.087Z,1711059643087,2.722e-05,,SHIB/USDT
5953.24866346,218628302.0,2024-03-21T22:20:43.142Z,1711059643142,2.723e-05,,SHIB/USDT
9.99999468,367107.0,2024-03-21T22:20:44.158Z,1711059644158,2.724e-05,,SHIB/USDT
9.89908528,363536.0,2024-03-21T22:20:44.177Z,1711059644177,2.723e-05,,SHIB/USDT
9.61923396,353129.0,2024-03-21T22:20:45.263Z,1711059645263,2.724e-05,,SHIB/USDT
8.0093772,294030.0,2024-03-21T22:20:45.545Z,1711059645545,2.724e-05,,SHIB/USDT
3985.212,146300000.0,2024-03-21T22:20:45.890Z,1711059645890,2.724e-05,,SHIB/USDT
208.74194508,7663067.0,2024-03-21T22:20:45.897Z,1711059645897,2.724e-05,,SHIB/USDT
2938.3788,107870000.0,2024-03-21T22:20:46.131Z,1711059646131,2.724e-05,,SHIB/USDT
2418.22544304,88774796.0,2024-03-21T22:20:46.151Z,1711059646151,2.724e-05,,SHIB/USDT
20.67181788,759156.0,2024-03-21T22:20:49.171Z,1711059649171,2.723e-05,,SHIB/USDT
1855.09837104,68101996.0,2024-03-21T22:20:49.179Z,1711059649179,2.724e-05,,SHIB/USDT
420.522,15432000.0,2024-03-21T22:20:49.287Z,1711059649287,2.725e-05,,SHIB/USDT
235.8124578,8656845.0,2024-03-21T22:20:50.474Z,1711059650474,2.724e-05,,SHIB/USDT
133.538625,4900500.0,2024-03-21T22:20:50.962Z,1711059650962,2.725e-05,,SHIB/USDT
1090.0,40000000.0,2024-03-21T22:20:52.179Z,1711059652179,2.725e-05,,SHIB/USDT
4383.5183305,160863058.0,2024-03-21T22:20:52.179Z,1711059652179,2.725e-05,,SHIB/USDT
601.41215975,22070171.0,2024-03-21T22:20:52.242Z,1711059652242,2.725e-05,,SHIB/USDT
1.5389165,56474.0,2024-03-21T22:20:52.548Z,1711059652548,2.725e-05,,SHIB/USDT
702.403085,25776260.0,2024-03-21T22:20:54.057Z,1711059654057,2.725e-05,,SHIB/USDT
545.2,20000000.0,2024-03-21T22:20:55.321Z,1711059655321,2.726e-05,,SHIB/USDT
2918.21069616,107051016.0,2024-03-21T22:20:55.321Z,1711059655321,2.726e-05,,SHIB/USDT
15.80818304,579904.0,2024-03-21T22:20:55.419Z,1711059655419,2.726e-05,,SHIB/USDT
750.58479765,27524195.0,2024-03-21T22:20:55.705Z,1711059655705,2.727e-05,,SHIB/USDT
633.32794269,23224347.0,2024-03-21T22:20:56.786Z,1711059656786,2.727e-05,,SHIB/USDT
2.00887118,73693.0,2024-03-21T22:20:56.786Z,1711059656786,2.726e-05,,SHIB/USDT
1636.17313905,59999015.0,2024-03-21T22:20:56.797Z,1711059656797,2.727e-05,,SHIB/USDT
587.29446468,21536284.0,2024-03-21T22:20:57.415Z,1711059657415,2.727e-05,,SHIB/USDT
984.7750581,36112030.0,2024-03-21T22:20:57.430Z,1711059657430,2.727e-05,,SHIB/USDT
492.38752905,18056015.0,2024-03-21T22:20:57.443Z,1711059657443,2.727e-05,,SHIB/USDT
1532.81223072,56208736.0,2024-03-21T22:20:57.444Z,1711059657444,2.727e-05,,SHIB/USDT
984.7750581,36112030.0,2024-03-21T22:20:57.446Z,1711059657446,2.727e-05,,SHIB/USDT
4076.5369419,149487970.0,2024-03-21T22:20:57.447Z,1711059657447,2.727e-05,,SHIB/USDT
2639.09949093,96776659.0,2024-03-21T22:20:57.449Z,1711059657449,2.727e-05,,SHIB/USDT
2984.12941064,109469164.0,2024-03-21T22:21:01.812Z,1711059661812,2.726e-05,,SHIB/USDT
6413.7537902,235280770.0,2024-03-21T22:21:01.822Z,1711059661822,2.726e-05,,SHIB/USDT
525.93001504,19293104.0,2024-03-21T22:21:01.828Z,1711059661828,2.726e-05,,SHIB/USDT
5610.65889734,205820209.0,2024-03-21T22:21:01.831Z,1711059661831,2.726e-05,,SHIB/USDT
2663.26986046,97698821.0,2024-03-21T22:21:01.831Z,1711059661831,2.726e-05,,SHIB/USDT
545.0,20000000.0,2024-03-21T22:21:01.977Z,1711059661977,2.725e-05,,SHIB/USDT
545.0,20000000.0,2024-03-21T22:21:01.978Z,1711059661978,2.725e-05,,SHIB/USDT
4549.41521325,166951017.0,2024-03-21T22:21:01.978Z,1711059661978,2.725e-05,,SHIB/USDT
6428.91894475,235923631.0,2024-03-21T22:21:01.978Z,1711059661978,2.725e-05,,SHIB/USDT
307.925,11300000.0,2024-03-21T22:21:01.986Z,1711059661986,2.725e-05,,SHIB/USDT
558.6186235,20499766.0,2024-03-21T22:21:01.991Z,1711059661991,2.725e-05,,SHIB/USDT
4785.1,175600000.0,2024-03-21T22:21:01.991Z,1711059661991,2.725e-05,,SHIB/USDT
9.99997662,366837.0,2024-03-21T22:21:02.037Z,1711059662037,2.726e-05,,SHIB/USDT
331.23478625,12155405.0,2024-03-21T22:21:02.502Z,1711059662502,2.725e-05,,SHIB/USDT
2225.67140875,81676015.0,2024-03-21T22:21:02.880Z,1711059662880,2.725e-05,,SHIB/USDT
2556.3750589,93777515.0,2024-03-21T22:21:03.526Z,1711059663526,2.726e-05,,SHIB/USDT
10.01801628,367364.0,2024-03-21T22:21:03.552Z,1711059663552,2.727e-05,,SHIB/USDT
1401.52445898,51413223.0,2024-03-21T22:21:03.566Z,1711059663566,2.726e-05,,SHIB/USDT
4884.57662985,179119055.0,2024-03-21T22:21:04.489Z,1711059664489,2.727e-05,,SHIB/USDT
571.9138029,20972270.0,2024-03-21T22:21:04.587Z,1711059664587,2.727e-05,,SHIB/USDT
3.46318092,126996.0,2024-03-21T22:21:05.059Z,1711059665059,2.727e-05,,SHIB/USDT
2710.40287806,99391378.0,2024-03-21T22:21:05.683Z,1711059665683,2.727e-05,,SHIB/USDT
99.99998991,3667033.0,2024-03-21T22:21:07.196Z,1711059667196,2.727e-05,,SHIB/USDT
1090.4,40000000.0,2024-03-21T22:21:08.684Z,1711059668684,2.726e-05,,SHIB/USDT
304.82088384,11181984.0,2024-03-21T22:21:08.685Z,1711059668685,2.726e-05,,SHIB/USDT
1500.55044346,55045871.0,2024-03-21T22:21:08.888Z,1711059668888,2.726e-05,,SHIB/USDT
22.99154742,843417.0,2024-03-21T22:21:10.107Z,1711059670107,2.726e-05,,SHIB/USDT
4.0875,150000.0,2024-03-21T22:21:11.173Z,1711059671173,2.725e-05,,SHIB/USDT
1.1495542,42170.0,2024-03-21T22:21:11.446Z,1711059671446,2.726e-05,,SHIB/USDT
249.07462,9137000.0,2024-03-21T22:21:11.560Z,1711059671560,2.726e-05,,SHIB/USDT
446.08934596,16364246.0,2024-03-21T22:21:11.718Z,1711059671718,2.726e-05,,SHIB/USDT
41.4352,1520000.0,2024-03-21T22:21:11.821Z,1711059671821,2.726e-05,,SHIB/USDT
31.93566246,1171521.0,2024-03-21T22:21:12.078Z,1711059672078,2.726e-05,,SHIB/USDT
8.27587233,303479.0,2024-03-21T22:21:12.078Z,1711059672078,2.727e-05,,SHIB/USDT
29.91073514,1097239.0,2024-03-21T22:21:12.820Z,1711059672820,2.726e-05,,SHIB/USDT
1090.8,40000000.0,2024-03-21T22:21:14.299Z,1711059674299,2.727e-05,,SHIB/USDT
17839.53026856,654181528.0,2024-03-21T22:21:14.299Z,1711059674299,2.727e-05,,SHIB/USDT
3.1684356,116145.0,2024-03-21T22:21:17.374Z,1711059677374,2.728e-05,,SHIB/USDT
43.11070668,1580884.0,2024-03-21T22:21:17.799Z,1711059677799,2.727e-05,,SHIB/USDT
2937.47929542,107718346.0,2024-03-21T22:21:18.315Z,1711059678315,2.727e-05,,SHIB/USDT
1644.58601366,60329641.0,2024-03-21T22:21:18.432Z,1711059678432,2.726e-05,,SHIB/USDT
49.90849047,1830161.0,2024-03-21T22:21:19.001Z,1711059679001,2.727e-05,,SHIB/USDT
545.4,20000000.0,2024-03-21T22:21:19.021Z,1711059679021,2.727e-05,,SHIB/USDT
7530.80218083,276157029.0,2024-03-21T22:21:19.021Z,1711059679021,2.727e-05,,SHIB/USDT
4524.093,165900000.0,2024-03-21T22:21:19.021Z,1711059679021,2.727e-05,,SHIB/USDT
1175.09934195,43091285.0,2024-03-21T22:21:19.021Z,1711059679021,2.727e-05,,SHIB/USDT
8108.1961902,297330260.0,2024-03-21T22:21:19.543Z,1711059679543,2.727e-05,,SHIB/USDT
21848.86542222,801205186.0,2024-03-21T22:21:19.785Z,1711059679785,2.727e-05,,SHIB/USDT
62.93916,2308000.0,2024-03-21T22:21:20.484Z,1711059680484,2.727e-05,,SHIB/USDT
4.99556816,183122.0,2024-03-21T22:21:21.138Z,1711059681138,2.728e-05,,SHIB/USDT
934.41957576,34252917.0,2024-03-21T22:21:21.278Z,1711059681278,2.728e-05,,SHIB/USDT
888.64427,32563000.0,2024-03-21T22:21:21.304Z,1711059681304,2.729e-05,,SHIB/USDT
512.5062,18780000.0,2024-03-21T22:21:21.308Z,1711059681308,2.729e-05,,SHIB/USDT
545.8,20000000.0,2024-03-21T22:21:21.313Z,1711059681313,2.729e-05,,SHIB/USDT
46.393,1700000.0,2024-03-21T22:21:21.349Z,1711059681349,2.729e-05,,SHIB/USDT
162.85302042,5967498.0,2024-03-21T22:21:21.350Z,1711059681350,2.729e-05,,SHIB/USDT
229.236,8400000.0,2024-03-21T22:21:21.664Z,1711059681664,2.729e-05,,SHIB/USDT
19.99998,732600.0,2024-03-21T22:21:21.886Z,1711059681886,2.73e-05,,SHIB/USDT
2998.9014783,109849871.0,2024-03-21T22:21:21.886Z,1711059681886,2.73e-05,,SHIB/USDT
1223.7644328,44826536.0,2024-03-21T22:21:22.438Z,1711059682438,2.73e-05,,SHIB/USDT
11.5670373,423701.0,2024-03-21T22:21:22.594Z,1711059682594,2.73e-05,,SHIB/USDT
2942.94,107800000.0,2024-03-21T22:21:22.641Z,1711059682641,2.73e-05,,SHIB/USDT
61.6714644,2259028.0,2024-03-21T22:21:23.181Z,1711059683181,2.73e-05,,SHIB/USDT
546.2,20000000.0,2024-03-21T22:21:23.832Z,1711059683832,2.731e-05,,SHIB/USDT
192.41265962,7045502.0,2024-03-21T22:21:23.835Z,1711059683835,2.731e-05,,SHIB/USDT
1223.27301568,44792128.0,2024-03-21T22:21:23.853Z,1711059683853,2.731e-05,,SHIB/USDT
1561.02345979,57159409.0,2024-03-21T22:21:24.053Z,1711059684053,2.731e-05,,SHIB/USDT
915.98084106,33540126.0,2024-03-21T22:21:24.070Z,1711059684070,2.731e-05,,SHIB/USDT
4822.99941836,176601956.0,2024-03-21T22:21:24.140Z,1711059684140,2.731e-05,,SHIB/USDT
1930.40917977,70685067.0,2024-03-21T22:21:24.158Z,1711059684158,2.731e-05,,SHIB/USDT
4.68757033,171643.0,2024-03-21T22:21:24.651Z,1711059684651,2.731e-05,,SHIB/USDT
1092.4,40000000.0,2024-03-21T22:21:25.424Z,1711059685424,2.731e-05,,SHIB/USDT
3.95369576,144718.0,2024-03-21T22:21:27.174Z,1711059687174,2.732e-05,,SHIB/USDT
6.4383325,235750.0,2024-03-21T22:21:28.144Z,1711059688144,2.731e-05,,SHIB/USDT
54.45192912,1993116.0,2024-03-21T22:21:28.296Z,1711059688296,2.732e-05,,SHIB/USDT
644.91501844,23605967.0,2024-03-21T22:21:28.457Z,1711059688457,2.732e-05,,SHIB/USDT
493.97404012,18081041.0,2024-03-21T22:21:28.492Z,1711059688492,2.732e-05,,SHIB/USDT
1327.84163692,48603281.0,2024-03-21T22:21:29.947Z,1711059689947,2.732e-05,,SHIB/USDT
2953.76403496,108117278.0,2024-03-21T22:21:29.951Z,1711059689951,2.732e-05,,SHIB/USDT
722.45423264,26444152.0,2024-03-21T22:21:30.064Z,1711059690064,2.732e-05,,SHIB/USDT
155.30189261,5686631.0,2024-03-21T22:21:30.307Z,1711059690307,2.731e-05,,SHIB/USDT
2244.78643048,82166414.0,2024-03-21T22:21:30.595Z,1711059690595,2.732e-05,,SHIB/USDT
2041.610623,74729525.0,2024-03-21T22:21:30.836Z,1711059690836,2.732e-05,,SHIB/USDT
865.5653536,31682480.0,2024-03-21T22:21:30.837Z,1711059690837,2.732e-05,,SHIB/USDT
2945.096,107800000.0,2024-03-21T22:21:30.837Z,1711059690837,2.732e-05,,SHIB/USDT
2386.82242748,87365389.0,2024-03-21T22:21:30.837Z,1711059690837,2.732e-05,,SHIB/USDT
546.4,20000000.0,2024-03-21T22:21:30.837Z,1711059690837,2.732e-05,,SHIB/USDT
2114.79573952,77408336.0,2024-03-21T22:21:30.837Z,1711059690837,2.732e-05,,SHIB/USDT
4.11920032,150776.0,2024-03-21T22:21:30.838Z,1711059690838,2.732e-05,,SHIB/USDT
1.02980008,37694.0,2024-03-21T22:21:30.838Z,1711059690838,2.732e-05,,SHIB/USDT
10.2980008,376940.0,2024-03-21T22:21:30.839Z,1711059690839,2.732e-05,,SHIB/USDT
546.2,20000000.0,2024-03-21T22:21:32.045Z,1711059692045,2.731e-05,,SHIB/USDT
140.07461224,5127182.0,2024-03-21T22:21:32.172Z,1711059692172,2.732e-05,,SHIB/USDT
107.81698514,3947894.0,2024-03-21T22:21:32.351Z,1711059692351,2.731e-05,,SHIB/USDT
35.56741624,1301882.0,2024-03-21T22:21:32.667Z,1711059692667,2.732e-05,,SHIB/USDT
124.94121732,4573251.0,2024-03-21T22:21:33.443Z,1711059693443,2.732e-05,,SHIB/USDT
154.38004356,5652876.0,2024-03-21T22:21:34.095Z,1711059694095,2.731e-05,,SHIB/USDT
1574.15916672,57619296.0,2024-03-21T22:21:34.265Z,1711059694265,2.732e-05,,SHIB/USDT
265.15279,9709000.0,2024-03-21T22:21:34.391Z,1711059694391,2.731e-05,,SHIB/USDT
297.24730988,10880209.0,2024-03-21T22:21:35.534Z,1711059695534,2.732e-05,,SHIB/USDT
546.2,20000000.0,2024-03-21T22:21:36.206Z,1711059696206,2.731e-05,,SHIB/USDT
237.597,8700000.0,2024-03-21T22:21:36.206Z,1711059696206,2.731e-05,,SHIB/USDT
8649.50407378,316715638.0,2024-03-21T22:21:36.206Z,1711059696206,2.731e-05,,SHIB/USDT
11114.78181566,406985786.0,2024-03-21T22:21:36.206Z,1711059696206,2.731e-05,,SHIB/USDT
39.6576726,1452662.0,2024-03-21T22:21:36.658Z,1711059696658,2.73e-05,,SHIB/USDT
4.99999673,183083.0,2024-03-21T22:21:37.590Z,1711059697590,2.731e-05,,SHIB/USDT
2273.3812374,83274038.0,2024-03-21T22:21:37.748Z,1711059697748,2.73e-05,,SHIB/USDT
8392.0096533,307399621.0,2024-03-21T22:21:38.527Z,1711059698527,2.73e-05,,SHIB/USDT
6923.085,253500000.0,2024-03-21T22:21:39.253Z,1711059699253,2.731e-05,,SHIB/USDT
6729.42714093,246408903.0,2024-03-21T22:21:39.253Z,1711059699253,2.731e-05,,SHIB/USDT
682.43107382,24988322.0,2024-03-21T22:21:39.253Z,1711059699253,2.731e-05,,SHIB/USDT
2946.73864951,107899621.0,2024-03-21T22:21:39.796Z,1711059699796,2.731e-05,,SHIB/USDT
569.40142898,20849558.0,2024-03-21T22:21:39.800Z,1711059699800,2.731e-05,,SHIB/USDT
13.36860003,489513.0,2024-03-21T22:21:40.192Z,1711059700192,2.731e-05,,SHIB/USDT
4.52534893,165703.0,2024-03-21T22:21:41.019Z,1711059701019,2.731e-05,,SHIB/USDT
25.2580419,925203.0,2024-03-21T22:21:42.013Z,1711059702013,2.73e-05,,SHIB/USDT
8.2447638,302006.0,2024-03-21T22:21:42.106Z,1711059702106,2.73e-05,,SHIB/USDT
51.00016874,1867454.0,2024-03-21T22:21:42.627Z,1711059702627,2.731e-05,,SHIB/USDT
1896.6236562,69473394.0,2024-03-21T22:21:42.834Z,1711059702834,2.73e-05,,SHIB/USDT
1167.9497193,42782041.0,2024-03-21T22:21:42.834Z,1711059702834,2.73e-05,,SHIB/USDT
1047.0086172,38351964.0,2024-03-21T22:21:42.863Z,1711059702863,2.73e-05,,SHIB/USDT
1092.0,40000000.0,2024-03-21T22:21:43.041Z,1711059703041,2.73e-05,,SHIB/USDT
1092.0,40000000.0,2024-03-21T22:21:43.045Z,1711059703045,2.73e-05,,SHIB/USDT
5743.4297193,210382041.0,2024-03-21T22:21:43.047Z,1711059703047,2.73e-05,,SHIB/USDT
546.0,20000000.0,2024-03-21T22:21:43.050Z,1711059703050,2.73e-05,,SHIB/USDT
1138.3580208,41698096.0,2024-03-21T22:21:43.051Z,1711059703051,2.73e-05,,SHIB/USDT
4667.4600336,170969232.0,2024-03-21T22:21:46.831Z,1711059706831,2.73e-05,,SHIB/USDT
309.60325606,11336626.0,2024-03-21T22:21:47.394Z,1711059707394,2.731e-05,,SHIB/USDT
110.8682757,4061109.0,2024-03-21T22:21:48.832Z,1711059708832,2.73e-05,,SHIB/USDT
91.99998899,3368729.0,2024-03-21T22:21:49.679Z,1711059709679,2.731e-05,,SHIB/USDT
38.1657549,1398013.0,2024-03-21T22:21:51.382Z,1711059711382,2.73e-05,,SHIB/USDT
546.2,20000000.0,2024-03-21T22:21:51.450Z,1711059711450,2.731e-05,,SHIB/USDT
546.2,20000000.0,2024-03-21T22:21:51.457Z,1711059711457,2.731e-05,,SHIB/USDT
1748.29973654,64016834.0,2024-03-21T22:21:52.256Z,1711059712256,2.731e-05,,SHIB/USDT
3128.19201728,114501904.0,2024-03-21T22:21:53.032Z,1711059713032,2.732e-05,,SHIB/USDT
1.66783136,61048.0,2024-03-21T22:21:53.032Z,1711059713032,2.732e-05,,SHIB/USDT
42.8578128,1568160.0,2024-03-21T22:21:53.531Z,1711059713531,2.733e-05,,SHIB/USDT
2946.76058028,107860929.0,2024-03-21T22:21:54.679Z,1711059714679,2.732e-05,,SHIB/USDT
308.1480172,11279210.0,2024-03-21T22:21:54.681Z,1711059714681,2.732e-05,,SHIB/USDT
1595.93192268,58416249.0,2024-03-21T22:21:55.626Z,1711059715626,2.732e-05,,SHIB/USDT
54.630924,2000400.0,2024-03-21T22:21:57.006Z,1711059717006,2.731e-05,,SHIB/USDT
61.16118196,2239516.0,2024-03-21T22:21:59.358Z,1711059719358,2.731e-05,,SHIB/USDT
640.47261795,23451945.0,2024-03-21T22:21:59.778Z,1711059719778,2.731e-05,,SHIB/USDT
248.98486035,9116985.0,2024-03-21T22:22:00.573Z,1711059720573,2.731e-05,,SHIB/USDT
499.99997341,18308311.0,2024-03-21T22:22:01.829Z,1711059721829,2.731e-05,,SHIB/USDT
900.2036043,32974491.0,2024-03-21T22:22:01.866Z,1711059721866,2.73e-05,,SHIB/USDT
10.0767303,369111.0,2024-03-21T22:22:03.127Z,1711059723127,2.73e-05,,SHIB/USDT
1664.57385825,60951075.0,2024-03-21T22:22:04.668Z,1711059724668,2.731e-05,,SHIB/USDT
3985.14115365,145922415.0,2024-03-21T22:22:06.647Z,1711059726647,2.731e-05,,SHIB/USDT
13.66,500000.0,2024-03-21T22:22:06.833Z,1711059726833,2.732e-05,,SHIB/USDT
2.66427372,97521.0,2024-03-21T22:22:12.841Z,1711059732841,2.732e-05,,SHIB/USDT
5.6856689,208190.0,2024-03-21T22:22:12.941Z,1711059732941,2.731e-05,,SHIB/USDT
357.92762528,13101304.0,2024-03-21T22:22:13.671Z,1711059733671,2.732e-05,,SHIB/USDT
3395.46562628,124284979.0,2024-03-21T22:22:14.536Z,1711059734536,2.732e-05,,SHIB/USDT
9199.93596975,336624075.0,2024-03-21T22:22:14.551Z,1711059734551,2.733e-05,,SHIB/USDT
364.18930392,13325624.0,2024-03-21T22:22:14.757Z,1711059734757,2.733e-05,,SHIB/USDT
54.82173894,2005918.0,2024-03-21T22:22:14.769Z,1711059734769,2.733e-05,,SHIB/USDT
354.58969608,12974376.0,2024-03-21T22:22:14.794Z,1711059734794,2.733e-05,,SHIB/USDT
56.39911722,2063634.0,2024-03-21T22:22:14.795Z,1711059734795,2.733e-05,,SHIB/USDT
1637.22832899,59905903.0,2024-03-21T22:22:15.163Z,1711059735163,2.733e-05,,SHIB/USDT
689.55278994,25230618.0,2024-03-21T22:22:15.163Z,1711059735163,2.733e-05,,SHIB/USDT
766.36728051,28041247.0,2024-03-21T22:22:15.164Z,1711059735164,2.733e-05,,SHIB/USDT
20875.16176407,763818579.0,2024-03-21T22:22:15.165Z,1711059735165,2.733e-05,,SHIB/USDT
1.20574088,44134.0,2024-03-21T22:22:15.495Z,1711059735495,2.732e-05,,SHIB/USDT
1054.23783273,38574381.0,2024-03-21T22:22:15.729Z,1711059735729,2.733e-05,,SHIB/USDT
888.30394,32491000.0,2024-03-21T22:22:15.741Z,1711059735741,2.734e-05,,SHIB/USDT
3392.32494524,124079186.0,2024-03-21T22:22:15.774Z,1711059735774,2.734e-05,,SHIB/USDT
2259.82810852,82656478.0,2024-03-21T22:22:15.774Z,1711059735774,2.734e-05,,SHIB/USDT
3445.31139628,126017242.0,2024-03-21T22:22:15.775Z,1711059735775,2.734e-05,,SHIB/USDT
10.61388012,388218.0,2024-03-21T22:22:15.958Z,1711059735958,2.734e-05,,SHIB/USDT
2949.1499428,107869420.0,2024-03-21T22:22:16.171Z,1711059736171,2.734e-05,,SHIB/USDT
63.16901532,2310498.0,2024-03-21T22:22:16.171Z,1711059736171,2.734e-05,,SHIB/USDT
19.00373326,695089.0,2024-03-21T22:22:19.502Z,1711059739502,2.734e-05,,SHIB/USDT
7.59322022,277733.0,2024-03-21T22:22:19.777Z,1711059739777,2.734e-05,,SHIB/USDT
286.965,10500000.0,2024-03-21T22:22:21.813Z,1711059741813,2.733e-05,,SHIB/USDT
204.975,7500000.0,2024-03-21T22:22:22.623Z,1711059742623,2.733e-05,,SHIB/USDT
1093.2,40000000.0,2024-03-21T22:22:27.123Z,1711059747123,2.733e-05,,SHIB/USDT
6517.21111722,238463634.0,2024-03-21T22:22:27.124Z,1711059747124,2.733e-05,,SHIB/USDT
10487.20919673,383725181.0,2024-03-21T22:22:27.124Z,1711059747124,2.733e-05,,SHIB/USDT
4774.86217938,174711386.0,2024-03-21T22:22:27.124Z,1711059747124,2.733e-05,,SHIB/USDT
10.928,400000.0,2024-03-21T22:22:29.458Z,1711059749458,2.732e-05,,SHIB/USDT
1365.61446016,49985888.0,2024-03-21T22:22:29.475Z,1711059749475,2.732e-05,,SHIB/USDT
2303.18898655,84335005.0,2024-03-21T22:22:29.475Z,1711059749475,2.731e-05,,SHIB/USDT
2184.8,80000000.0,2024-03-21T22:22:29.475Z,1711059749475,2.731e-05,,SHIB/USDT
2184.8,80000000.0,2024-03-21T22:22:29.475Z,1711059749475,2.731e-05,,SHIB/USDT
8639.23985607,316339797.0,2024-03-21T22:22:29.476Z,1711059749476,2.731e-05,,SHIB/USDT
4970.22880269,181992999.0,2024-03-21T22:22:29.476Z,1711059749476,2.731e-05,,SHIB/USDT
15273.14205169,559250899.0,2024-03-21T22:22:29.476Z,1711059749476,2.731e-05,,SHIB/USDT
975.3743727,35727999.0,2024-03-21T22:22:29.782Z,1711059749782,2.73e-05,,SHIB/USDT
735.6058164,26945268.0,2024-03-21T22:22:29.782Z,1711059749782,2.73e-05,,SHIB/USDT
695.2195614,25465918.0,2024-03-21T22:22:29.783Z,1711059749783,2.73e-05,,SHIB/USDT
402.36547927,14744063.0,2024-03-21T22:22:29.993Z,1711059749993,2.729e-05,,SHIB/USDT
40.04185288,1467272.0,2024-03-21T22:22:30.082Z,1711059750082,2.729e-05,,SHIB/USDT
798.18013049,29248081.0,2024-03-21T22:22:30.166Z,1711059750166,2.729e-05,,SHIB/USDT
40.04185288,1467272.0,2024-03-21T22:22:30.266Z,1711059750266,2.729e-05,,SHIB/USDT
68.2807125,2501125.0,2024-03-21T22:22:30.663Z,1711059750663,2.73e-05,,SHIB/USDT
29.99997887,1099303.0,2024-03-21T22:22:30.968Z,1711059750968,2.729e-05,,SHIB/USDT
999.9999828,36630036.0,2024-03-21T22:22:31.264Z,1711059751264,2.73e-05,,SHIB/USDT
967.11450909,35438421.0,2024-03-21T22:22:31.466Z,1711059751466,2.729e-05,,SHIB/USDT
3700.088301,135534370.0,2024-03-21T22:22:31.656Z,1711059751656,2.73e-05,,SHIB/USDT
10.79935716,395436.0,2024-03-21T22:22:31.776Z,1711059751776,2.731e-05,,SHIB/USDT
2409.65216037,88233327.0,2024-03-21T22:22:32.418Z,1711059752418,2.731e-05,,SHIB/USDT
2547.00278392,93228506.0,2024-03-21T22:22:32.769Z,1711059752769,2.732e-05,,SHIB/USDT
17.51310352,641036.0,2024-03-21T22:22:32.770Z,1711059752770,2.732e-05,,SHIB/USDT
4484.2391682,164077540.0,2024-03-21T22:22:33.591Z,1711059753591,2.733e-05,,SHIB/USDT
80.82125988,2957236.0,2024-03-21T22:22:33.671Z,1711059753671,2.733e-05,,SHIB/USDT
2466.1822812,90204180.0,2024-03-21T22:22:34.039Z,1711059754039,2.734e-05,,SHIB/USDT
3841.27,140500000.0,2024-03-21T22:22:34.039Z,1711059754039,2.734e-05,,SHIB/USDT
19367.656,708400000.0,2024-03-21T22:22:34.039Z,1711059754039,2.734e-05,,SHIB/USDT
6417.3339284,234723260.0,2024-03-21T22:22:34.039Z,1711059754039,2.734e-05,,SHIB/USDT
447.8778018,16375788.0,2024-03-21T22:22:34.830Z,1711059754830,2.735e-05,,SHIB/USDT
1039.15734192,37980897.0,2024-03-21T22:22:35.397Z,1711059755397,2.736e-05,,SHIB/USDT
3019.6291526,110406916.0,2024-03-21T22:22:35.422Z,1711059755422,2.735e-05,,SHIB/USDT
1367.0,50000000.0,2024-03-21T22:22:36.170Z,1711059756170,2.734e-05,,SHIB/USDT
1418.79046695,51875337.0,2024-03-21T22:22:36.873Z,1711059756873,2.735e-05,,SHIB/USDT
546.8,20000000.0,2024-03-21T22:22:36.928Z,1711059756928,2.734e-05,,SHIB/USDT
8447.87091656,308993084.0,2024-03-21T22:22:36.929Z,1711059756929,2.734e-05,,SHIB/USDT
2220.13504898,81204647.0,2024-03-21T22:22:36.929Z,1711059756929,2.734e-05,,SHIB/USDT
9.99998776,365764.0,2024-03-21T22:22:37.221Z,1711059757221,2.734e-05,,SHIB/USDT
2888.93900612,105667118.0,2024-03-21T22:22:38.402Z,1711059758402,2.734e-05,,SHIB/USDT
17786.575277,650331820.0,2024-03-21T22:22:38.706Z,1711059758706,2.735e-05,,SHIB/USDT
40.41510894,1478241.0,2024-03-21T22:22:39.349Z,1711059759349,2.734e-05,,SHIB/USDT
1.89975835,69461.0,2024-03-21T22:22:40.866Z,1711059760866,2.735e-05,,SHIB/USDT
546.8,20000000.0,2024-03-21T22:22:41.609Z,1711059761609,2.734e-05,,SHIB/USDT
2044.680681,74787150.0,2024-03-21T22:22:41.609Z,1711059761609,2.734e-05,,SHIB/USDT
819.89988882,29989023.0,2024-03-21T22:22:41.637Z,1711059761637,2.734e-05,,SHIB/USDT
95.655,3500000.0,2024-03-21T22:22:42.155Z,1711059762155,2.733e-05,,SHIB/USDT
5276.94953508,193082676.0,2024-03-21T22:22:42.203Z,1711059762203,2.733e-05,,SHIB/USDT
686.28070569,25110893.0,2024-03-21T22:22:42.203Z,1711059762203,2.733e-05,,SHIB/USDT
21.63404538,791586.0,2024-03-21T22:22:42.649Z,1711059762649,2.733e-05,,SHIB/USDT
8882.25,325000000.0,2024-03-21T22:22:43.025Z,1711059763025,2.733e-05,,SHIB/USDT
8780.54165097,321278509.0,2024-03-21T22:22:43.025Z,1711059763025,2.733e-05,,SHIB/USDT
439.35658806,16075982.0,2024-03-21T22:22:43.026Z,1711059763026,2.733e-05,,SHIB/USDT
5045.118,184600000.0,2024-03-21T22:22:43.026Z,1711059763026,2.733e-05,,SHIB/USDT
15.67356369,573493.0,2024-03-21T22:22:43.026Z,1711059763026,2.733e-05,,SHIB/USDT
5729.2964453,209557295.0,2024-03-21T22:22:43.062Z,1711059763062,2.734e-05,,SHIB/USDT
9605.7706596,351344940.0,2024-03-21T22:22:43.062Z,1711059763062,2.734e-05,,SHIB/USDT
2818.01092614,103072821.0,2024-03-21T22:22:43.063Z,1711059763063,2.734e-05,,SHIB/USDT
2436.18289206,89106909.0,2024-03-21T22:22:43.064Z,1711059763064,2.734e-05,,SHIB/USDT
1.0301712,37680.0,2024-03-21T22:22:43.067Z,1711059763067,2.734e-05,,SHIB/USDT
3113.04870436,113864254.0,2024-03-21T22:22:43.654Z,1711059763654,2.734e-05,,SHIB/USDT
8.98594002,328794.0,2024-03-21T22:22:44.188Z,1711059764188,2.733e-05,,SHIB/USDT
1358.9547949,49705735.0,2024-03-21T22:22:44.959Z,1711059764959,2.734e-05,,SHIB/USDT
173.50126165,6343739.0,2024-03-21T22:22:47.125Z,1711059767125,2.735e-05,,SHIB/USDT
32.09563525,1173515.0,2024-03-21T22:22:47.136Z,1711059767136,2.735e-05,,SHIB/USDT
52.76773104,1930056.0,2024-03-21T22:22:49.182Z,1711059769182,2.734e-05,,SHIB/USDT
141.00296058,5157387.0,2024-03-21T22:22:49.333Z,1711059769333,2.734e-05,,SHIB/USDT
14.42589632,527648.0,2024-03-21T22:22:50.941Z,1711059770941,2.734e-05,,SHIB/USDT
3.963015,144900.0,2024-03-21T22:22:50.999Z,1711059770999,2.735e-05,,SHIB/USDT
66.31095546,2425419.0,2024-03-21T22:22:51.169Z,1711059771169,2.734e-05,,SHIB/USDT
637.39374655,23305073.0,2024-03-21T22:22:51.536Z,1711059771536,2.735e-05,,SHIB/USDT
1955.596025,71528750.0,2024-03-21T22:22:52.224Z,1711059772224,2.734e-05,,SHIB/USDT
492.38730318,18009777.0,2024-03-21T22:22:52.233Z,1711059772233,2.734e-05,,SHIB/USDT
1508.84549736,55188204.0,2024-03-21T22:22:53.236Z,1711059773236,2.734e-05,,SHIB/USDT
15.03677469,550193.0,2024-03-21T22:22:53.275Z,1711059773275,2.733e-05,,SHIB/USDT
7111.47209553,260207541.0,2024-03-21T22:22:54.286Z,1711059774286,2.733e-05,,SHIB/USDT
15407.04281451,563741047.0,2024-03-21T22:22:54.286Z,1711059774286,2.733e-05,,SHIB/USDT
22853.56226229,836207913.0,2024-03-21T22:22:54.287Z,1711059774287,2.733e-05,,SHIB/USDT
7421.19106965,271540105.0,2024-03-21T22:22:54.480Z,1711059774480,2.733e-05,,SHIB/USDT
6400.60217889,234196933.0,2024-03-21T22:22:54.480Z,1711059774480,2.733e-05,,SHIB/USDT
80.35380756,2940132.0,2024-03-21T22:22:54.481Z,1711059774481,2.733e-05,,SHIB/USDT
1.03017702,37694.0,2024-03-21T22:22:54.485Z,1711059774485,2.733e-05,,SHIB/USDT
4213.094,154100000.0,2024-03-21T22:22:54.825Z,1711059774825,2.734e-05,,SHIB/USDT
8324.10842328,304466292.0,2024-03-21T22:22:54.825Z,1711059774825,2.734e-05,,SHIB/USDT
546.8,20000000.0,2024-03-21T22:22:54.825Z,1711059774825,2.734e-05,,SHIB/USDT
546.8,20000000.0,2024-03-21T22:22:54.826Z,1711059774826,2.734e-05,,SHIB/USDT
812.54799878,29720117.0,2024-03-21T22:22:54.826Z,1711059774826,2.734e-05,,SHIB/USDT
1111.759228,40664200.0,2024-03-21T22:22:54.826Z,1711059774826,2.734e-05,,SHIB/USDT
274.4661114,10035324.0,2024-03-21T22:22:56.378Z,1711059776378,2.735e-05,,SHIB/USDT
221.12739636,8088054.0,2024-03-21T22:22:57.147Z,1711059777147,2.734e-05,,SHIB/USDT
3.54446696,129644.0,2024-03-21T22:23:01.115Z,1711059781115,2.734e-05,,SHIB/USDT
3623.85491086,132547729.0,2024-03-21T22:23:01.134Z,1711059781134,2.734e-05,,SHIB/USDT
547.0,20000000.0,2024-03-21T22:23:02.525Z,1711059782525,2.735e-05,,SHIB/USDT
2380.38255295,87034097.0,2024-03-21T22:23:02.525Z,1711059782525,2.735e-05,,SHIB/USDT
229.99959648,8406418.0,2024-03-21T22:23:03.430Z,1711059783430,2.736e-05,,SHIB/USDT
60.46792355,2210893.0,2024-03-21T22:23:05.335Z,1711059785335,2.735e-05,,SHIB/USDT
493.7890434,18054444.0,2024-03-21T22:23:05.516Z,1711059785516,2.735e-05,,SHIB/USDT
20.5125,750000.0,2024-03-21T22:23:05.628Z,1711059785628,2.735e-05,,SHIB/USDT
2418.32154305,88421263.0,2024-03-21T22:23:06.193Z,1711059786193,2.735e-05,,SHIB/USDT
2255.64286785,82473231.0,2024-03-21T22:23:06.356Z,1711059786356,2.735e-05,,SHIB/USDT
435.1108765,15908990.0,2024-03-21T22:23:07.545Z,1711059787545,2.735e-05,,SHIB/USDT
4374.07419888,159871133.0,2024-03-21T22:23:08.157Z,1711059788157,2.736e-05,,SHIB/USDT
3481.80478992,127258947.0,2024-03-21T22:23:08.566Z,1711059788566,2.736e-05,,SHIB/USDT
2.99999833,109609.0,2024-03-21T22:23:08.764Z,1711059788764,2.737e-05,,SHIB/USDT
2520.1865088,92112080.0,2024-03-21T22:23:08.843Z,1711059788843,2.736e-05,,SHIB/USDT
212.2058603,7758898.0,2024-03-21T22:23:08.895Z,1711059788895,2.735e-05,,SHIB/USDT
86.71330656,3169346.0,2024-03-21T22:23:10.037Z,1711059790037,2.736e-05,,SHIB/USDT
1072.85977296,39212711.0,2024-03-21T22:23:10.992Z,1711059790992,2.736e-05,,SHIB/USDT
21.99998448,804093.0,2024-03-21T22:23:11.431Z,1711059791431,2.736e-05,,SHIB/USDT
31.66993648,1157104.0,2024-03-21T22:23:11.756Z,1711059791756,2.737e-05,,SHIB/USDT
5.50331327,201071.0,2024-03-21T22:23:11.957Z,1711059791957,2.737e-05,,SHIB/USDT
17.22730751,629423.0,2024-03-21T22:23:12.199Z,1711059792199,2.737e-05,,SHIB/USDT
1704.3085728,62291980.0,2024-03-21T22:23:12.230Z,1711059792230,2.736e-05,,SHIB/USDT
86.98298275,3180365.0,2024-03-21T22:23:14.246Z,1711059794246,2.735e-05,,SHIB/USDT
198.06807095,7241977.0,2024-03-21T22:23:15.511Z,1711059795511,2.735e-05,,SHIB/USDT
273.4,10000000.0,2024-03-21T22:23:18.244Z,1711059798244,2.734e-05,,SHIB/USDT
1093.6,40000000.0,2024-03-21T22:23:19.381Z,1711059799381,2.734e-05,,SHIB/USDT
546.8,20000000.0,2024-03-21T22:23:19.475Z,1711059799475,2.734e-05,,SHIB/USDT
7518.57794634,275002851.0,2024-03-21T22:23:19.475Z,1711059799475,2.734e-05,,SHIB/USDT
1510.38364576,55244464.0,2024-03-21T22:23:19.475Z,1711059799475,2.734e-05,,SHIB/USDT
63.02761284,2305326.0,2024-03-21T22:23:20.311Z,1711059800311,2.734e-05,,SHIB/USDT
1.57267882,57523.0,2024-03-21T22:23:20.636Z,1711059800636,2.734e-05,,SHIB/USDT
954.21579936,34914592.0,2024-03-21T22:23:20.810Z,1711059800810,2.733e-05,,SHIB/USDT
502.92655824,18408732.0,2024-03-21T22:23:21.464Z,1711059801464,2.732e-05,,SHIB/USDT
50.57814436,1851323.0,2024-03-21T22:23:21.521Z,1711059801521,2.732e-05,,SHIB/USDT
74.09003688,2711934.0,2024-03-21T22:23:21.889Z,1711059801889,2.732e-05,,SHIB/USDT
3157.38963892,115570631.0,2024-03-21T22:23:23.053Z,1711059803053,2.732e-05,,SHIB/USDT
132.80103411,4859167.0,2024-03-21T22:23:23.190Z,1711059803190,2.733e-05,,SHIB/USDT
9.24134516,338263.0,2024-03-21T22:23:25.519Z,1711059805519,2.732e-05,,SHIB/USDT
130.75026892,4785881.0,2024-03-21T22:23:25.848Z,1711059805848,2.732e-05,,SHIB/USDT
