datetime,timestamp,type,price,symbol,amount,cost
2024-03-21T03:00:30.212Z,1710990030212,limit,2.725e-05,SHIB/USDT,16131491.0,439.58312975
2024-03-21T03:00:30.233Z,1710990030233,limit,2.723e-05,SHIB/USDT,19222.0,0.52341506
2024-03-21T03:00:30.307Z,1710990030307,limit,2.723e-05,SHIB/USDT,19298.0,0.52548454
2024-03-21T03:00:30.360Z,1710990030360,limit,2.723e-05,SHIB/USDT,16063.0,0.43739549
2024-03-21T03:00:30.416Z,1710990030416,limit,2.722e-05,SHIB/USDT,25406.0,0.69155132
2024-03-21T03:00:30.470Z,1710990030470,limit,2.722e-05,SHIB/USDT,217351.0,5.91629422
2024-03-21T03:00:30.547Z,1710990030547,limit,2.721e-05,SHIB/USDT,13331.0,0.36273651
2024-03-21T03:00:43.907Z,1710990043907,limit,2.721e-05,SHIB/USDT,7252917.0,197.35187157
2024-03-21T03:00:45.954Z,1710990045954,limit,2.721e-05,SHIB/USDT,20006914.0,544.38812994
2024-03-21T03:01:20.505Z,1710990080505,limit,2.721e-05,SHIB/USDT,57637506.0,1568.31653826
2024-03-21T03:01:23.593Z,1710990083593,limit,2.723e-05,SHIB/USDT,23356175.0,635.98864525
2024-03-21T03:01:33.620Z,1710990093620,limit,2.723e-05,SHIB/USDT,50163990.0,1365.9654477
2024-03-21T03:02:06.795Z,1710990126795,limit,2.728e-05,SHIB/USDT,40323549.0,1100.02641672
2024-03-21T03:02:34.280Z,1710990154280,limit,2.727e-05,SHIB/USDT,36955303.0,1007.77111281
2024-03-21T03:02:36.893Z,1710990156893,limit,2.728e-05,SHIB/USDT,13208732.0,360.33420896
2024-03-21T03:02:37.949Z,1710990157949,limit,2.728e-05,SHIB/USDT,11735890.0,320.1550792
2024-03-21T03:02:40.196Z,1710990160196,limit,2.727e-05,SHIB/USDT,18836701.0,513.67683627
2024-03-21T03:02:50.206Z,1710990170206,limit,2.729e-05,SHIB/USDT,13738277.0,374.91757933
2024-03-21T03:03:15.385Z,1710990195385,limit,2.728e-05,SHIB/USDT,6342479.0,173.02282712
2024-03-21T03:03:27.502Z,1710990207502,limit,2.727e-05,SHIB/USDT,22403651.0,610.94756277
2024-03-21T03:03:32.246Z,1710990212246,limit,2.727e-05,SHIB/USDT,40315707.0,1099.40932989
2024-03-21T03:03:32.771Z,1710990212771,limit,2.728e-05,SHIB/USDT,28932145.0,789.2689156
2024-03-21T03:03:38.567Z,1710990218567,limit,2.728e-05,SHIB/USDT,9175865.0,250.3175972
2024-03-21T03:04:00.338Z,1710990240338,limit,2.73e-05,SHIB/USDT,6844801.0,186.8630673
2024-03-21T03:04:05.588Z,1710990245588,limit,2.736e-05,SHIB/USDT,31136868.0,851.90470848
2024-03-21T03:04:08.732Z,1710990248732,limit,2.736e-05,SHIB/USDT,30095118.0,823.40242848
2024-03-21T03:04:13.478Z,1710990253478,limit,2.735e-05,SHIB/USDT,29500293.0,806.83301355
2024-03-21T03:04:14.551Z,1710990254551,limit,2.735e-05,SHIB/USDT,3144118.0,85.9916273
2024-03-21T03:04:38.318Z,1710990278318,limit,2.736e-05,SHIB/USDT,34331336.0,939.30535296
2024-03-21T03:04:47.771Z,1710990287771,limit,2.736e-05,SHIB/USDT,36204673.0,990.55985328
2024-03-21T03:04:51.906Z,1710990291906,market,2.733e-05,SHIB/USDT,1701061.0,46.48999713
2024-03-21T03:05:12.525Z,1710990312525,limit,2.733e-05,SHIB/USDT,27616943.0,754.77105219
2024-03-21T03:05:18.850Z,1710990318850,limit,2.733e-05,SHIB/USDT,33107331.0,904.82335623
2024-03-21T03:05:24.691Z,1710990324691,limit,2.732e-05,SHIB/USDT,23785250.0,649.81303
2024-03-21T03:05:43.775Z,1710990343775,limit,2.734e-05,SHIB/USDT,27869905.0,761.9632027
2024-03-21T03:06:10.667Z,1710990370667,limit,2.733e-05,SHIB/USDT,25726701.0,703.11073833
2024-03-21T03:06:11.162Z,1710990371162,limit,2.732e-05,SHIB/USDT,40444882.0,1104.95417624
2024-03-21T03:06:43.690Z,1710990403690,limit,2.731e-05,SHIB/USDT,5228030.0,142.7774993
2024-03-21T03:06:48.977Z,1710990408977,limit,2.732e-05,SHIB/USDT,38729967.0,1058.10269844
2024-03-21T03:06:51.000Z,1710990411000,limit,2.731e-05,SHIB/USDT,53806.0,1.46944186
2024-03-21T03:06:54.749Z,1710990414749,limit,2.73e-05,SHIB/USDT,24272086.0,662.6279478
2024-03-21T03:06:57.929Z,1710990417929,limit,2.731e-05,SHIB/USDT,28216623.0,770.59597413
2024-03-21T03:07:24.838Z,1710990444838,limit,2.738e-05,SHIB/USDT,15853178.0,434.06001364
2024-03-21T03:07:25.352Z,1710990445352,limit,2.737e-05,SHIB/USDT,36216625.0,991.24902625
2024-03-21T03:07:58.197Z,1710990478197,limit,2.738e-05,SHIB/USDT,10133498.0,277.45517524
2024-03-21T03:08:07.830Z,1710990487830,limit,2.738e-05,SHIB/USDT,8500116.0,232.73317608
2024-03-21T03:08:27.864Z,1710990507864,limit,2.737e-05,SHIB/USDT,9024444.0,246.99903228
2024-03-21T03:08:39.193Z,1710990519193,limit,2.739e-05,SHIB/USDT,25406.0,0.69587034
2024-03-21T03:08:39.342Z,1710990519342,limit,2.74e-05,SHIB/USDT,10033.0,0.2749042
2024-03-21T03:08:39.389Z,1710990519389,limit,2.74e-05,SHIB/USDT,13331.0,0.3652694
2024-03-21T03:08:39.437Z,1710990519437,limit,2.74e-05,SHIB/USDT,1806610.0,49.501114
2024-03-21T03:08:39.785Z,1710990519785,limit,2.74e-05,SHIB/USDT,35761822.0,979.8739228
2024-03-21T03:08:51.726Z,1710990531726,limit,2.74e-05,SHIB/USDT,3653635.0,100.109599
2024-03-21T03:09:09.900Z,1710990549900,limit,2.741e-05,SHIB/USDT,19222.0,0.52687502
2024-03-21T03:09:09.937Z,1710990549937,limit,2.741e-05,SHIB/USDT,19298.0,0.52895818
2024-03-21T03:09:17.683Z,1710990557683,limit,2.743e-05,SHIB/USDT,16063.0,0.44060809
2024-03-21T03:10:10.712Z,1710990610712,limit,2.745e-05,SHIB/USDT,15645102.0,429.4580499
2024-03-21T03:10:16.502Z,1710990616502,limit,2.745e-05,SHIB/USDT,45461282.0,1247.9121909
2024-03-21T03:10:33.297Z,1710990633297,limit,2.747e-05,SHIB/USDT,3642987.0,100.07285289
2024-03-21T03:10:36.434Z,1710990636434,limit,2.749e-05,SHIB/USDT,17693.0,0.48638057
2024-03-21T03:10:46.502Z,1710990646502,limit,2.748e-05,SHIB/USDT,41241483.0,1133.31595284
2024-03-21T03:10:56.512Z,1710990656512,limit,2.747e-05,SHIB/USDT,15892185.0,436.55832195
2024-03-21T03:11:09.720Z,1710990669720,limit,2.745e-05,SHIB/USDT,10015053.0,274.91320485
2024-03-21T03:11:33.990Z,1710990693990,limit,2.739e-05,SHIB/USDT,12632777.0,346.01176203
2024-03-21T03:11:51.433Z,1710990711433,limit,2.74e-05,SHIB/USDT,33933340.0,929.773516
2024-03-21T03:11:57.703Z,1710990717703,limit,2.74e-05,SHIB/USDT,17918686.0,490.9719964
2024-03-21T03:12:10.376Z,1710990730376,limit,2.739e-05,SHIB/USDT,25128443.0,688.26805377
2024-03-21T03:12:10.676Z,1710990730676,limit,2.739e-05,SHIB/USDT,2210891.0,60.55630449
2024-03-21T03:12:19.319Z,1710990739319,limit,2.737e-05,SHIB/USDT,37283960.0,1020.4619852
2024-03-21T03:12:59.994Z,1710990779994,limit,2.737e-05,SHIB/USDT,27317027.0,747.66702899
2024-03-21T03:13:00.597Z,1710990780597,limit,2.737e-05,SHIB/USDT,41360592.0,1132.03940304
2024-03-21T03:13:01.072Z,1710990781072,limit,2.738e-05,SHIB/USDT,22432890.0,614.2125282
2024-03-21T03:13:10.510Z,1710990790510,limit,2.735e-05,SHIB/USDT,949840.0,25.978124
2024-03-21T03:13:33.083Z,1710990813083,limit,2.737e-05,SHIB/USDT,2744748.0,75.12375276
2024-03-21T03:13:33.626Z,1710990813626,limit,2.738e-05,SHIB/USDT,12819648.0,351.00196224
2024-03-21T03:13:38.778Z,1710990818778,market,2.737e-05,SHIB/USDT,226222.0,6.19169614
2024-03-21T03:13:52.631Z,1710990832631,limit,2.738e-05,SHIB/USDT,46259438.0,1266.58341244
2024-03-21T03:14:16.391Z,1710990856391,limit,2.732e-05,SHIB/USDT,24872681.0,679.52164492
2024-03-21T03:14:20.197Z,1710990860197,limit,2.731e-05,SHIB/USDT,34255933.0,935.52953023
2024-03-21T03:14:21.654Z,1710990861654,limit,2.73e-05,SHIB/USDT,23930524.0,653.3033052
2024-03-21T03:14:29.047Z,1710990869047,limit,2.733e-05,SHIB/USDT,6547744.0,178.94984352
2024-03-21T03:14:31.117Z,1710990871117,limit,2.73e-05,SHIB/USDT,47037283.0,1284.1178259
2024-03-21T03:14:34.873Z,1710990874873,limit,2.731e-05,SHIB/USDT,4642612.0,126.78973372
2024-03-21T03:14:37.711Z,1710990877711,limit,2.729e-05,SHIB/USDT,17693.0,0.48284197
2024-03-21T03:15:11.030Z,1710990911030,limit,2.724e-05,SHIB/USDT,10033.0,0.27329892
2024-03-21T03:15:11.075Z,1710990911075,limit,2.723e-05,SHIB/USDT,19222.0,0.52341506
2024-03-21T03:15:11.106Z,1710990911106,limit,2.723e-05,SHIB/USDT,19298.0,0.52548454
2024-03-21T03:15:11.146Z,1710990911146,limit,2.723e-05,SHIB/USDT,16063.0,0.43739549
2024-03-21T03:15:11.167Z,1710990911167,limit,2.725e-05,SHIB/USDT,35294188.0,961.766623
2024-03-21T03:15:11.197Z,1710990911197,limit,2.722e-05,SHIB/USDT,25406.0,0.69155132
2024-03-21T03:15:11.359Z,1710990911359,limit,2.721e-05,SHIB/USDT,13331.0,0.36273651
2024-03-21T03:15:19.559Z,1710990919559,market,2.725e-05,SHIB/USDT,1699360.0,46.30756
2024-03-21T03:15:35.944Z,1710990935944,limit,2.725e-05,SHIB/USDT,62543273.0,1704.30418925
2024-03-21T03:15:41.723Z,1710990941723,limit,2.725e-05,SHIB/USDT,44245603.0,1205.69268175
2024-03-21T03:15:53.283Z,1710990953283,limit,2.728e-05,SHIB/USDT,5038964.0,137.46293792
2024-03-21T03:16:01.711Z,1710990961711,limit,2.727e-05,SHIB/USDT,36826623.0,1004.26200921
2024-03-21T03:16:02.250Z,1710990962250,limit,2.728e-05,SHIB/USDT,42337664.0,1154.97147392
2024-03-21T03:16:09.102Z,1710990969102,limit,2.733e-05,SHIB/USDT,103398653.0,2825.88518649
2024-03-21T03:16:14.865Z,1710990974865,limit,2.732e-05,SHIB/USDT,38981584.0,1064.97687488
2024-03-21T03:16:15.392Z,1710990975392,limit,2.733e-05,SHIB/USDT,105471572.0,2882.53806276
2024-03-21T03:16:22.722Z,1710990982722,limit,2.735e-05,SHIB/USDT,123157007.0,3368.34414145
2024-03-21T03:17:06.900Z,1710991026900,limit,2.73e-05,SHIB/USDT,15432547.0,421.3085331
2024-03-21T03:17:13.740Z,1710991033740,limit,2.73e-05,SHIB/USDT,54190697.0,1479.4060281
2024-03-21T03:17:40.689Z,1710991060689,limit,2.731e-05,SHIB/USDT,67242763.0,1836.39985753
2024-03-21T03:17:43.312Z,1710991063312,limit,2.73e-05,SHIB/USDT,9912667.0,270.6158091
2024-03-21T03:17:45.419Z,1710991065419,limit,2.731e-05,SHIB/USDT,51500952.0,1406.49099912
2024-03-21T03:17:57.144Z,1710991077144,limit,2.729e-05,SHIB/USDT,21714062.0,592.57675198
2024-03-21T03:18:23.232Z,1710991103232,limit,2.731e-05,SHIB/USDT,996702.0,27.21993162
2024-03-21T03:18:28.174Z,1710991108174,limit,2.732e-05,SHIB/USDT,52963270.0,1446.9565364
2024-03-21T03:18:33.426Z,1710991113426,limit,2.732e-05,SHIB/USDT,22154602.0,605.26372664
2024-03-21T03:18:49.156Z,1710991129156,limit,2.732e-05,SHIB/USDT,14192399.0,387.73634068
2024-03-21T03:18:56.531Z,1710991136531,limit,2.732e-05,SHIB/USDT,9594147.0,262.11209604
2024-03-21T03:18:58.631Z,1710991138631,limit,2.733e-05,SHIB/USDT,42265264.0,1155.10966512
2024-03-21T03:19:22.430Z,1710991162430,limit,2.73e-05,SHIB/USDT,23862357.0,651.4423461
2024-03-21T03:19:40.839Z,1710991180839,limit,2.728e-05,SHIB/USDT,26660012.0,727.28512736
2024-03-21T03:19:43.451Z,1710991183451,limit,2.732e-05,SHIB/USDT,47583343.0,1299.97693076
2024-03-21T03:19:43.971Z,1710991183971,limit,2.732e-05,SHIB/USDT,705616.0,19.27742912
2024-03-21T03:19:58.339Z,1710991198339,market,2.73e-05,SHIB/USDT,1240694.0,33.8709462
2024-03-21T03:20:02.644Z,1710991202644,limit,2.731e-05,SHIB/USDT,29907019.0,816.76068889
2024-03-21T03:20:05.776Z,1710991205776,limit,2.73e-05,SHIB/USDT,2481556.0,67.7464788
2024-03-21T03:20:29.708Z,1710991229708,limit,2.732e-05,SHIB/USDT,13010106.0,355.43609592
2024-03-21T03:20:38.456Z,1710991238456,limit,2.733e-05,SHIB/USDT,45575435.0,1245.57663855
2024-03-21T03:20:42.697Z,1710991242697,limit,2.735e-05,SHIB/USDT,52556996.0,1437.4338406
2024-03-21T03:21:04.272Z,1710991264272,limit,2.735e-05,SHIB/USDT,52494272.0,1435.7183392
2024-03-21T03:21:06.926Z,1710991266926,limit,2.731e-05,SHIB/USDT,26249918.0,716.88526058
2024-03-21T03:21:24.238Z,1710991284238,limit,2.733e-05,SHIB/USDT,52214749.0,1427.02909017
2024-03-21T03:21:25.401Z,1710991285401,market,2.733e-05,SHIB/USDT,4264544.0,116.54998752
2024-03-21T03:21:31.100Z,1710991291100,limit,2.736e-05,SHIB/USDT,3669430.0,100.3956048
2024-03-21T03:21:41.077Z,1710991301077,limit,2.736e-05,SHIB/USDT,40612511.0,1111.15830096
2024-03-21T03:21:51.859Z,1710991311859,limit,2.739e-05,SHIB/USDT,25406.0,0.69587034
2024-03-21T03:21:51.900Z,1710991311900,limit,2.74e-05,SHIB/USDT,10033.0,0.2749042
2024-03-21T03:21:51.942Z,1710991311942,limit,2.74e-05,SHIB/USDT,13331.0,0.3652694
2024-03-21T03:22:26.652Z,1710991346652,limit,2.736e-05,SHIB/USDT,54724571.0,1497.26426256
2024-03-21T03:22:32.934Z,1710991352934,limit,2.735e-05,SHIB/USDT,34574048.0,945.6002128
2024-03-21T03:22:41.492Z,1710991361492,limit,2.738e-05,SHIB/USDT,27733847.0,759.35273086
2024-03-21T03:23:06.324Z,1710991386324,limit,2.737e-05,SHIB/USDT,5202586.0,142.39477882
2024-03-21T03:23:13.596Z,1710991393596,limit,2.737e-05,SHIB/USDT,28133847.0,770.02339239
2024-03-21T03:23:14.669Z,1710991394669,limit,2.737e-05,SHIB/USDT,3531727.0,96.66336799
2024-03-21T03:23:35.308Z,1710991415308,limit,2.741e-05,SHIB/USDT,47238899.0,1294.81822159
2024-03-21T03:23:38.985Z,1710991418985,limit,2.741e-05,SHIB/USDT,41311874.0,1132.35846634
2024-03-21T03:23:41.600Z,1710991421600,limit,2.741e-05,SHIB/USDT,29847023.0,818.10690043
2024-03-21T03:23:45.304Z,1710991425304,limit,2.741e-05,SHIB/USDT,19222.0,0.52687502
2024-03-21T03:23:45.375Z,1710991425375,limit,2.741e-05,SHIB/USDT,19298.0,0.52895818
2024-03-21T03:23:52.646Z,1710991432646,limit,2.743e-05,SHIB/USDT,51412854.0,1410.25458522
2024-03-21T03:24:06.217Z,1710991446217,limit,2.743e-05,SHIB/USDT,16063.0,0.44060809
2024-03-21T03:24:10.214Z,1710991450214,limit,2.742e-05,SHIB/USDT,26589020.0,729.0709284
2024-03-21T03:24:10.618Z,1710991450618,limit,2.743e-05,SHIB/USDT,6956680.0,190.8217324
2024-03-21T03:24:36.935Z,1710991476935,limit,2.737e-05,SHIB/USDT,40051880.0,1096.2199556
2024-03-21T03:24:48.547Z,1710991488547,limit,2.74e-05,SHIB/USDT,6566714.0,179.9279636
2024-03-21T03:24:51.677Z,1710991491677,limit,2.74e-05,SHIB/USDT,26337811.0,721.6560214
2024-03-21T03:24:57.526Z,1710991497526,limit,2.74e-05,SHIB/USDT,1842851.0,50.4941174
2024-03-21T03:25:00.215Z,1710991500215,limit,2.741e-05,SHIB/USDT,2260355.0,61.95633055
2024-03-21T03:25:26.482Z,1710991526482,limit,2.737e-05,SHIB/USDT,14429987.0,394.94874419
2024-03-21T03:25:35.464Z,1710991535464,limit,2.735e-05,SHIB/USDT,38972496.0,1065.8977656
2024-03-21T03:25:38.669Z,1710991538669,limit,2.735e-05,SHIB/USDT,42826719.0,1171.31076465
2024-03-21T03:25:41.825Z,1710991541825,limit,2.735e-05,SHIB/USDT,25043435.0,684.93794725
2024-03-21T03:25:52.876Z,1710991552876,limit,2.732e-05,SHIB/USDT,9180708.0,250.81694256
2024-03-21T03:26:07.582Z,1710991567582,limit,2.732e-05,SHIB/USDT,39556934.0,1080.69543688
2024-03-21T03:26:14.971Z,1710991574971,limit,2.731e-05,SHIB/USDT,3934315.0,107.44614265
2024-03-21T03:26:18.159Z,1710991578159,limit,2.727e-05,SHIB/USDT,39193700.0,1068.812199
2024-03-21T03:26:27.118Z,1710991587118,limit,2.731e-05,SHIB/USDT,47712474.0,1303.02766494
2024-03-21T03:26:36.060Z,1710991596060,limit,2.731e-05,SHIB/USDT,16249889.0,443.78446859
2024-03-21T03:26:49.197Z,1710991609197,limit,2.733e-05,SHIB/USDT,26276696.0,718.14210168
2024-03-21T03:26:59.661Z,1710991619661,limit,2.727e-05,SHIB/USDT,64612292.0,1761.97720284
2024-03-21T03:27:10.241Z,1710991630241,limit,2.727e-05,SHIB/USDT,39349883.0,1073.07130941
2024-03-21T03:27:11.729Z,1710991631729,limit,2.728e-05,SHIB/USDT,1960479.0,53.48186712
2024-03-21T03:27:43.702Z,1710991663702,limit,2.732e-05,SHIB/USDT,35188033.0,961.33706156
2024-03-21T03:27:44.498Z,1710991664498,limit,2.733e-05,SHIB/USDT,70456767.0,1925.58344211
2024-03-21T03:27:46.853Z,1710991666853,limit,2.733e-05,SHIB/USDT,35157481.0,960.85395573
2024-03-21T03:27:51.065Z,1710991671065,limit,2.731e-05,SHIB/USDT,34532417.0,943.08030827
2024-03-21T03:28:04.786Z,1710991684786,limit,2.731e-05,SHIB/USDT,61403656.0,1676.93384536
2024-03-21T03:28:18.482Z,1710991698482,limit,2.727e-05,SHIB/USDT,23066459.0,629.02233693
2024-03-21T03:28:23.751Z,1710991703751,limit,2.727e-05,SHIB/USDT,57860270.0,1577.8495629
2024-03-21T03:28:31.625Z,1710991711625,limit,2.728e-05,SHIB/USDT,40568790.0,1106.7165912
2024-03-21T03:28:32.142Z,1710991712142,limit,2.728e-05,SHIB/USDT,10912682.0,297.69796496
2024-03-21T03:28:35.310Z,1710991715310,limit,2.73e-05,SHIB/USDT,39018262.0,1065.1985526
2024-03-21T03:28:42.256Z,1710991722256,limit,2.726e-05,SHIB/USDT,58388898.0,1591.68135948
2024-03-21T03:28:45.407Z,1710991725407,limit,2.724e-05,SHIB/USDT,10033.0,0.27329892
2024-03-21T03:28:49.024Z,1710991729024,limit,2.723e-05,SHIB/USDT,41873629.0,1140.21891767
2024-03-21T03:29:06.923Z,1710991746923,limit,2.725e-05,SHIB/USDT,86960077.0,2369.66209825
2024-03-21T03:29:10.206Z,1710991750206,limit,2.724e-05,SHIB/USDT,34585152.0,942.09954048
2024-03-21T03:29:31.140Z,1710991771140,limit,2.726e-05,SHIB/USDT,30545698.0,832.67572748
2024-03-21T03:29:35.351Z,1710991775351,limit,2.725e-05,SHIB/USDT,27885425.0,759.87783125
2024-03-21T03:29:46.443Z,1710991786443,limit,2.726e-05,SHIB/USDT,8641660.0,235.5716516
2024-03-21T03:29:50.198Z,1710991790198,limit,2.725e-05,SHIB/USDT,68260326.0,1860.0938835
2024-03-21T03:30:01.150Z,1710991801150,limit,2.726e-05,SHIB/USDT,76649200.0,2089.457192
2024-03-21T03:30:09.173Z,1710991809173,limit,2.73e-05,SHIB/USDT,75827111.0,2070.0801303
2024-03-21T03:30:11.258Z,1710991811258,limit,2.732e-05,SHIB/USDT,80094919.0,2188.19318708
2024-03-21T03:30:16.527Z,1710991816527,limit,2.73e-05,SHIB/USDT,90378230.0,2467.325679
2024-03-21T03:30:40.788Z,1710991840788,limit,2.732e-05,SHIB/USDT,62695321.0,1712.83616972
2024-03-21T03:30:41.841Z,1710991841841,limit,2.732e-05,SHIB/USDT,52270017.0,1428.01686444
2024-03-21T03:30:45.056Z,1710991845056,limit,2.733e-05,SHIB/USDT,34701855.0,948.40169715
2024-03-21T03:31:17.498Z,1710991877498,limit,2.73e-05,SHIB/USDT,6071989.0,165.7652997
2024-03-21T03:31:29.091Z,1710991889091,limit,2.733e-05,SHIB/USDT,44676127.0,1220.99855091
2024-03-21T03:31:53.331Z,1710991913331,limit,2.73e-05,SHIB/USDT,77494176.0,2115.5910048
2024-03-21T03:31:54.379Z,1710991914379,limit,2.731e-05,SHIB/USDT,54401426.0,1485.70294406
2024-03-21T03:31:59.660Z,1710991919660,limit,2.73e-05,SHIB/USDT,53518911.0,1461.0662703
2024-03-21T03:32:25.712Z,1710991945712,limit,2.733e-05,SHIB/USDT,64268640.0,1756.4619312
2024-03-21T03:32:33.131Z,1710991953131,limit,2.726e-05,SHIB/USDT,41596150.0,1133.911049
2024-03-21T03:32:44.730Z,1710991964730,limit,2.728e-05,SHIB/USDT,44214815.0,1206.1801532
2024-03-21T03:33:06.457Z,1710991986457,limit,2.728e-05,SHIB/USDT,7364632.0,200.90716096
2024-03-21T03:33:20.723Z,1710992000723,limit,2.725e-05,SHIB/USDT,2252124.0,61.370379
2024-03-21T03:33:23.909Z,1710992003909,limit,2.724e-05,SHIB/USDT,62421621.0,1700.36495604
2024-03-21T03:33:27.582Z,1710992007582,limit,2.725e-05,SHIB/USDT,4223624.0,115.093754
2024-03-21T03:33:29.681Z,1710992009681,limit,2.725e-05,SHIB/USDT,13015436.0,354.670631
2024-03-21T03:33:46.226Z,1710992026226,limit,2.723e-05,SHIB/USDT,19222.0,0.52341506
2024-03-21T03:33:46.274Z,1710992026274,limit,2.723e-05,SHIB/USDT,19298.0,0.52548454
2024-03-21T03:33:46.416Z,1710992026416,limit,2.723e-05,SHIB/USDT,16063.0,0.43739549
2024-03-21T03:33:46.467Z,1710992026467,limit,2.722e-05,SHIB/USDT,25406.0,0.69155132
2024-03-21T03:33:46.508Z,1710992026508,limit,2.721e-05,SHIB/USDT,13331.0,0.36273651
2024-03-21T03:33:58.104Z,1710992038104,limit,2.723e-05,SHIB/USDT,17766624.0,483.78517152
2024-03-21T03:33:58.593Z,1710992038593,limit,2.722e-05,SHIB/USDT,33477635.0,911.2612247
2024-03-21T03:34:13.332Z,1710992053332,limit,2.723e-05,SHIB/USDT,29705695.0,808.88607485
2024-03-21T03:34:45.551Z,1710992085551,limit,2.722e-05,SHIB/USDT,43908448.0,1195.18795456
2024-03-21T03:34:55.271Z,1710992095271,limit,2.72e-05,SHIB/USDT,4825499.0,131.2535728
2024-03-21T03:35:00.488Z,1710992100488,limit,2.72e-05,SHIB/USDT,56694677.0,1542.0952144
2024-03-21T03:35:14.449Z,1710992114449,limit,2.728e-05,SHIB/USDT,73341394.0,2000.75322832
2024-03-21T03:35:24.821Z,1710992124821,limit,2.73e-05,SHIB/USDT,5517954.0,150.6401442
2024-03-21T03:35:34.809Z,1710992134809,limit,2.732e-05,SHIB/USDT,38627522.0,1055.30390104
2024-03-21T03:35:40.598Z,1710992140598,limit,2.733e-05,SHIB/USDT,13189907.0,360.48015831
2024-03-21T03:36:04.343Z,1710992164343,limit,2.73e-05,SHIB/USDT,72033448.0,1966.5131304
2024-03-21T03:36:08.579Z,1710992168579,limit,2.733e-05,SHIB/USDT,31023405.0,847.86965865
2024-03-21T03:36:21.714Z,1710992181714,limit,2.735e-05,SHIB/USDT,43433201.0,1187.89804735
2024-03-21T03:36:30.208Z,1710992190208,limit,2.735e-05,SHIB/USDT,19290495.0,527.59503825
2024-03-21T03:36:44.829Z,1710992204829,limit,2.735e-05,SHIB/USDT,10559818.0,288.8110223
2024-03-21T03:36:45.872Z,1710992205872,limit,2.736e-05,SHIB/USDT,3949424.0,108.05624064
2024-03-21T03:36:58.189Z,1710992218189,limit,2.737e-05,SHIB/USDT,40128736.0,1098.32350432
2024-03-21T03:37:02.375Z,1710992222375,limit,2.737e-05,SHIB/USDT,45667950.0,1249.9317915
2024-03-21T03:37:04.531Z,1710992224531,limit,2.738e-05,SHIB/USDT,75283996.0,2061.27581048
2024-03-21T03:37:18.169Z,1710992238169,limit,2.739e-05,SHIB/USDT,25406.0,0.69587034
2024-03-21T03:37:18.221Z,1710992238221,limit,2.74e-05,SHIB/USDT,10033.0,0.2749042
2024-03-21T03:37:18.273Z,1710992238273,limit,2.74e-05,SHIB/USDT,13331.0,0.3652694
2024-03-21T03:37:26.117Z,1710992246117,limit,2.741e-05,SHIB/USDT,39561514.0,1084.38109874
2024-03-21T03:37:32.970Z,1710992252970,limit,2.741e-05,SHIB/USDT,44682900.0,1224.758289
2024-03-21T03:37:41.344Z,1710992261344,limit,2.741e-05,SHIB/USDT,32767976.0,898.17022216
2024-03-21T03:38:03.535Z,1710992283535,limit,2.741e-05,SHIB/USDT,19222.0,0.52687502
2024-03-21T03:38:03.581Z,1710992283581,limit,2.741e-05,SHIB/USDT,19298.0,0.52895818
2024-03-21T03:38:14.980Z,1710992294980,limit,2.742e-05,SHIB/USDT,33523665.0,919.2188943
2024-03-21T03:38:29.415Z,1710992309415,limit,2.741e-05,SHIB/USDT,85158.0,2.33418078
2024-03-21T03:38:37.595Z,1710992317595,limit,2.74e-05,SHIB/USDT,54477891.0,1492.6942134
2024-03-21T03:38:56.543Z,1710992336543,limit,2.74e-05,SHIB/USDT,42583897.0,1166.7987778
2024-03-21T03:39:09.673Z,1710992349673,limit,2.741e-05,SHIB/USDT,21873618.0,599.55586938
2024-03-21T03:39:30.259Z,1710992370259,limit,2.743e-05,SHIB/USDT,44732808.0,1227.02092344
2024-03-21T03:39:45.931Z,1710992385931,limit,2.74e-05,SHIB/USDT,33550089.0,919.2724386
2024-03-21T03:39:48.083Z,1710992388083,limit,2.74e-05,SHIB/USDT,17126610.0,469.269114
2024-03-21T03:39:57.475Z,1710992397475,limit,2.738e-05,SHIB/USDT,43960768.0,1203.64582784
2024-03-21T03:40:00.237Z,1710992400237,limit,2.738e-05,SHIB/USDT,15118232.0,413.93719216
2024-03-21T03:40:06.498Z,1710992406498,limit,2.737e-05,SHIB/USDT,4724889.0,129.32021193
2024-03-21T03:40:08.079Z,1710992408079,limit,2.737e-05,SHIB/USDT,13942829.0,381.61522973
2024-03-21T03:40:19.101Z,1710992419101,limit,2.737e-05,SHIB/USDT,30066708.0,822.92579796
2024-03-21T03:40:26.125Z,1710992426125,limit,2.737e-05,SHIB/USDT,18986876.0,519.67079612
2024-03-21T03:40:27.113Z,1710992427113,limit,2.737e-05,SHIB/USDT,12195243.0,333.78380091
2024-03-21T03:40:35.518Z,1710992435518,limit,2.737e-05,SHIB/USDT,16059276.0,439.54238412
2024-03-21T03:41:01.981Z,1710992461981,limit,2.737e-05,SHIB/USDT,22827477.0,624.78804549
2024-03-21T03:41:02.364Z,1710992462364,limit,2.738e-05,SHIB/USDT,941084.0,25.76687992
2024-03-21T03:41:04.130Z,1710992464130,limit,2.741e-05,SHIB/USDT,6072161.0,166.43793301
2024-03-21T03:41:06.723Z,1710992466723,limit,2.741e-05,SHIB/USDT,21033839.0,576.53752699
2024-03-21T03:41:12.534Z,1710992472534,limit,2.74e-05,SHIB/USDT,34525435.0,945.996919
2024-03-21T03:41:13.568Z,1710992473568,limit,2.74e-05,SHIB/USDT,36556888.0,1001.6587312
2024-03-21T03:41:26.099Z,1710992486099,limit,2.74e-05,SHIB/USDT,99936380.0,2738.256812
2024-03-21T03:41:26.192Z,1710992486192,limit,2.741e-05,SHIB/USDT,2519339.0,69.05508199
2024-03-21T03:41:44.618Z,1710992504618,limit,2.74e-05,SHIB/USDT,43001905.0,1178.252197
2024-03-21T03:41:57.389Z,1710992517389,limit,2.74e-05,SHIB/USDT,30534640.0,836.649136
2024-03-21T03:42:05.474Z,1710992525474,limit,2.737e-05,SHIB/USDT,394782.0,10.80518334
2024-03-21T03:42:30.492Z,1710992550492,limit,2.732e-05,SHIB/USDT,27898717.0,762.19294844
2024-03-21T03:42:50.207Z,1710992570207,limit,2.732e-05,SHIB/USDT,26141258.0,714.17916856
2024-03-21T03:42:58.954Z,1710992578954,limit,2.732e-05,SHIB/USDT,13014785.0,355.5639262
2024-03-21T03:43:18.581Z,1710992598581,limit,2.732e-05,SHIB/USDT,36778185.0,1004.7800142
2024-03-21T03:43:26.989Z,1710992606989,limit,2.733e-05,SHIB/USDT,37639803.0,1028.69581599
2024-03-21T03:43:37.064Z,1710992617064,limit,2.733e-05,SHIB/USDT,13027088.0,356.03031504
2024-03-21T03:43:37.584Z,1710992617584,limit,2.732e-05,SHIB/USDT,10939098.0,298.85615736
2024-03-21T03:43:39.681Z,1710992619681,limit,2.733e-05,SHIB/USDT,18734341.0,512.00953953
2024-03-21T03:43:41.854Z,1710992621854,limit,2.733e-05,SHIB/USDT,7454089.0,203.72025237
2024-03-21T03:43:54.798Z,1710992634798,limit,2.733e-05,SHIB/USDT,8161497.0,223.05371301
2024-03-21T03:44:02.235Z,1710992642235,limit,2.733e-05,SHIB/USDT,37019763.0,1011.75012279
2024-03-21T03:44:12.464Z,1710992652464,limit,2.726e-05,SHIB/USDT,50836903.0,1385.81397578
2024-03-21T03:44:43.114Z,1710992683114,limit,2.725e-05,SHIB/USDT,18727040.0,510.31184
2024-03-21T03:44:43.496Z,1710992683496,limit,2.724e-05,SHIB/USDT,10033.0,0.27329892
2024-03-21T03:44:43.544Z,1710992683544,limit,2.723e-05,SHIB/USDT,19222.0,0.52341506
2024-03-21T03:44:43.598Z,1710992683598,limit,2.723e-05,SHIB/USDT,19298.0,0.52548454
2024-03-21T03:44:43.654Z,1710992683654,limit,2.722e-05,SHIB/USDT,25406.0,0.69155132
2024-03-21T03:44:43.698Z,1710992683698,limit,2.721e-05,SHIB/USDT,13331.0,0.36273651
2024-03-21T03:44:55.796Z,1710992695796,limit,2.72e-05,SHIB/USDT,22411530.0,609.593616
2024-03-21T03:44:57.369Z,1710992697369,limit,2.72e-05,SHIB/USDT,382881.0,10.4143632
2024-03-21T03:45:01.103Z,1710992701103,limit,2.72e-05,SHIB/USDT,30498820.0,829.567904
2024-03-21T03:45:11.822Z,1710992711822,limit,2.719e-05,SHIB/USDT,4480638.0,121.82854722
2024-03-21T03:45:18.920Z,1710992718920,limit,2.715e-05,SHIB/USDT,12367307.0,335.77238505
2024-03-21T03:45:20.804Z,1710992720804,limit,2.716e-05,SHIB/USDT,92487431.0,2511.95862596
2024-03-21T03:45:39.239Z,1710992739239,limit,2.716e-05,SHIB/USDT,108555854.0,2948.37699464
2024-03-21T03:45:43.428Z,1710992743428,limit,2.715e-05,SHIB/USDT,25000000.0,678.75
2024-03-21T03:45:43.480Z,1710992743480,limit,2.714e-05,SHIB/USDT,42282.0,1.14753348
2024-03-21T03:45:46.141Z,1710992746141,limit,2.713e-05,SHIB/USDT,65952416.0,1789.28904608
2024-03-21T03:45:47.684Z,1710992747684,limit,2.714e-05,SHIB/USDT,13528052.0,367.15133128
2024-03-21T03:45:48.798Z,1710992748798,limit,2.71e-05,SHIB/USDT,6357969.0,172.3009599
2024-03-21T03:45:52.712Z,1710992752712,limit,2.71e-05,SHIB/USDT,92577.0,2.5088367
2024-03-21T03:45:54.230Z,1710992754230,limit,2.709e-05,SHIB/USDT,17693.0,0.47930337
2024-03-21T03:45:54.274Z,1710992754274,limit,2.708e-05,SHIB/USDT,10033.0,0.27169364
2024-03-21T03:45:54.319Z,1710992754319,limit,2.706e-05,SHIB/USDT,57128.0,1.54588368
2024-03-21T03:45:58.273Z,1710992758273,limit,2.709e-05,SHIB/USDT,38321001.0,1038.11591709
2024-03-21T03:46:12.514Z,1710992772514,limit,2.705e-05,SHIB/USDT,25406.0,0.6872323
2024-03-21T03:46:12.565Z,1710992772565,limit,2.705e-05,SHIB/USDT,19222.0,0.5199551
2024-03-21T03:46:12.616Z,1710992772616,limit,2.705e-05,SHIB/USDT,19298.0,0.5220109
2024-03-21T03:46:12.653Z,1710992772653,limit,2.703e-05,SHIB/USDT,1000000.0,27.03
2024-03-21T03:46:12.710Z,1710992772710,limit,2.703e-05,SHIB/USDT,16063.0,0.43418289
2024-03-21T03:46:12.762Z,1710992772762,limit,2.702e-05,SHIB/USDT,13331.0,0.36020362
2024-03-21T03:46:16.239Z,1710992776239,limit,2.7e-05,SHIB/USDT,18396445.0,496.704015
2024-03-21T03:46:16.504Z,1710992776504,limit,2.7e-05,SHIB/USDT,452447.0,12.216069
2024-03-21T03:46:16.563Z,1710992776563,limit,2.7e-05,SHIB/USDT,1851851.0,49.999977
2024-03-21T03:46:16.594Z,1710992776594,limit,2.7e-05,SHIB/USDT,1172391.0,31.654557
2024-03-21T03:46:18.298Z,1710992778298,limit,2.7e-05,SHIB/USDT,154503602.0,4171.597254
2024-03-21T03:46:38.862Z,1710992798862,limit,2.7e-05,SHIB/USDT,188971807.0,5102.238789
2024-03-21T03:46:50.459Z,1710992810459,limit,2.701e-05,SHIB/USDT,6372420.0,172.1190642
2024-03-21T03:46:51.058Z,1710992811058,limit,2.699e-05,SHIB/USDT,1000000.0,26.99
2024-03-21T03:46:53.378Z,1710992813378,limit,2.696e-05,SHIB/USDT,55738.0,1.50269648
2024-03-21T03:47:00.553Z,1710992820553,limit,2.698e-05,SHIB/USDT,162435585.0,4382.5120833
2024-03-21T03:47:03.828Z,1710992823828,limit,2.695e-05,SHIB/USDT,1000000.0,26.95
2024-03-21T03:47:04.425Z,1710992824425,limit,2.694e-05,SHIB/USDT,99945345.0,2692.5275943
2024-03-21T03:47:07.879Z,1710992827879,limit,2.695e-05,SHIB/USDT,25009244.0,673.9991258
2024-03-21T03:47:21.124Z,1710992841124,limit,2.695e-05,SHIB/USDT,13654754.0,367.9956203
2024-03-21T03:47:35.932Z,1710992855932,limit,2.696e-05,SHIB/USDT,179785037.0,4847.00459752
2024-03-21T03:47:57.150Z,1710992877150,limit,2.693e-05,SHIB/USDT,67896268.0,1828.44649724
2024-03-21T03:47:57.664Z,1710992877664,limit,2.693e-05,SHIB/USDT,135869810.0,3658.9739833
2024-03-21T03:48:00.811Z,1710992880811,limit,2.693e-05,SHIB/USDT,55689745.0,1499.72483285
2024-03-21T03:48:01.338Z,1710992881338,limit,2.694e-05,SHIB/USDT,96420311.0,2597.56317834
2024-03-21T03:48:05.200Z,1710992885200,limit,2.693e-05,SHIB/USDT,1099639.0,29.61327827
2024-03-21T03:48:12.267Z,1710992892267,limit,2.692e-05,SHIB/USDT,10033.0,0.27008836
2024-03-21T03:48:12.361Z,1710992892361,limit,2.691e-05,SHIB/USDT,1000000.0,26.91
2024-03-21T03:48:19.865Z,1710992899865,limit,2.694e-05,SHIB/USDT,52369727.0,1410.84044538
2024-03-21T03:48:20.381Z,1710992900381,limit,2.692e-05,SHIB/USDT,43413346.0,1168.68727432
2024-03-21T03:48:36.721Z,1710992916721,limit,2.691e-05,SHIB/USDT,87890292.0,2365.12775772
2024-03-21T03:48:39.709Z,1710992919709,market,2.69e-05,SHIB/USDT,472571.0,12.7121599
2024-03-21T03:48:47.492Z,1710992927492,limit,2.689e-05,SHIB/USDT,17693.0,0.47576477
2024-03-21T03:48:55.529Z,1710992935529,limit,2.688e-05,SHIB/USDT,25406.0,0.68291328
2024-03-21T03:48:55.573Z,1710992935573,limit,2.687e-05,SHIB/USDT,1000000.0,26.87
2024-03-21T03:48:55.619Z,1710992935619,limit,2.687e-05,SHIB/USDT,19222.0,0.51649514
2024-03-21T03:48:55.666Z,1710992935666,limit,2.687e-05,SHIB/USDT,19298.0,0.51853726
2024-03-21T03:48:55.703Z,1710992935703,limit,2.687e-05,SHIB/USDT,52437.0,1.40898219
2024-03-21T03:48:55.737Z,1710992935737,limit,2.685e-05,SHIB/USDT,57446.0,1.5424251
2024-03-21T03:48:55.762Z,1710992935762,limit,2.685e-05,SHIB/USDT,67730.0,1.8185505
2024-03-21T03:48:55.787Z,1710992935787,limit,2.684e-05,SHIB/USDT,38788.0,1.04106992
2024-03-21T03:49:28.475Z,1710992968475,limit,2.7e-05,SHIB/USDT,50728016.0,1369.656432
2024-03-21T03:49:32.292Z,1710992972292,limit,2.701e-05,SHIB/USDT,95157543.0,2570.20523643
2024-03-21T03:49:54.883Z,1710992994883,limit,2.7e-05,SHIB/USDT,11506229.0,310.668183
2024-03-21T03:49:59.640Z,1710992999640,limit,2.701e-05,SHIB/USDT,112339643.0,3034.29375743
2024-03-21T03:50:01.767Z,1710993001767,limit,2.701e-05,SHIB/USDT,29317992.0,791.87896392
2024-03-21T03:50:11.321Z,1710993011321,limit,2.704e-05,SHIB/USDT,15095136.0,408.17247744
2024-03-21T03:50:15.075Z,1710993015075,limit,2.7e-05,SHIB/USDT,36841034.0,994.707918
2024-03-21T03:50:18.704Z,1710993018704,limit,2.701e-05,SHIB/USDT,30444881.0,822.31623581
2024-03-21T03:50:25.922Z,1710993025922,market,2.696e-05,SHIB/USDT,156528.0,4.21999488
2024-03-21T03:50:29.727Z,1710993029727,limit,2.696e-05,SHIB/USDT,69660574.0,1878.04907504
2024-03-21T03:50:45.608Z,1710993045608,limit,2.691e-05,SHIB/USDT,62456427.0,1680.70245057
2024-03-21T03:51:15.192Z,1710993075192,limit,2.683e-05,SHIB/USDT,50926043.0,1366.34573369
2024-03-21T03:51:15.970Z,1710993075970,limit,2.683e-05,SHIB/USDT,1000000.0,26.83
2024-03-21T03:51:16.052Z,1710993076052,limit,2.683e-05,SHIB/USDT,13331.0,0.35767073
2024-03-21T03:51:16.091Z,1710993076091,limit,2.683e-05,SHIB/USDT,16063.0,0.43097029
2024-03-21T03:51:16.188Z,1710993076188,limit,2.681e-05,SHIB/USDT,114500.0,3.069745
2024-03-21T03:51:19.062Z,1710993079062,limit,2.68e-05,SHIB/USDT,42282.0,1.1331576
2024-03-21T03:51:19.108Z,1710993079108,limit,2.68e-05,SHIB/USDT,57127.0,1.5310036
2024-03-21T03:51:19.141Z,1710993079141,limit,2.679e-05,SHIB/USDT,1000000.0,26.79
2024-03-21T03:51:25.798Z,1710993085798,limit,2.68e-05,SHIB/USDT,98751333.0,2646.5357244
2024-03-21T03:51:32.640Z,1710993092640,limit,2.681e-05,SHIB/USDT,107724085.0,2888.08271885
2024-03-21T03:51:33.841Z,1710993093841,market,2.683e-05,SHIB/USDT,1549537.0,41.57407771
2024-03-21T03:51:38.406Z,1710993098406,limit,2.681e-05,SHIB/USDT,42298212.0,1134.01506372
2024-03-21T03:51:38.916Z,1710993098916,limit,2.68e-05,SHIB/USDT,56074036.0,1502.7841648
2024-03-21T03:51:39.451Z,1710993099451,limit,2.681e-05,SHIB/USDT,126316063.0,3386.53364903
2024-03-21T03:51:44.784Z,1710993104784,limit,2.681e-05,SHIB/USDT,37447517.0,1003.96793077
2024-03-21T03:52:17.296Z,1710993137296,limit,2.684e-05,SHIB/USDT,234736316.0,6300.32272144
2024-03-21T03:52:21.590Z,1710993141590,limit,2.685e-05,SHIB/USDT,61473815.0,1650.57193275
2024-03-21T03:52:25.715Z,1710993145715,limit,2.681e-05,SHIB/USDT,127278988.0,3412.34966828
2024-03-21T03:52:30.210Z,1710993150210,limit,2.683e-05,SHIB/USDT,38998351.0,1046.32575733
2024-03-21T03:52:33.711Z,1710993153711,limit,2.681e-05,SHIB/USDT,44340793.0,1188.77666033
2024-03-21T03:53:13.927Z,1710993193927,limit,2.678e-05,SHIB/USDT,99223969.0,2657.21788982
2024-03-21T03:53:17.784Z,1710993197784,limit,2.678e-05,SHIB/USDT,50616.0,1.35549648
2024-03-21T03:53:17.822Z,1710993197822,limit,2.676e-05,SHIB/USDT,10033.0,0.26848308
2024-03-21T03:53:24.470Z,1710993204470,limit,2.677e-05,SHIB/USDT,67259131.0,1800.52693687
2024-03-21T03:53:46.168Z,1710993226168,limit,2.677e-05,SHIB/USDT,189623223.0,5076.21367971
2024-03-21T03:54:01.977Z,1710993241977,limit,2.675e-05,SHIB/USDT,1000000.0,26.75
2024-03-21T03:54:02.050Z,1710993242050,limit,2.672e-05,SHIB/USDT,31100.0,0.830992
2024-03-21T03:54:02.120Z,1710993242120,limit,2.671e-05,SHIB/USDT,1000000.0,26.71
2024-03-21T03:54:02.171Z,1710993242171,limit,2.671e-05,SHIB/USDT,25406.0,0.67859426
2024-03-21T03:54:38.778Z,1710993278778,limit,2.673e-05,SHIB/USDT,44397296.0,1186.73972208
2024-03-21T03:54:39.307Z,1710993279307,limit,2.674e-05,SHIB/USDT,95930273.0,2565.17550002
2024-03-21T03:54:41.395Z,1710993281395,limit,2.675e-05,SHIB/USDT,83436354.0,2231.9224695
2024-03-21T03:54:49.800Z,1710993289800,limit,2.678e-05,SHIB/USDT,31456531.0,842.40590018
2024-03-21T03:55:22.664Z,1710993322664,limit,2.676e-05,SHIB/USDT,40622084.0,1087.04696784
2024-03-21T03:55:33.732Z,1710993333732,limit,2.68e-05,SHIB/USDT,45647463.0,1223.3520084
2024-03-21T03:55:34.290Z,1710993334290,limit,2.68e-05,SHIB/USDT,105186789.0,2819.0059452
2024-03-21T03:55:46.083Z,1710993346083,limit,2.688e-05,SHIB/USDT,25406.0,0.68291328
2024-03-21T03:55:55.774Z,1710993355774,limit,2.691e-05,SHIB/USDT,11382901.0,306.31386591
2024-03-21T03:56:01.074Z,1710993361074,limit,2.69e-05,SHIB/USDT,130359612.0,3506.6735628
2024-03-21T03:56:18.778Z,1710993378778,limit,2.686e-05,SHIB/USDT,130566092.0,3507.00523112
2024-03-21T03:56:34.147Z,1710993394147,limit,2.687e-05,SHIB/USDT,94696553.0,2544.49637911
2024-03-21T03:56:36.267Z,1710993396267,limit,2.688e-05,SHIB/USDT,37695811.0,1013.26339968
2024-03-21T03:57:04.257Z,1710993424257,limit,2.683e-05,SHIB/USDT,72234455.0,1938.05042765
2024-03-21T03:57:14.216Z,1710993434216,limit,2.684e-05,SHIB/USDT,22037111.0,591.47605924
2024-03-21T03:57:21.761Z,1710993441761,limit,2.689e-05,SHIB/USDT,120493436.0,3240.06849404
2024-03-21T03:57:43.670Z,1710993463670,limit,2.69e-05,SHIB/USDT,23026919.0,619.4241211
2024-03-21T03:57:45.498Z,1710993465498,limit,2.692e-05,SHIB/USDT,10033.0,0.27008836
2024-03-21T03:57:47.955Z,1710993467955,limit,2.693e-05,SHIB/USDT,28732551.0,773.76759843
2024-03-21T03:58:00.217Z,1710993480217,limit,2.694e-05,SHIB/USDT,37832086.0,1019.19639684
2024-03-21T03:58:14.899Z,1710993494899,limit,2.694e-05,SHIB/USDT,82310933.0,2217.45653502
2024-03-21T03:58:32.238Z,1710993512238,limit,2.695e-05,SHIB/USDT,93659549.0,2524.12484555
2024-03-21T03:58:37.475Z,1710993517475,limit,2.693e-05,SHIB/USDT,21361550.0,575.2665415
2024-03-21T03:58:49.580Z,1710993529580,limit,2.696e-05,SHIB/USDT,66319397.0,1787.97094312
2024-03-21T03:58:52.722Z,1710993532722,limit,2.695e-05,SHIB/USDT,63767729.0,1718.54029655
2024-03-21T03:59:20.845Z,1710993560845,limit,2.688e-05,SHIB/USDT,81163949.0,2181.68694912
2024-03-21T03:59:21.375Z,1710993561375,limit,2.688e-05,SHIB/USDT,31331075.0,842.179296
2024-03-21T03:59:49.586Z,1710993589586,limit,2.685e-05,SHIB/USDT,91300373.0,2451.41501505
2024-03-21T03:59:50.632Z,1710993590632,limit,2.684e-05,SHIB/USDT,68369310.0,1835.0322804
2024-03-21T03:59:51.734Z,1710993591734,limit,2.684e-05,SHIB/USDT,63939721.0,1716.14211164
2024-03-21T03:59:54.341Z,1710993594341,limit,2.681e-05,SHIB/USDT,34076809.0,913.59924929
2024-03-21T04:00:00.637Z,1710993600637,limit,2.683e-05,SHIB/USDT,44390082.0,1190.98590006
2024-03-21T04:00:05.306Z,1710993605306,limit,2.685e-05,SHIB/USDT,69389135.0,1863.09827475
2024-03-21T04:00:05.439Z,1710993605439,limit,2.684e-05,SHIB/USDT,37035444.0,994.03131696
2024-03-21T04:00:09.099Z,1710993609099,limit,2.684e-05,SHIB/USDT,2326573.0,62.44521932
2024-03-21T04:00:10.221Z,1710993610221,limit,2.686e-05,SHIB/USDT,15213912.0,408.64567632
2024-03-21T04:00:23.413Z,1710993623413,limit,2.69e-05,SHIB/USDT,66042277.0,1776.5372513
2024-03-21T04:00:24.465Z,1710993624465,limit,2.69e-05,SHIB/USDT,986898.0,26.5475562
2024-03-21T04:00:29.181Z,1710993629181,limit,2.689e-05,SHIB/USDT,44551121.0,1197.97964369
2024-03-21T04:00:30.326Z,1710993630326,limit,2.691e-05,SHIB/USDT,38459320.0,1034.9403012
2024-03-21T04:00:41.506Z,1710993641506,limit,2.69e-05,SHIB/USDT,54101484.0,1455.3299196
2024-03-21T04:00:56.612Z,1710993656612,limit,2.695e-05,SHIB/USDT,5519854.0,148.7600653
2024-03-21T04:01:27.677Z,1710993687677,limit,2.695e-05,SHIB/USDT,37240757.0,1003.63840115
2024-03-21T04:01:33.490Z,1710993693490,limit,2.699e-05,SHIB/USDT,6830727.0,184.36132173
2024-03-21T04:01:44.002Z,1710993704002,limit,2.699e-05,SHIB/USDT,7731298.0,208.66773302
2024-03-21T04:01:49.936Z,1710993709936,limit,2.698e-05,SHIB/USDT,24562511.0,662.69654678
2024-03-21T04:01:50.115Z,1710993710115,limit,2.7e-05,SHIB/USDT,111551.0,3.011877
2024-03-21T04:02:06.841Z,1710993726841,limit,2.694e-05,SHIB/USDT,16852868.0,454.01626392
2024-03-21T04:03:08.661Z,1710993788661,limit,2.685e-05,SHIB/USDT,12541619.0,336.74247015
2024-03-21T04:03:09.712Z,1710993789712,limit,2.686e-05,SHIB/USDT,51260882.0,1376.86729052
2024-03-21T04:03:35.836Z,1710993815836,limit,2.676e-05,SHIB/USDT,10033.0,0.26848308
2024-03-21T04:03:39.675Z,1710993819675,limit,2.675e-05,SHIB/USDT,81273807.0,2174.07433725
2024-03-21T04:04:00.331Z,1710993840331,limit,2.671e-05,SHIB/USDT,25406.0,0.67859426
2024-03-21T04:04:21.890Z,1710993861890,limit,2.675e-05,SHIB/USDT,15635119.0,418.23943325
2024-03-21T04:04:22.947Z,1710993862947,limit,2.676e-05,SHIB/USDT,37390313.0,1000.56477588
2024-03-21T04:04:23.505Z,1710993863505,limit,2.676e-05,SHIB/USDT,37343013.0,999.29902788
2024-03-21T04:04:26.649Z,1710993866649,limit,2.678e-05,SHIB/USDT,80400450.0,2153.124051
2024-03-21T04:04:27.688Z,1710993867688,limit,2.676e-05,SHIB/USDT,93776933.0,2509.47072708
2024-03-21T04:04:51.394Z,1710993891394,limit,2.676e-05,SHIB/USDT,21660804.0,579.64311504
2024-03-21T04:05:13.080Z,1710993913080,limit,2.672e-05,SHIB/USDT,19585930.0,523.3360496
2024-03-21T04:05:16.578Z,1710993916578,market,2.674e-05,SHIB/USDT,500000.0,13.37
2024-03-21T04:05:18.862Z,1710993918862,limit,2.674e-05,SHIB/USDT,2624332.0,70.17463768
2024-03-21T04:05:24.001Z,1710993924001,limit,2.669e-05,SHIB/USDT,19222.0,0.51303518
2024-03-21T04:05:24.077Z,1710993924077,limit,2.669e-05,SHIB/USDT,19298.0,0.51506362
2024-03-21T04:05:24.123Z,1710993924123,limit,2.669e-05,SHIB/USDT,17693.0,0.47222617
2024-03-21T04:05:24.177Z,1710993924177,limit,2.667e-05,SHIB/USDT,1000000.0,26.67
2024-03-21T04:05:27.312Z,1710993927312,limit,2.666e-05,SHIB/USDT,9508122.0,253.48653252
2024-03-21T04:05:29.112Z,1710993929112,limit,2.664e-05,SHIB/USDT,13331.0,0.35513784
2024-03-21T04:05:29.153Z,1710993929153,limit,2.664e-05,SHIB/USDT,78794.0,2.09907216
2024-03-21T04:05:45.442Z,1710993945442,limit,2.669e-05,SHIB/USDT,101043752.0,2696.85774088
2024-03-21T04:05:47.549Z,1710993947549,limit,2.669e-05,SHIB/USDT,29575180.0,789.3615542
2024-03-21T04:05:58.782Z,1710993958782,limit,2.67e-05,SHIB/USDT,13415120.0,358.183704
2024-03-21T04:06:10.397Z,1710993970397,limit,2.672e-05,SHIB/USDT,114537236.0,3060.43494592
2024-03-21T04:06:33.975Z,1710993993975,limit,2.679e-05,SHIB/USDT,1895061.0,50.76868419
2024-03-21T04:06:49.256Z,1710994009256,limit,2.681e-05,SHIB/USDT,51274015.0,1374.65634215
2024-03-21T04:07:09.750Z,1710994029750,limit,2.679e-05,SHIB/USDT,78326.0,2.09835354
2024-03-21T04:07:11.632Z,1710994031632,limit,2.679e-05,SHIB/USDT,71897370.0,1926.1305423
2024-03-21T04:07:16.508Z,1710994036508,limit,2.673e-05,SHIB/USDT,7398929.0,197.77337217
2024-03-21T04:07:23.594Z,1710994043594,limit,2.679e-05,SHIB/USDT,107631755.0,2883.45471645
2024-03-21T04:07:26.716Z,1710994046716,limit,2.676e-05,SHIB/USDT,40843726.0,1092.97810776
2024-03-21T04:07:55.208Z,1710994075208,limit,2.68e-05,SHIB/USDT,77407132.0,2074.5111376
2024-03-21T04:07:56.732Z,1710994076732,limit,2.68e-05,SHIB/USDT,62099445.0,1664.265126
2024-03-21T04:08:16.392Z,1710994096392,limit,2.683e-05,SHIB/USDT,13331.0,0.35767073
2024-03-21T04:08:25.424Z,1710994105424,limit,2.685e-05,SHIB/USDT,52046867.0,1397.45837895
2024-03-21T04:08:28.170Z,1710994108170,limit,2.685e-05,SHIB/USDT,80000.0,2.148
2024-03-21T04:08:35.546Z,1710994115546,limit,2.684e-05,SHIB/USDT,10558038.0,283.37773992
2024-03-21T04:08:42.361Z,1710994122361,limit,2.687e-05,SHIB/USDT,19222.0,0.51649514
2024-03-21T04:08:42.451Z,1710994122451,limit,2.688e-05,SHIB/USDT,81441463.0,2189.14652544
2024-03-21T04:08:42.483Z,1710994122483,limit,2.687e-05,SHIB/USDT,19298.0,0.51853726
2024-03-21T04:08:42.535Z,1710994122535,limit,2.688e-05,SHIB/USDT,25406.0,0.68291328
2024-03-21T04:09:05.678Z,1710994145678,limit,2.689e-05,SHIB/USDT,17693.0,0.47576477
2024-03-21T04:09:12.636Z,1710994152636,market,2.69e-05,SHIB/USDT,186496.0,5.0167424
2024-03-21T04:09:14.588Z,1710994154588,limit,2.691e-05,SHIB/USDT,48435075.0,1303.38786825
2024-03-21T04:09:21.423Z,1710994161423,limit,2.691e-05,SHIB/USDT,39925928.0,1074.40672248
2024-03-21T04:09:37.216Z,1710994177216,limit,2.687e-05,SHIB/USDT,36291297.0,975.14715039
2024-03-21T04:09:52.981Z,1710994192981,limit,2.686e-05,SHIB/USDT,36484498.0,979.97361628
2024-03-21T04:10:09.424Z,1710994209424,limit,2.685e-05,SHIB/USDT,33561473.0,901.12555005
2024-03-21T04:10:13.630Z,1710994213630,limit,2.686e-05,SHIB/USDT,56275200.0,1511.551872
2024-03-21T04:10:14.160Z,1710994214160,limit,2.685e-05,SHIB/USDT,24603646.0,660.6078951
2024-03-21T04:10:17.300Z,1710994217300,limit,2.683e-05,SHIB/USDT,53000000.0,1421.99
2024-03-21T04:10:22.593Z,1710994222593,limit,2.683e-05,SHIB/USDT,59181929.0,1587.85115507
2024-03-21T04:10:24.159Z,1710994224159,limit,2.685e-05,SHIB/USDT,97247257.0,2611.08885045
2024-03-21T04:10:27.335Z,1710994227335,limit,2.686e-05,SHIB/USDT,8587265.0,230.6539379
2024-03-21T04:10:58.451Z,1710994258451,limit,2.679e-05,SHIB/USDT,63427198.0,1699.21463442
2024-03-21T04:10:58.996Z,1710994258996,limit,2.678e-05,SHIB/USDT,100095572.0,2680.55941816
2024-03-21T04:11:00.615Z,1710994260615,limit,2.678e-05,SHIB/USDT,28557177.0,764.76120006
2024-03-21T04:11:14.813Z,1710994274813,limit,2.677e-05,SHIB/USDT,65303067.0,1748.16310359
2024-03-21T04:11:23.729Z,1710994283729,limit,2.681e-05,SHIB/USDT,51387384.0,1377.69576504
2024-03-21T04:11:39.369Z,1710994299369,limit,2.683e-05,SHIB/USDT,36392.0,0.97639736
2024-03-21T04:12:04.783Z,1710994324783,limit,2.686e-05,SHIB/USDT,13122062.0,352.45858532
2024-03-21T04:12:25.299Z,1710994345299,limit,2.68e-05,SHIB/USDT,62857480.0,1684.580464
2024-03-21T04:12:35.325Z,1710994355325,limit,2.678e-05,SHIB/USDT,31173826.0,834.83506028
2024-03-21T04:13:13.814Z,1710994393814,limit,2.676e-05,SHIB/USDT,46034271.0,1231.87709196
2024-03-21T04:13:34.792Z,1710994414792,limit,2.676e-05,SHIB/USDT,28906422.0,773.53585272
2024-03-21T04:13:46.351Z,1710994426351,limit,2.676e-05,SHIB/USDT,12197642.0,326.40889992
2024-03-21T04:14:05.944Z,1710994445944,limit,2.676e-05,SHIB/USDT,53020473.0,1418.82785748
2024-03-21T04:14:08.074Z,1710994448074,limit,2.676e-05,SHIB/USDT,16643025.0,445.367349
2024-03-21T04:14:20.988Z,1710994460988,limit,2.671e-05,SHIB/USDT,25406.0,0.67859426
2024-03-21T04:14:35.183Z,1710994475183,limit,2.67e-05,SHIB/USDT,4822165.0,128.7518055
2024-03-21T04:14:40.382Z,1710994480382,limit,2.67e-05,SHIB/USDT,41074487.0,1096.6888029
2024-03-21T04:14:54.076Z,1710994494076,limit,2.671e-05,SHIB/USDT,433863.0,11.58848073
2024-03-21T04:15:19.346Z,1710994519346,limit,2.674e-05,SHIB/USDT,43848397.0,1172.50613578
2024-03-21T04:15:32.575Z,1710994532575,limit,2.675e-05,SHIB/USDT,8000000.0,214.0
2024-03-21T04:15:55.190Z,1710994555190,limit,2.676e-05,SHIB/USDT,50549342.0,1352.70039192
2024-03-21T04:16:10.344Z,1710994570344,limit,2.678e-05,SHIB/USDT,87891229.0,2353.72711262
2024-03-21T04:16:12.449Z,1710994572449,limit,2.678e-05,SHIB/USDT,44990596.0,1204.84816088
2024-03-21T04:16:16.182Z,1710994576182,limit,2.684e-05,SHIB/USDT,51385495.0,1379.1866858
2024-03-21T04:16:36.549Z,1710994596549,market,2.679e-05,SHIB/USDT,177678.0,4.75999362
2024-03-21T04:16:45.221Z,1710994605221,limit,2.675e-05,SHIB/USDT,21672861.0,579.74903175
2024-03-21T04:16:56.773Z,1710994616773,limit,2.679e-05,SHIB/USDT,6422446.0,172.05732834
2024-03-21T04:17:03.620Z,1710994623620,limit,2.68e-05,SHIB/USDT,47392726.0,1270.1250568
2024-03-21T04:17:05.700Z,1710994625700,limit,2.684e-05,SHIB/USDT,69764366.0,1872.47558344
2024-03-21T04:17:08.998Z,1710994628998,limit,2.684e-05,SHIB/USDT,50000913.0,1342.02450492
2024-03-21T04:17:19.011Z,1710994639011,limit,2.683e-05,SHIB/USDT,99991456.0,2682.77076448
2024-03-21T04:17:30.196Z,1710994650196,limit,2.679e-05,SHIB/USDT,40126312.0,1074.98389848
2024-03-21T04:18:04.762Z,1710994684762,limit,2.68e-05,SHIB/USDT,24272071.0,650.4915028
2024-03-21T04:18:11.621Z,1710994691621,limit,2.683e-05,SHIB/USDT,1277365.0,34.27170295
2024-03-21T04:18:20.191Z,1710994700191,limit,2.684e-05,SHIB/USDT,21397167.0,574.29996228
2024-03-21T04:18:21.692Z,1710994701692,limit,2.683e-05,SHIB/USDT,31586935.0,847.47746605
2024-03-21T04:18:31.121Z,1710994711121,limit,2.686e-05,SHIB/USDT,87110419.0,2339.78585434
2024-03-21T04:18:38.470Z,1710994718470,limit,2.685e-05,SHIB/USDT,62141330.0,1668.4947105
2024-03-21T04:18:56.919Z,1710994736919,limit,2.685e-05,SHIB/USDT,53103495.0,1425.82884075
2024-03-21T04:18:57.509Z,1710994737509,market,2.685e-05,SHIB/USDT,21000000.0,563.85
2024-03-21T04:19:04.825Z,1710994744825,limit,2.686e-05,SHIB/USDT,38802095.0,1042.2242717
2024-03-21T04:19:13.751Z,1710994753751,limit,2.686e-05,SHIB/USDT,47881082.0,1286.08586252
2024-03-21T04:19:18.986Z,1710994758986,limit,2.688e-05,SHIB/USDT,25406.0,0.68291328
2024-03-21T04:19:24.233Z,1710994764233,limit,2.686e-05,SHIB/USDT,33671337.0,904.41211182
2024-03-21T04:19:28.684Z,1710994768684,limit,2.683e-05,SHIB/USDT,64289686.0,1724.89227538
2024-03-21T04:19:37.668Z,1710994777668,limit,2.683e-05,SHIB/USDT,32140134.0,862.31979522
2024-03-21T04:20:00.800Z,1710994800800,limit,2.68e-05,SHIB/USDT,46177437.0,1237.5553116
2024-03-21T04:20:15.290Z,1710994815290,limit,2.676e-05,SHIB/USDT,15223533.0,407.38174308
2024-03-21T04:20:22.666Z,1710994822666,limit,2.678e-05,SHIB/USDT,7094881.0,190.00091318
2024-03-21T04:21:17.343Z,1710994877343,limit,2.674e-05,SHIB/USDT,45928312.0,1228.12306288
2024-03-21T04:21:42.619Z,1710994902619,limit,2.675e-05,SHIB/USDT,31011282.0,829.5517935
2024-03-21T04:22:06.933Z,1710994926933,limit,2.681e-05,SHIB/USDT,25946821.0,695.63427101
2024-03-21T04:22:25.054Z,1710994945054,limit,2.678e-05,SHIB/USDT,675416.0,18.08764048
2024-03-21T04:22:30.196Z,1710994950196,limit,2.678e-05,SHIB/USDT,47409338.0,1269.62207164
2024-03-21T04:22:34.364Z,1710994954364,limit,2.68e-05,SHIB/USDT,43666360.0,1170.258448
2024-03-21T04:22:39.657Z,1710994959657,limit,2.679e-05,SHIB/USDT,19816079.0,530.87275641
2024-03-21T04:22:52.240Z,1710994972240,limit,2.681e-05,SHIB/USDT,40094415.0,1074.93126615
2024-03-21T04:22:57.494Z,1710994977494,limit,2.684e-05,SHIB/USDT,39191612.0,1051.90286608
2024-03-21T04:23:38.529Z,1710995018529,limit,2.683e-05,SHIB/USDT,37722386.0,1012.09161638
2024-03-21T04:23:43.285Z,1710995023285,limit,2.684e-05,SHIB/USDT,23593164.0,633.24052176
2024-03-21T04:23:48.758Z,1710995028758,limit,2.68e-05,SHIB/USDT,46006190.0,1232.965892
2024-03-21T04:23:59.300Z,1710995039300,limit,2.683e-05,SHIB/USDT,55002790.0,1475.7248557
2024-03-21T04:24:08.810Z,1710995048810,limit,2.685e-05,SHIB/USDT,57942177.0,1555.74745245
2024-03-21T04:24:54.078Z,1710995094078,limit,2.687e-05,SHIB/USDT,7334339.0,197.07368893
2024-03-21T04:25:17.878Z,1710995117878,limit,2.692e-05,SHIB/USDT,10033.0,0.27008836
2024-03-21T04:25:21.685Z,1710995121685,limit,2.69e-05,SHIB/USDT,60113430.0,1617.051267
2024-03-21T04:25:27.729Z,1710995127729,limit,2.694e-05,SHIB/USDT,19338322.0,520.97439468
2024-03-21T04:25:58.050Z,1710995158050,limit,2.69e-05,SHIB/USDT,52089901.0,1401.2183369
2024-03-21T04:26:03.808Z,1710995163808,limit,2.688e-05,SHIB/USDT,16996805.0,456.8741184
2024-03-21T04:26:13.842Z,1710995173842,limit,2.693e-05,SHIB/USDT,66009912.0,1777.64693016
2024-03-21T04:26:15.408Z,1710995175408,limit,2.693e-05,SHIB/USDT,51247121.0,1380.08496853
2024-03-21T04:26:28.133Z,1710995188133,limit,2.69e-05,SHIB/USDT,18772902.0,504.9910638
2024-03-21T04:26:28.643Z,1710995188643,limit,2.691e-05,SHIB/USDT,12399951.0,333.68268141
2024-03-21T04:26:49.313Z,1710995209313,limit,2.689e-05,SHIB/USDT,14159619.0,380.75215491
2024-03-21T04:26:57.220Z,1710995217220,limit,2.687e-05,SHIB/USDT,25881708.0,695.44149396
2024-03-21T04:27:04.550Z,1710995224550,limit,2.687e-05,SHIB/USDT,18902344.0,507.90598328
2024-03-21T04:27:31.437Z,1710995251437,limit,2.685e-05,SHIB/USDT,17109865.0,459.39987525
2024-03-21T04:27:36.705Z,1710995256705,limit,2.684e-05,SHIB/USDT,4886443.0,131.15213012
2024-03-21T04:27:44.611Z,1710995264611,limit,2.686e-05,SHIB/USDT,28985357.0,778.54668902
2024-03-21T04:27:54.978Z,1710995274978,limit,2.684e-05,SHIB/USDT,39728.0,1.06629952
2024-03-21T04:28:24.607Z,1710995304607,limit,2.684e-05,SHIB/USDT,2910428.0,78.11588752
2024-03-21T04:28:31.930Z,1710995311930,limit,2.684e-05,SHIB/USDT,41013809.0,1100.81063356
2024-03-21T04:28:41.931Z,1710995321931,limit,2.685e-05,SHIB/USDT,3278668.0,88.0322358
2024-03-21T04:28:55.186Z,1710995335186,limit,2.684e-05,SHIB/USDT,24293013.0,652.02446892
2024-03-21T04:29:01.397Z,1710995341397,limit,2.686e-05,SHIB/USDT,10616998.0,285.17256628
2024-03-21T04:29:11.388Z,1710995351388,limit,2.685e-05,SHIB/USDT,34706310.0,931.8644235
2024-03-21T04:29:18.755Z,1710995358755,limit,2.684e-05,SHIB/USDT,45389071.0,1218.24266564
2024-03-21T04:29:30.357Z,1710995370357,limit,2.685e-05,SHIB/USDT,9426327.0,253.09687995
2024-03-21T04:29:49.307Z,1710995389307,limit,2.684e-05,SHIB/USDT,22662586.0,608.26380824
2024-03-21T04:30:04.243Z,1710995404243,limit,2.686e-05,SHIB/USDT,30892930.0,829.7840998
2024-03-21T04:30:08.391Z,1710995408391,limit,2.688e-05,SHIB/USDT,6388407.0,171.72038016
2024-03-21T04:30:19.990Z,1710995419990,limit,2.685e-05,SHIB/USDT,16777611.0,450.47885535
2024-03-21T04:30:21.076Z,1710995421076,limit,2.685e-05,SHIB/USDT,14106503.0,378.75960555
2024-03-21T04:30:40.207Z,1710995440207,limit,2.689e-05,SHIB/USDT,20393513.0,548.38156457
2024-03-21T04:30:41.703Z,1710995441703,limit,2.69e-05,SHIB/USDT,35519343.0,955.4703267
2024-03-21T04:31:10.266Z,1710995470266,limit,2.686e-05,SHIB/USDT,27427795.0,736.7105737
2024-03-21T04:31:47.061Z,1710995507061,limit,2.688e-05,SHIB/USDT,6559277.0,176.31336576
2024-03-21T04:31:52.324Z,1710995512324,limit,2.69e-05,SHIB/USDT,27403722.0,737.1601218
2024-03-21T04:32:07.058Z,1710995527058,limit,2.69e-05,SHIB/USDT,30934877.0,832.1481913
2024-03-21T04:32:20.228Z,1710995540228,limit,2.691e-05,SHIB/USDT,21053912.0,566.56077192
2024-03-21T04:32:32.804Z,1710995552804,limit,2.689e-05,SHIB/USDT,7585827.0,203.98288803
2024-03-21T04:32:37.517Z,1710995557517,limit,2.691e-05,SHIB/USDT,18377290.0,494.5328739
2024-03-21T04:32:40.211Z,1710995560211,limit,2.691e-05,SHIB/USDT,22181569.0,596.90602179
2024-03-21T04:32:51.892Z,1710995571892,limit,2.691e-05,SHIB/USDT,10136173.0,272.76441543
2024-03-21T04:33:39.279Z,1710995619279,limit,2.689e-05,SHIB/USDT,35185993.0,946.15135177
2024-03-21T04:33:45.610Z,1710995625610,limit,2.691e-05,SHIB/USDT,12878213.0,346.55271183
2024-03-21T04:33:59.306Z,1710995639306,limit,2.685e-05,SHIB/USDT,10873748.0,291.9601338
2024-03-21T04:34:10.412Z,1710995650412,limit,2.685e-05,SHIB/USDT,33863699.0,909.24031815
2024-03-21T04:34:17.234Z,1710995657234,limit,2.685e-05,SHIB/USDT,29023513.0,779.28132405
2024-03-21T04:34:25.230Z,1710995665230,limit,2.686e-05,SHIB/USDT,38068208.0,1022.51206688
2024-03-21T04:34:25.668Z,1710995665668,limit,2.685e-05,SHIB/USDT,41473939.0,1113.57526215
2024-03-21T04:34:27.787Z,1710995667787,limit,2.685e-05,SHIB/USDT,22358151.0,600.31635435
2024-03-21T04:34:29.895Z,1710995669895,limit,2.685e-05,SHIB/USDT,26981700.0,724.458645
2024-03-21T04:35:05.450Z,1710995705450,limit,2.689e-05,SHIB/USDT,25770426.0,692.96675514
2024-03-21T04:35:12.330Z,1710995712330,limit,2.689e-05,SHIB/USDT,29457481.0,792.11166409
2024-03-21T04:35:21.802Z,1710995721802,limit,2.685e-05,SHIB/USDT,177500.0,4.765875
2024-03-21T04:35:28.925Z,1710995728925,limit,2.686e-05,SHIB/USDT,7540647.0,202.54177842
