amount,datetime,type,symbol,price,cost,timestamp
9148.0,2024-03-16T23:46:50.991Z,limit,DOGE/USDT,0.14145,1293.9846,1710632810991
14355.0,2024-03-16T23:47:09.013Z,limit,DOGE/USDT,0.14144,2030.3712,1710632829013
7223.0,2024-03-16T23:47:14.235Z,limit,DOGE/USDT,0.14152,1022.19896,1710632834235
8347.0,2024-03-16T23:47:28.530Z,limit,DOGE/USDT,0.14164,1182.26908,1710632848530
17.0,2024-03-16T23:47:36.115Z,limit,DOGE/USDT,0.14159,2.40703,1710632856115
25025.0,2024-03-16T23:47:36.963Z,limit,DOGE/USDT,0.14164,3544.541,1710632856963
27264.0,2024-03-16T23:47:43.803Z,limit,DOGE/USDT,0.14182,3866.58048,1710632863803
20510.0,2024-03-16T23:47:44.854Z,limit,DOGE/USDT,0.14183,2908.9333,1710632864854
15029.0,2024-03-16T23:47:49.070Z,limit,DOGE/USDT,0.14193,2133.06597,1710632869070
20466.0,2024-03-16T23:47:55.411Z,limit,DOGE/USDT,0.14204,2906.99064,1710632875411
4231.0,2024-03-16T23:48:18.730Z,limit,DOGE/USDT,0.142,600.802,1710632898730
30691.0,2024-03-16T23:48:19.240Z,limit,DOGE/USDT,0.142,4358.122,1710632899240
30132.0,2024-03-16T23:48:27.248Z,limit,DOGE/USDT,0.14176,4271.51232,1710632907248
5406.0,2024-03-16T23:48:29.875Z,limit,DOGE/USDT,0.14172,766.13832,1710632909875
10287.0,2024-03-16T23:48:31.985Z,limit,DOGE/USDT,0.14171,1457.77077,1710632911985
28068.0,2024-03-16T23:48:39.895Z,limit,DOGE/USDT,0.14181,3980.32308,1710632919895
32297.0,2024-03-16T23:48:48.357Z,limit,DOGE/USDT,0.1418,4579.7146,1710632928357
7730.0,2024-03-16T23:48:57.247Z,limit,DOGE/USDT,0.14193,1097.1189,1710632937247
16599.0,2024-03-16T23:48:58.823Z,limit,DOGE/USDT,0.14192,2355.73008,1710632938823
1829.0,2024-03-16T23:49:18.857Z,limit,DOGE/USDT,0.14228,260.23012,1710632958857
6922.0,2024-03-16T23:49:32.785Z,limit,DOGE/USDT,0.14207,983.40854,1710632972785
10510.0,2024-03-16T23:49:43.883Z,limit,DOGE/USDT,0.14204,1492.8404,1710632983883
18504.0,2024-03-16T23:49:47.549Z,limit,DOGE/USDT,0.14199,2627.38296,1710632987549
15881.0,2024-03-16T23:49:56.655Z,limit,DOGE/USDT,0.14194,2254.14914,1710632996655
13052.0,2024-03-16T23:50:03.070Z,limit,DOGE/USDT,0.14204,1853.90608,1710633003070
18582.0,2024-03-16T23:50:04.123Z,limit,DOGE/USDT,0.14204,2639.38728,1710633004123
16015.0,2024-03-16T23:50:16.768Z,limit,DOGE/USDT,0.14204,2274.7706,1710633016768
2.0,2024-03-16T23:50:25.344Z,limit,DOGE/USDT,0.142,0.284,1710633025344
16536.0,2024-03-16T23:50:26.732Z,limit,DOGE/USDT,0.1421,2349.7656,1710633026732
19473.0,2024-03-16T23:50:27.259Z,limit,DOGE/USDT,0.14209,2766.91857,1710633027259
6326.0,2024-03-16T23:50:34.149Z,limit,DOGE/USDT,0.14223,899.74698,1710633034149
4000.0,2024-03-16T23:50:36.912Z,limit,DOGE/USDT,0.14232,569.28,1710633036912
4094.0,2024-03-16T23:50:47.971Z,limit,DOGE/USDT,0.14248,583.31312,1710633047971
16164.0,2024-03-16T23:51:01.219Z,limit,DOGE/USDT,0.1425,2303.37,1710633061219
7497.0,2024-03-16T23:51:08.120Z,limit,DOGE/USDT,0.14252,1068.47244,1710633068120
1.0,2024-03-16T23:51:08.662Z,limit,DOGE/USDT,0.14257,0.14257,1710633068662
13375.0,2024-03-16T23:51:10.218Z,limit,DOGE/USDT,0.14259,1907.14125,1710633070218
17319.0,2024-03-16T23:51:15.401Z,limit,DOGE/USDT,0.14252,2468.30388,1710633075401
480.0,2024-03-16T23:51:16.471Z,limit,DOGE/USDT,0.14251,68.4048,1710633076471
2430.0,2024-03-16T23:51:24.363Z,limit,DOGE/USDT,0.14235,345.9105,1710633084363
9508.0,2024-03-16T23:51:25.938Z,limit,DOGE/USDT,0.14244,1354.31952,1710633085938
1348.0,2024-03-16T23:51:42.713Z,limit,DOGE/USDT,0.14243,191.99564,1710633102713
14706.0,2024-03-16T23:51:44.804Z,limit,DOGE/USDT,0.14243,2094.57558,1710633104804
12020.0,2024-03-16T23:51:52.193Z,limit,DOGE/USDT,0.14244,1712.1288,1710633112193
6883.0,2024-03-16T23:51:54.789Z,limit,DOGE/USDT,0.14243,980.34569,1710633114789
17402.0,2024-03-16T23:51:55.839Z,limit,DOGE/USDT,0.14244,2478.74088,1710633115839
753.0,2024-03-16T23:51:56.368Z,limit,DOGE/USDT,0.14244,107.25732,1710633116368
8110.0,2024-03-16T23:52:02.201Z,limit,DOGE/USDT,0.14258,1156.3238,1710633122201
4.0,2024-03-16T23:52:04.162Z,limit,DOGE/USDT,0.14263,0.57052,1710633124162
2.0,2024-03-16T23:52:04.219Z,limit,DOGE/USDT,0.14266,0.28532,1710633124219
4839.0,2024-03-16T23:52:07.445Z,limit,DOGE/USDT,0.14268,690.42852,1710633127445
7648.0,2024-03-16T23:52:14.365Z,limit,DOGE/USDT,0.14283,1092.36384,1710633134365
7703.0,2024-03-16T23:52:15.389Z,limit,DOGE/USDT,0.14282,1100.14246,1710633135389
10778.0,2024-03-16T23:52:22.721Z,limit,DOGE/USDT,0.14277,1538.77506,1710633142721
2008.0,2024-03-16T23:52:23.266Z,limit,DOGE/USDT,0.14278,286.70224,1710633143266
3216.0,2024-03-16T23:52:24.310Z,limit,DOGE/USDT,0.14282,459.30912,1710633144310
7632.0,2024-03-16T23:52:27.463Z,limit,DOGE/USDT,0.14282,1090.00224,1710633147463
475.0,2024-03-16T23:52:28.489Z,limit,DOGE/USDT,0.14282,67.8395,1710633148489
6140.0,2024-03-16T23:52:42.840Z,limit,DOGE/USDT,0.14262,875.6868,1710633162840
5713.0,2024-03-16T23:52:49.230Z,limit,DOGE/USDT,0.14258,814.55954,1710633169230
13541.0,2024-03-16T23:52:58.145Z,limit,DOGE/USDT,0.1425,1929.5925,1710633178145
15588.0,2024-03-16T23:52:59.186Z,limit,DOGE/USDT,0.14254,2221.91352,1710633179186
1222.0,2024-03-16T23:53:02.383Z,limit,DOGE/USDT,0.14247,174.09834,1710633182383
3902.0,2024-03-16T23:53:07.639Z,limit,DOGE/USDT,0.14248,555.95696,1710633187639
17956.0,2024-03-16T23:53:08.717Z,limit,DOGE/USDT,0.14248,2558.37088,1710633188717
2123.0,2024-03-16T23:53:11.331Z,limit,DOGE/USDT,0.14247,302.46381,1710633191331
13041.0,2024-03-16T23:53:21.960Z,limit,DOGE/USDT,0.1425,1858.3425,1710633201960
10616.0,2024-03-16T23:53:40.442Z,limit,DOGE/USDT,0.14255,1513.3108,1710633220442
11858.0,2024-03-16T23:53:44.162Z,limit,DOGE/USDT,0.14258,1690.71364,1710633224162
7347.0,2024-03-16T23:53:47.776Z,limit,DOGE/USDT,0.14252,1047.09444,1710633227776
14225.0,2024-03-16T23:53:51.474Z,limit,DOGE/USDT,0.1425,2027.0625,1710633231474
9942.0,2024-03-16T23:54:06.750Z,limit,DOGE/USDT,0.14241,1415.84022,1710633246750
7437.0,2024-03-16T23:54:20.408Z,limit,DOGE/USDT,0.14204,1056.35148,1710633260408
18038.0,2024-03-16T23:54:21.438Z,limit,DOGE/USDT,0.14204,2562.11752,1710633261438
16538.0,2024-03-16T23:54:28.306Z,limit,DOGE/USDT,0.14204,2349.05752,1710633268306
10487.0,2024-03-16T23:54:33.634Z,limit,DOGE/USDT,0.14193,1488.41991,1710633273634
21044.0,2024-03-16T23:54:46.334Z,limit,DOGE/USDT,0.14189,2985.93316,1710633286334
20436.0,2024-03-16T23:54:57.819Z,limit,DOGE/USDT,0.14194,2900.68584,1710633297819
7740.0,2024-03-16T23:54:59.063Z,limit,DOGE/USDT,0.14193,1098.5382,1710633299063
12140.0,2024-03-16T23:54:59.908Z,limit,DOGE/USDT,0.14193,1723.0302,1710633299908
2.0,2024-03-16T23:55:04.265Z,limit,DOGE/USDT,0.14181,0.28362,1710633304265
23213.0,2024-03-16T23:55:05.728Z,limit,DOGE/USDT,0.14181,3291.83553,1710633305728
12253.0,2024-03-16T23:55:08.410Z,limit,DOGE/USDT,0.14175,1736.86275,1710633308410
11274.0,2024-03-16T23:55:18.953Z,limit,DOGE/USDT,0.14197,1600.56978,1710633318953
6734.0,2024-03-16T23:55:31.632Z,limit,DOGE/USDT,0.14187,955.35258,1710633331632
10988.0,2024-03-16T23:55:32.746Z,limit,DOGE/USDT,0.14189,1559.08732,1710633332746
14978.0,2024-03-16T23:55:38.485Z,limit,DOGE/USDT,0.14187,2124.92886,1710633338485
24970.0,2024-03-16T23:55:45.836Z,limit,DOGE/USDT,0.14193,3543.9921,1710633345836
16250.0,2024-03-16T23:55:47.942Z,limit,DOGE/USDT,0.14192,2306.2,1710633347942
1510.0,2024-03-16T23:55:59.007Z,limit,DOGE/USDT,0.14204,214.4804,1710633359007
5801.0,2024-03-16T23:56:02.191Z,limit,DOGE/USDT,0.14193,823.33593,1710633362191
4599.0,2024-03-16T23:56:08.964Z,limit,DOGE/USDT,0.14195,652.82805,1710633368964
13080.0,2024-03-16T23:56:12.157Z,limit,DOGE/USDT,0.14199,1857.2292,1710633372157
14093.0,2024-03-16T23:56:39.527Z,limit,DOGE/USDT,0.14227,2005.01111,1710633399527
17644.0,2024-03-16T23:56:44.835Z,limit,DOGE/USDT,0.14227,2510.21188,1710633404835
17083.0,2024-03-16T23:56:48.533Z,limit,DOGE/USDT,0.14227,2430.39841,1710633408533
11708.0,2024-03-16T23:56:51.672Z,limit,DOGE/USDT,0.14234,1666.51672,1710633411672
3744.0,2024-03-16T23:56:54.327Z,limit,DOGE/USDT,0.14235,532.9584,1710633414327
16767.0,2024-03-16T23:56:54.900Z,limit,DOGE/USDT,0.14234,2386.61478,1710633414900
13882.0,2024-03-16T23:56:56.481Z,limit,DOGE/USDT,0.14234,1975.96388,1710633416481
250.0,2024-03-16T23:57:26.466Z,market,DOGE/USDT,0.14242,35.605,1710633446466
14643.0,2024-03-16T23:57:36.248Z,limit,DOGE/USDT,0.14243,2085.60249,1710633456248
4051.0,2024-03-16T23:57:42.231Z,limit,DOGE/USDT,0.14254,577.42954,1710633462231
16410.0,2024-03-16T23:57:50.535Z,limit,DOGE/USDT,0.14248,2338.0968,1710633470535
12971.0,2024-03-16T23:58:20.237Z,limit,DOGE/USDT,0.14265,1850.31315,1710633500237
7524.0,2024-03-16T23:58:25.459Z,limit,DOGE/USDT,0.14259,1072.84716,1710633505459
14159.0,2024-03-16T23:58:34.886Z,limit,DOGE/USDT,0.14265,2019.78135,1710633514886
8861.0,2024-03-16T23:58:38.589Z,limit,DOGE/USDT,0.14266,1264.11026,1710633518589
3140.0,2024-03-16T23:58:44.892Z,limit,DOGE/USDT,0.14266,447.9524,1710633524892
9000.0,2024-03-16T23:58:46.534Z,limit,DOGE/USDT,0.14265,1283.85,1710633526534
1955.0,2024-03-16T23:58:48.158Z,limit,DOGE/USDT,0.14266,278.9003,1710633528158
10669.0,2024-03-16T23:58:53.904Z,limit,DOGE/USDT,0.14266,1522.03954,1710633533904
6824.0,2024-03-16T23:58:54.411Z,limit,DOGE/USDT,0.14266,973.51184,1710633534411
14582.0,2024-03-16T23:58:54.934Z,limit,DOGE/USDT,0.14266,2080.26812,1710633534934
5324.0,2024-03-16T23:58:56.002Z,limit,DOGE/USDT,0.14266,759.52184,1710633536002
8480.0,2024-03-16T23:58:59.657Z,limit,DOGE/USDT,0.14259,1209.1632,1710633539657
10740.0,2024-03-16T23:59:00.741Z,limit,DOGE/USDT,0.14258,1531.3092,1710633540741
2.0,2024-03-16T23:59:01.661Z,limit,DOGE/USDT,0.14266,0.28532,1710633541661
6395.0,2024-03-16T23:59:02.294Z,limit,DOGE/USDT,0.14274,912.8223,1710633542294
17869.0,2024-03-16T23:59:03.342Z,limit,DOGE/USDT,0.14274,2550.62106,1710633543342
10987.0,2024-03-16T23:59:17.575Z,limit,DOGE/USDT,0.14267,1567.51529,1710633557575
16016.0,2024-03-16T23:59:21.740Z,limit,DOGE/USDT,0.14267,2285.00272,1710633561740
12727.0,2024-03-16T23:59:25.957Z,limit,DOGE/USDT,0.14259,1814.74293,1710633565957
3999.0,2024-03-16T23:59:33.321Z,limit,DOGE/USDT,0.14254,570.01746,1710633573321
2858.0,2024-03-16T23:59:41.205Z,limit,DOGE/USDT,0.14254,407.37932,1710633581205
7019.0,2024-03-16T23:59:52.334Z,limit,DOGE/USDT,0.14254,1000.48826,1710633592334
15450.0,2024-03-17T00:00:08.715Z,limit,DOGE/USDT,0.14246,2201.007,1710633608715
7904.0,2024-03-17T00:00:11.346Z,limit,DOGE/USDT,0.14257,1126.87328,1710633611346
2.0,2024-03-17T00:00:19.159Z,limit,DOGE/USDT,0.14295,0.2859,1710633619159
3496.0,2024-03-17T00:00:21.573Z,limit,DOGE/USDT,0.143,499.928,1710633621573
6.0,2024-03-17T00:00:21.602Z,limit,DOGE/USDT,0.143,0.858,1710633621602
2.0,2024-03-17T00:00:33.369Z,limit,DOGE/USDT,0.14332,0.28664,1710633633369
1.0,2024-03-17T00:00:37.259Z,limit,DOGE/USDT,0.1435,0.1435,1710633637259
4.0,2024-03-17T00:00:45.523Z,limit,DOGE/USDT,0.14357,0.57428,1710633645523
11179.0,2024-03-17T00:00:55.269Z,limit,DOGE/USDT,0.14377,1607.20483,1710633655269
2.0,2024-03-17T00:00:56.228Z,limit,DOGE/USDT,0.14377,0.28754,1710633656228
9236.0,2024-03-17T00:01:02.217Z,limit,DOGE/USDT,0.14391,1329.15276,1710633662217
24611.0,2024-03-17T00:01:18.488Z,limit,DOGE/USDT,0.1439,3541.5229,1710633678488
9648.0,2024-03-17T00:01:28.453Z,limit,DOGE/USDT,0.14346,1384.10208,1710633688453
21623.0,2024-03-17T00:01:46.454Z,limit,DOGE/USDT,0.14351,3103.11673,1710633706454
25754.0,2024-03-17T00:01:49.107Z,limit,DOGE/USDT,0.14356,3697.24424,1710633709107
28370.0,2024-03-17T00:01:55.450Z,limit,DOGE/USDT,0.14357,4073.0809,1710633715450
928.0,2024-03-17T00:01:59.708Z,limit,DOGE/USDT,0.14357,133.23296,1710633719708
13088.0,2024-03-17T00:02:01.831Z,limit,DOGE/USDT,0.14353,1878.52064,1710633721831
3423.0,2024-03-17T00:02:35.422Z,limit,DOGE/USDT,0.14392,492.63816,1710633755422
8731.0,2024-03-17T00:02:38.571Z,limit,DOGE/USDT,0.14392,1256.56552,1710633758571
22222.0,2024-03-17T00:02:52.374Z,limit,DOGE/USDT,0.14408,3201.74576,1710633772374
18010.0,2024-03-17T00:02:53.982Z,limit,DOGE/USDT,0.14415,2596.1415,1710633773982
13499.0,2024-03-17T00:02:56.183Z,limit,DOGE/USDT,0.14412,1945.47588,1710633776183
7066.0,2024-03-17T00:03:02.601Z,limit,DOGE/USDT,0.1439,1016.7974,1710633782601
7128.0,2024-03-17T00:03:21.474Z,limit,DOGE/USDT,0.14386,1025.43408,1710633801474
24488.0,2024-03-17T00:03:50.623Z,limit,DOGE/USDT,0.14399,3526.02712,1710633830623
10400.0,2024-03-17T00:03:58.519Z,limit,DOGE/USDT,0.14416,1499.264,1710633838519
2.0,2024-03-17T00:04:00.197Z,limit,DOGE/USDT,0.14436,0.28872,1710633840197
1.0,2024-03-17T00:04:08.579Z,limit,DOGE/USDT,0.14443,0.14443,1710633848579
4.0,2024-03-17T00:04:13.394Z,limit,DOGE/USDT,0.14451,0.57804,1710633853394
18748.0,2024-03-17T00:04:15.187Z,limit,DOGE/USDT,0.14449,2708.89852,1710633855187
10177.0,2024-03-17T00:04:16.206Z,limit,DOGE/USDT,0.14448,1470.37296,1710633856206
21268.0,2024-03-17T00:04:20.927Z,limit,DOGE/USDT,0.14439,3070.88652,1710633860927
10388.0,2024-03-17T00:04:25.651Z,limit,DOGE/USDT,0.14454,1501.48152,1710633865651
2.0,2024-03-17T00:04:27.426Z,limit,DOGE/USDT,0.14459,0.28918,1710633867426
26185.0,2024-03-17T00:04:27.737Z,limit,DOGE/USDT,0.14453,3784.51805,1710633867737
2195.0,2024-03-17T00:04:38.740Z,limit,DOGE/USDT,0.14472,317.6604,1710633878740
19012.0,2024-03-17T00:04:41.881Z,limit,DOGE/USDT,0.14477,2752.36724,1710633881881
19666.0,2024-03-17T00:04:42.445Z,limit,DOGE/USDT,0.14477,2847.04682,1710633882445
4585.0,2024-03-17T00:04:44.057Z,limit,DOGE/USDT,0.14477,663.77045,1710633884057
3653.0,2024-03-17T00:04:59.791Z,limit,DOGE/USDT,0.14476,528.80828,1710633899791
17202.0,2024-03-17T00:05:00.352Z,limit,DOGE/USDT,0.14476,2490.16152,1710633900352
26314.0,2024-03-17T00:05:01.981Z,limit,DOGE/USDT,0.14476,3809.21464,1710633901981
876.0,2024-03-17T00:05:05.193Z,limit,DOGE/USDT,0.1446,126.6696,1710633905193
20476.0,2024-03-17T00:05:20.215Z,limit,DOGE/USDT,0.14446,2957.96296,1710633920215
18356.0,2024-03-17T00:05:21.263Z,limit,DOGE/USDT,0.14447,2651.89132,1710633921263
15612.0,2024-03-17T00:05:25.990Z,limit,DOGE/USDT,0.14442,2254.68504,1710633925990
13556.0,2024-03-17T00:05:27.533Z,limit,DOGE/USDT,0.14441,1957.62196,1710633927533
26726.0,2024-03-17T00:05:29.113Z,limit,DOGE/USDT,0.14447,3861.10522,1710633929113
20643.0,2024-03-17T00:05:30.226Z,limit,DOGE/USDT,0.14445,2981.88135,1710633930226
22095.0,2024-03-17T00:05:31.742Z,limit,DOGE/USDT,0.14445,3191.62275,1710633931742
31289.0,2024-03-17T00:05:32.793Z,limit,DOGE/USDT,0.14447,4520.32183,1710633932793
19160.0,2024-03-17T00:05:33.839Z,limit,DOGE/USDT,0.14444,2767.4704,1710633933839
702.0,2024-03-17T00:05:35.442Z,limit,DOGE/USDT,0.14454,101.46708,1710633935442
11964.0,2024-03-17T00:05:35.962Z,limit,DOGE/USDT,0.14454,1729.27656,1710633935962
2716.0,2024-03-17T00:05:41.767Z,limit,DOGE/USDT,0.14445,392.3262,1710633941767
32093.0,2024-03-17T00:05:42.839Z,limit,DOGE/USDT,0.14446,4636.15478,1710633942839
31453.0,2024-03-17T00:05:43.883Z,limit,DOGE/USDT,0.14439,4541.49867,1710633943883
33059.0,2024-03-17T00:05:44.940Z,limit,DOGE/USDT,0.14441,4774.05019,1710633944940
27142.0,2024-03-17T00:05:50.723Z,limit,DOGE/USDT,0.14453,3922.83326,1710633950723
16863.0,2024-03-17T00:05:56.468Z,limit,DOGE/USDT,0.14442,2435.35446,1710633956468
7371.0,2024-03-17T00:06:25.542Z,limit,DOGE/USDT,0.14456,1065.55176,1710633985542
15516.0,2024-03-17T00:06:30.286Z,limit,DOGE/USDT,0.1443,2238.9588,1710633990286
20585.0,2024-03-17T00:06:55.181Z,limit,DOGE/USDT,0.14442,2972.8857,1710634015181
16572.0,2024-03-17T00:07:02.102Z,limit,DOGE/USDT,0.14444,2393.65968,1710634022102
7804.0,2024-03-17T00:07:08.877Z,limit,DOGE/USDT,0.1445,1127.678,1710634028877
19454.0,2024-03-17T00:07:19.387Z,limit,DOGE/USDT,0.14454,2811.88116,1710634039387
2023.0,2024-03-17T00:07:26.749Z,limit,DOGE/USDT,0.1445,292.3235,1710634046749
7120.0,2024-03-17T00:07:42.605Z,limit,DOGE/USDT,0.1447,1030.264,1710634062605
509.0,2024-03-17T00:07:53.041Z,limit,DOGE/USDT,0.14485,73.72865,1710634073041
20124.0,2024-03-17T00:08:06.942Z,limit,DOGE/USDT,0.1449,2915.9676,1710634086942
16088.0,2024-03-17T00:08:08.520Z,limit,DOGE/USDT,0.1449,2331.1512,1710634088520
10299.0,2024-03-17T00:08:12.689Z,limit,DOGE/USDT,0.14488,1492.11912,1710634092689
16079.0,2024-03-17T00:08:18.978Z,limit,DOGE/USDT,0.14472,2326.95288,1710634098978
18015.0,2024-03-17T00:08:32.726Z,limit,DOGE/USDT,0.14449,2602.98735,1710634112726
18809.0,2024-03-17T00:08:45.348Z,limit,DOGE/USDT,0.14465,2720.72185,1710634125348
3333.0,2024-03-17T00:08:46.935Z,limit,DOGE/USDT,0.14464,482.08512,1710634126935
12192.0,2024-03-17T00:08:51.633Z,limit,DOGE/USDT,0.1446,1762.9632,1710634131633
752.0,2024-03-17T00:09:05.382Z,limit,DOGE/USDT,0.14474,108.84448,1710634145382
10980.0,2024-03-17T00:09:07.491Z,limit,DOGE/USDT,0.14484,1590.3432,1710634147491
8945.0,2024-03-17T00:09:09.102Z,limit,DOGE/USDT,0.14484,1295.5938,1710634149102
1893.0,2024-03-17T00:09:19.231Z,limit,DOGE/USDT,0.14499,274.46607,1710634159231
18555.0,2024-03-17T00:09:23.972Z,limit,DOGE/USDT,0.14497,2689.91835,1710634163972
13266.0,2024-03-17T00:09:28.213Z,limit,DOGE/USDT,0.14496,1923.03936,1710634168213
10190.0,2024-03-17T00:09:44.976Z,limit,DOGE/USDT,0.14495,1477.0405,1710634184976
2395.0,2024-03-17T00:09:50.748Z,limit,DOGE/USDT,0.14496,347.1792,1710634190748
5772.0,2024-03-17T00:09:56.521Z,limit,DOGE/USDT,0.14504,837.17088,1710634196521
4257.0,2024-03-17T00:10:01.976Z,limit,DOGE/USDT,0.14492,616.92444,1710634201976
17011.0,2024-03-17T00:10:05.800Z,limit,DOGE/USDT,0.14477,2462.68247,1710634205800
9245.0,2024-03-17T00:10:08.454Z,limit,DOGE/USDT,0.14468,1337.5666,1710634208454
188.0,2024-03-17T00:10:18.414Z,limit,DOGE/USDT,0.14426,27.12088,1710634218414
3575.0,2024-03-17T00:10:26.975Z,limit,DOGE/USDT,0.14424,515.658,1710634226975
13990.0,2024-03-17T00:10:32.272Z,limit,DOGE/USDT,0.14411,2016.0989,1710634232272
9140.0,2024-03-17T00:10:34.921Z,limit,DOGE/USDT,0.14415,1317.531,1710634234921
11693.0,2024-03-17T00:10:42.300Z,limit,DOGE/USDT,0.14401,1683.90893,1710634242300
12897.0,2024-03-17T00:10:52.325Z,limit,DOGE/USDT,0.14401,1857.29697,1710634252325
8210.0,2024-03-17T00:11:13.966Z,limit,DOGE/USDT,0.14402,1182.4042,1710634273966
5548.0,2024-03-17T00:11:29.887Z,limit,DOGE/USDT,0.14392,798.46816,1710634289887
2098.0,2024-03-17T00:11:37.740Z,limit,DOGE/USDT,0.14403,302.17494,1710634297740
13858.0,2024-03-17T00:11:39.852Z,limit,DOGE/USDT,0.14404,1996.10632,1710634299852
16770.0,2024-03-17T00:11:49.325Z,limit,DOGE/USDT,0.14395,2414.0415,1710634309325
7481.0,2024-03-17T00:11:52.483Z,limit,DOGE/USDT,0.14388,1076.36628,1710634312483
7424.0,2024-03-17T00:11:58.798Z,limit,DOGE/USDT,0.14402,1069.20448,1710634318798
13933.0,2024-03-17T00:12:03.132Z,limit,DOGE/USDT,0.14406,2007.18798,1710634323132
1422.0,2024-03-17T00:12:07.958Z,limit,DOGE/USDT,0.14396,204.71112,1710634327958
11061.0,2024-03-17T00:12:12.120Z,limit,DOGE/USDT,0.14387,1591.34607,1710634332120
1349.0,2024-03-17T00:12:12.604Z,limit,DOGE/USDT,0.14387,194.08063,1710634332604
7420.0,2024-03-17T00:12:24.198Z,limit,DOGE/USDT,0.14401,1068.5542,1710634344198
6671.0,2024-03-17T00:12:34.255Z,limit,DOGE/USDT,0.14396,960.35716,1710634354255
5295.0,2024-03-17T00:12:41.623Z,limit,DOGE/USDT,0.144,762.48,1710634361623
19176.0,2024-03-17T00:12:44.757Z,limit,DOGE/USDT,0.14392,2759.80992,1710634364757
2998.0,2024-03-17T00:12:45.788Z,limit,DOGE/USDT,0.14392,431.47216,1710634365788
10447.0,2024-03-17T00:12:56.373Z,limit,DOGE/USDT,0.14379,1502.17413,1710634376373
17594.0,2024-03-17T00:13:00.543Z,limit,DOGE/USDT,0.1438,2530.0172,1710634380543
10623.0,2024-03-17T00:13:10.643Z,limit,DOGE/USDT,0.14398,1529.49954,1710634390643
3907.0,2024-03-17T00:13:16.593Z,limit,DOGE/USDT,0.14397,562.49079,1710634396593
182.0,2024-03-17T00:13:21.853Z,limit,DOGE/USDT,0.14409,26.22438,1710634401853
20607.0,2024-03-17T00:13:26.131Z,limit,DOGE/USDT,0.14417,2970.91119,1710634406131
10965.0,2024-03-17T00:13:31.883Z,limit,DOGE/USDT,0.1441,1580.0565,1710634411883
9955.0,2024-03-17T00:13:38.200Z,limit,DOGE/USDT,0.14419,1435.41145,1710634418200
22205.0,2024-03-17T00:13:39.766Z,limit,DOGE/USDT,0.14418,3201.5169,1710634419766
19833.0,2024-03-17T00:13:40.312Z,limit,DOGE/USDT,0.14418,2859.52194,1710634420312
22109.0,2024-03-17T00:14:01.998Z,limit,DOGE/USDT,0.14429,3190.10761,1710634441998
13601.0,2024-03-17T00:14:07.435Z,limit,DOGE/USDT,0.14419,1961.12819,1710634447435
13649.0,2024-03-17T00:14:20.579Z,limit,DOGE/USDT,0.14416,1967.63984,1710634460579
14219.0,2024-03-17T00:14:29.073Z,limit,DOGE/USDT,0.14404,2048.10476,1710634469073
9960.0,2024-03-17T00:14:34.309Z,limit,DOGE/USDT,0.14396,1433.8416,1710634474309
5308.0,2024-03-17T00:14:42.790Z,limit,DOGE/USDT,0.14388,763.71504,1710634482790
2151.0,2024-03-17T00:14:45.975Z,limit,DOGE/USDT,0.144,309.744,1710634485975
9459.0,2024-03-17T00:14:47.057Z,limit,DOGE/USDT,0.14399,1362.00141,1710634487057
2903.0,2024-03-17T00:15:09.797Z,limit,DOGE/USDT,0.14408,418.26424,1710634509797
6027.0,2024-03-17T00:15:25.785Z,limit,DOGE/USDT,0.14409,868.43043,1710634525785
100.0,2024-03-17T00:15:27.903Z,market,DOGE/USDT,0.14414,14.414,1710634527903
6726.0,2024-03-17T00:15:29.474Z,limit,DOGE/USDT,0.14415,969.5529,1710634529474
5672.0,2024-03-17T00:15:38.618Z,limit,DOGE/USDT,0.14429,818.41288,1710634538618
3448.0,2024-03-17T00:15:39.666Z,limit,DOGE/USDT,0.14442,497.96016,1710634539666
4277.0,2024-03-17T00:15:53.357Z,limit,DOGE/USDT,0.14445,617.81265,1710634553357
2014.0,2024-03-17T00:15:54.481Z,limit,DOGE/USDT,0.14445,290.9223,1710634554481
8947.0,2024-03-17T00:16:02.429Z,limit,DOGE/USDT,0.14451,1292.93097,1710634562429
9256.0,2024-03-17T00:16:05.749Z,limit,DOGE/USDT,0.14446,1337.12176,1710634565749
688.0,2024-03-17T00:16:17.457Z,limit,DOGE/USDT,0.14443,99.36784,1710634577457
440.0,2024-03-17T00:16:21.163Z,limit,DOGE/USDT,0.14442,63.5448,1710634581163
6739.0,2024-03-17T00:16:25.883Z,limit,DOGE/USDT,0.1445,973.7855,1710634585883
7097.0,2024-03-17T00:16:28.500Z,limit,DOGE/USDT,0.14457,1026.01329,1710634588500
7705.0,2024-03-17T00:16:43.417Z,limit,DOGE/USDT,0.14473,1115.14465,1710634603417
10622.0,2024-03-17T00:16:55.706Z,limit,DOGE/USDT,0.14482,1538.27804,1710634615706
988.0,2024-03-17T00:17:02.089Z,limit,DOGE/USDT,0.1449,143.1612,1710634622089
9126.0,2024-03-17T00:17:05.244Z,limit,DOGE/USDT,0.14484,1321.80984,1710634625244
1042.0,2024-03-17T00:17:07.334Z,limit,DOGE/USDT,0.14491,150.99622,1710634627334
7833.0,2024-03-17T00:17:11.065Z,limit,DOGE/USDT,0.14497,1135.55001,1710634631065
4154.0,2024-03-17T00:17:37.354Z,limit,DOGE/USDT,0.14496,602.16384,1710634657354
4726.0,2024-03-17T00:17:57.393Z,limit,DOGE/USDT,0.14478,684.23028,1710634677393
5537.0,2024-03-17T00:18:09.515Z,limit,DOGE/USDT,0.14477,801.59149,1710634689515
14146.0,2024-03-17T00:18:10.585Z,limit,DOGE/USDT,0.14478,2048.05788,1710634690585
11921.0,2024-03-17T00:18:14.263Z,limit,DOGE/USDT,0.14478,1725.92238,1710634694263
8117.0,2024-03-17T00:18:15.974Z,limit,DOGE/USDT,0.14478,1175.17926,1710634695974
6358.0,2024-03-17T00:18:17.006Z,limit,DOGE/USDT,0.14477,920.44766,1710634697006
7228.0,2024-03-17T00:18:18.614Z,limit,DOGE/USDT,0.14477,1046.39756,1710634698614
6526.0,2024-03-17T00:18:55.514Z,limit,DOGE/USDT,0.1451,946.9226,1710634735514
14611.0,2024-03-17T00:18:56.074Z,limit,DOGE/USDT,0.14509,2119.90999,1710634736074
6704.0,2024-03-17T00:18:59.711Z,limit,DOGE/USDT,0.14517,973.21968,1710634739711
6635.0,2024-03-17T00:19:11.380Z,limit,DOGE/USDT,0.145,962.075,1710634751380
8863.0,2024-03-17T00:19:12.426Z,limit,DOGE/USDT,0.145,1285.135,1710634752426
14202.0,2024-03-17T00:19:20.893Z,limit,DOGE/USDT,0.14509,2060.56818,1710634760893
2492.0,2024-03-17T00:19:25.158Z,limit,DOGE/USDT,0.14503,361.41476,1710634765158
6116.0,2024-03-17T00:19:31.865Z,limit,DOGE/USDT,0.14503,887.00348,1710634771865
3316.0,2024-03-17T00:19:32.403Z,limit,DOGE/USDT,0.14503,480.91948,1710634772403
9634.0,2024-03-17T00:19:47.123Z,limit,DOGE/USDT,0.14495,1396.4483,1710634787123
19437.0,2024-03-17T00:19:58.642Z,limit,DOGE/USDT,0.14491,2816.61567,1710634798642
11187.0,2024-03-17T00:20:13.055Z,limit,DOGE/USDT,0.1451,1623.2337,1710634813055
105.0,2024-03-17T00:20:16.135Z,limit,DOGE/USDT,0.1451,15.2355,1710634816135
2885.0,2024-03-17T00:20:16.284Z,limit,DOGE/USDT,0.14511,418.64235,1710634816284
5778.0,2024-03-17T00:20:23.079Z,limit,DOGE/USDT,0.14519,838.90782,1710634823079
14402.0,2024-03-17T00:20:27.865Z,limit,DOGE/USDT,0.14521,2091.31442,1710634827865
9068.0,2024-03-17T00:20:34.684Z,limit,DOGE/USDT,0.14524,1317.03632,1710634834684
5430.0,2024-03-17T00:20:37.525Z,limit,DOGE/USDT,0.14525,788.7075,1710634837525
1.0,2024-03-17T00:20:42.512Z,limit,DOGE/USDT,0.14536,0.14536,1710634842512
5926.0,2024-03-17T00:20:57.142Z,limit,DOGE/USDT,0.1454,861.6404,1710634857142
5518.0,2024-03-17T00:20:57.659Z,limit,DOGE/USDT,0.1454,802.3172,1710634857659
5394.0,2024-03-17T00:21:08.761Z,limit,DOGE/USDT,0.14519,783.15486,1710634868761
4253.0,2024-03-17T00:21:09.288Z,limit,DOGE/USDT,0.14521,617.57813,1710634869288
12379.0,2024-03-17T00:21:17.844Z,limit,DOGE/USDT,0.14521,1797.55459,1710634877844
6243.0,2024-03-17T00:21:22.096Z,limit,DOGE/USDT,0.14505,905.54715,1710634882096
7386.0,2024-03-17T00:21:40.588Z,limit,DOGE/USDT,0.1452,1072.4472,1710634900588
5833.0,2024-03-17T00:21:43.246Z,limit,DOGE/USDT,0.1452,846.9516,1710634903246
6446.0,2024-03-17T00:22:02.784Z,limit,DOGE/USDT,0.14529,936.53934,1710634922784
2.0,2024-03-17T00:22:06.992Z,limit,DOGE/USDT,0.14541,0.29082,1710634926992
4.0,2024-03-17T00:22:07.040Z,limit,DOGE/USDT,0.14545,0.5818,1710634927040
15560.0,2024-03-17T00:22:11.294Z,limit,DOGE/USDT,0.14547,2263.5132,1710634931294
2.0,2024-03-17T00:22:13.222Z,limit,DOGE/USDT,0.14548,0.29096,1710634933222
11913.0,2024-03-17T00:22:16.061Z,limit,DOGE/USDT,0.14558,1734.29454,1710634936061
8657.0,2024-03-17T00:22:40.940Z,limit,DOGE/USDT,0.1455,1259.5935,1710634960940
12660.0,2024-03-17T00:22:47.879Z,limit,DOGE/USDT,0.1454,1840.764,1710634967879
7014.0,2024-03-17T00:23:17.801Z,limit,DOGE/USDT,0.14526,1018.85364,1710634997801
6226.0,2024-03-17T00:23:27.258Z,limit,DOGE/USDT,0.14527,904.45102,1710635007258
8059.0,2024-03-17T00:23:33.593Z,limit,DOGE/USDT,0.14531,1171.05329,1710635013593
12257.0,2024-03-17T00:23:35.691Z,limit,DOGE/USDT,0.14531,1781.06467,1710635015691
2815.0,2024-03-17T00:23:58.425Z,limit,DOGE/USDT,0.14511,408.48465,1710635038425
13116.0,2024-03-17T00:24:00.001Z,limit,DOGE/USDT,0.14511,1903.26276,1710635040001
764.0,2024-03-17T00:24:01.586Z,limit,DOGE/USDT,0.14515,110.8946,1710635041586
16287.0,2024-03-17T00:24:24.358Z,limit,DOGE/USDT,0.1453,2366.5011,1710635064358
6974.0,2024-03-17T00:24:31.194Z,limit,DOGE/USDT,0.14528,1013.18272,1710635071194
13670.0,2024-03-17T00:24:48.601Z,limit,DOGE/USDT,0.14519,1984.7473,1710635088601
6773.0,2024-03-17T00:24:57.352Z,limit,DOGE/USDT,0.14519,983.37187,1710635097352
1486.0,2024-03-17T00:25:01.141Z,limit,DOGE/USDT,0.14519,215.75234,1710635101141
13824.0,2024-03-17T00:25:05.348Z,limit,DOGE/USDT,0.14525,2007.936,1710635105348
2045.0,2024-03-17T00:25:06.419Z,limit,DOGE/USDT,0.14524,297.0158,1710635106419
4363.0,2024-03-17T00:25:16.474Z,limit,DOGE/USDT,0.14524,633.68212,1710635116474
10921.0,2024-03-17T00:25:20.677Z,limit,DOGE/USDT,0.1453,1586.8213,1710635120677
6054.0,2024-03-17T00:25:21.713Z,limit,DOGE/USDT,0.1453,879.6462,1710635121713
14259.0,2024-03-17T00:25:22.770Z,limit,DOGE/USDT,0.14526,2071.26234,1710635122770
8859.0,2024-03-17T00:25:27.522Z,limit,DOGE/USDT,0.14539,1288.01001,1710635127522
11543.0,2024-03-17T00:25:37.446Z,limit,DOGE/USDT,0.14541,1678.46763,1710635137446
2396.0,2024-03-17T00:25:48.067Z,limit,DOGE/USDT,0.1454,348.3784,1710635148067
15169.0,2024-03-17T00:25:50.690Z,limit,DOGE/USDT,0.1454,2205.5726,1710635150690
4244.0,2024-03-17T00:25:51.727Z,limit,DOGE/USDT,0.1454,617.0776,1710635151727
11997.0,2024-03-17T00:25:53.811Z,limit,DOGE/USDT,0.14541,1744.48377,1710635153811
10370.0,2024-03-17T00:25:57.497Z,limit,DOGE/USDT,0.14539,1507.6943,1710635157497
1058.0,2024-03-17T00:26:04.599Z,limit,DOGE/USDT,0.14548,153.91784,1710635164599
8287.0,2024-03-17T00:26:07.712Z,limit,DOGE/USDT,0.1454,1204.9298,1710635167712
7838.0,2024-03-17T00:26:18.914Z,limit,DOGE/USDT,0.14516,1137.76408,1710635178914
356.0,2024-03-17T00:26:29.342Z,limit,DOGE/USDT,0.14505,51.6378,1710635189342
8902.0,2024-03-17T00:26:29.869Z,limit,DOGE/USDT,0.14504,1291.14608,1710635189869
5562.0,2024-03-17T00:26:30.936Z,limit,DOGE/USDT,0.14497,806.32314,1710635190936
480.0,2024-03-17T00:26:36.729Z,limit,DOGE/USDT,0.14489,69.5472,1710635196729
9881.0,2024-03-17T00:26:40.400Z,limit,DOGE/USDT,0.14492,1431.95452,1710635200400
5366.0,2024-03-17T00:26:45.650Z,limit,DOGE/USDT,0.14487,777.37242,1710635205650
1059.0,2024-03-17T00:26:50.412Z,limit,DOGE/USDT,0.14508,153.63972,1710635210412
1449.0,2024-03-17T00:26:56.204Z,limit,DOGE/USDT,0.14509,210.23541,1710635216204
6503.0,2024-03-17T00:26:56.718Z,limit,DOGE/USDT,0.14508,943.45524,1710635216718
6224.0,2024-03-17T00:26:59.339Z,limit,DOGE/USDT,0.14508,902.97792,1710635219339
5203.0,2024-03-17T00:27:08.009Z,limit,DOGE/USDT,0.14497,754.27891,1710635228009
6274.0,2024-03-17T00:27:15.843Z,limit,DOGE/USDT,0.14492,909.22808,1710635235843
9086.0,2024-03-17T00:27:18.511Z,limit,DOGE/USDT,0.14484,1316.01624,1710635238511
3831.0,2024-03-17T00:27:23.773Z,limit,DOGE/USDT,0.145,555.495,1710635243773
3897.0,2024-03-17T00:27:44.169Z,limit,DOGE/USDT,0.14508,565.37676,1710635264169
2813.0,2024-03-17T00:27:45.179Z,limit,DOGE/USDT,0.14509,408.13817,1710635265179
963.0,2024-03-17T00:28:00.482Z,limit,DOGE/USDT,0.14499,139.62537,1710635280482
3704.0,2024-03-17T00:28:01.053Z,limit,DOGE/USDT,0.14501,537.11704,1710635281053
12641.0,2024-03-17T00:28:03.413Z,limit,DOGE/USDT,0.14493,1832.06013,1710635283413
4872.0,2024-03-17T00:28:08.400Z,limit,DOGE/USDT,0.14494,706.14768,1710635288400
11527.0,2024-03-17T00:28:16.789Z,limit,DOGE/USDT,0.14486,1669.80122,1710635296789
12791.0,2024-03-17T00:28:17.328Z,limit,DOGE/USDT,0.14486,1852.90426,1710635297328
16026.0,2024-03-17T00:28:23.604Z,limit,DOGE/USDT,0.14478,2320.24428,1710635303604
13051.0,2024-03-17T00:28:24.132Z,limit,DOGE/USDT,0.14478,1889.52378,1710635304132
2336.0,2024-03-17T00:28:33.167Z,limit,DOGE/USDT,0.14479,338.22944,1710635313167
3137.0,2024-03-17T00:28:47.350Z,limit,DOGE/USDT,0.14499,454.83363,1710635327350
14922.0,2024-03-17T00:28:48.411Z,limit,DOGE/USDT,0.14499,2163.54078,1710635328411
7991.0,2024-03-17T00:28:50.558Z,limit,DOGE/USDT,0.14499,1158.61509,1710635330558
13694.0,2024-03-17T00:28:54.247Z,limit,DOGE/USDT,0.145,1985.63,1710635334247
11099.0,2024-03-17T00:28:55.275Z,limit,DOGE/USDT,0.14499,1609.24401,1710635335275
12313.0,2024-03-17T00:28:57.891Z,limit,DOGE/USDT,0.14493,1784.52309,1710635337891
16054.0,2024-03-17T00:29:04.744Z,limit,DOGE/USDT,0.14488,2325.90352,1710635344744
13762.0,2024-03-17T00:29:05.254Z,limit,DOGE/USDT,0.14489,1993.97618,1710635345254
12366.0,2024-03-17T00:29:23.234Z,limit,DOGE/USDT,0.14485,1791.2151,1710635363234
20639.0,2024-03-17T00:29:23.754Z,limit,DOGE/USDT,0.14485,2989.55915,1710635363754
15795.0,2024-03-17T00:29:29.522Z,limit,DOGE/USDT,0.14462,2284.2729,1710635369522
10592.0,2024-03-17T00:29:30.195Z,limit,DOGE/USDT,0.14462,1531.81504,1710635370195
8880.0,2024-03-17T00:29:42.715Z,limit,DOGE/USDT,0.14469,1284.8472,1710635382715
16074.0,2024-03-17T00:29:44.809Z,limit,DOGE/USDT,0.14477,2327.03298,1710635384809
15302.0,2024-03-17T00:29:46.924Z,limit,DOGE/USDT,0.14478,2215.42356,1710635386924
16547.0,2024-03-17T00:29:52.667Z,limit,DOGE/USDT,0.14478,2395.67466,1710635392667
23395.0,2024-03-17T00:29:53.209Z,limit,DOGE/USDT,0.14478,3387.1281,1710635393209
7237.0,2024-03-17T00:30:03.228Z,limit,DOGE/USDT,0.14486,1048.35182,1710635403228
30400.0,2024-03-17T00:30:07.427Z,limit,DOGE/USDT,0.14492,4405.568,1710635407427
22399.0,2024-03-17T00:30:11.665Z,limit,DOGE/USDT,0.14493,3246.28707,1710635411665
11991.0,2024-03-17T00:30:12.714Z,limit,DOGE/USDT,0.14488,1737.25608,1710635412714
16490.0,2024-03-17T00:30:28.163Z,limit,DOGE/USDT,0.14492,2389.7308,1710635428163
8093.0,2024-03-17T00:30:31.780Z,limit,DOGE/USDT,0.14508,1174.13244,1710635431780
24985.0,2024-03-17T00:30:55.861Z,limit,DOGE/USDT,0.1447,3615.3295,1710635455861
7479.0,2024-03-17T00:31:06.444Z,limit,DOGE/USDT,0.1446,1081.4634,1710635466444
5031.0,2024-03-17T00:31:10.667Z,limit,DOGE/USDT,0.14463,727.63353,1710635470667
7372.0,2024-03-17T00:31:12.759Z,limit,DOGE/USDT,0.14462,1066.13864,1710635472759
2.0,2024-03-17T00:31:18.363Z,limit,DOGE/USDT,0.14459,0.28918,1710635478363
14371.0,2024-03-17T00:31:27.001Z,limit,DOGE/USDT,0.14454,2077.18434,1710635487001
10333.0,2024-03-17T00:31:27.536Z,limit,DOGE/USDT,0.14453,1493.42849,1710635487536
5059.0,2024-03-17T00:31:29.105Z,limit,DOGE/USDT,0.14454,731.22786,1710635489105
4.0,2024-03-17T00:31:30.067Z,limit,DOGE/USDT,0.14451,0.57804,1710635490067
1.0,2024-03-17T00:31:30.218Z,limit,DOGE/USDT,0.14443,0.14443,1710635490218
2.0,2024-03-17T00:31:31.382Z,limit,DOGE/USDT,0.1444,0.2888,1710635491382
13068.0,2024-03-17T00:31:34.352Z,limit,DOGE/USDT,0.14429,1885.58172,1710635494352
9663.0,2024-03-17T00:31:36.019Z,limit,DOGE/USDT,0.14443,1395.62709,1710635496019
9572.0,2024-03-17T00:31:39.712Z,limit,DOGE/USDT,0.14437,1381.90964,1710635499712
2714.0,2024-03-17T00:31:54.097Z,limit,DOGE/USDT,0.14436,391.79304,1710635514097
14098.0,2024-03-17T00:31:56.655Z,limit,DOGE/USDT,0.14434,2034.90532,1710635516655
10180.0,2024-03-17T00:31:59.804Z,limit,DOGE/USDT,0.14434,1469.3812,1710635519804
2031.0,2024-03-17T00:32:02.442Z,limit,DOGE/USDT,0.14449,293.45919,1710635522442
1263.0,2024-03-17T00:32:05.595Z,limit,DOGE/USDT,0.14444,182.42772,1710635525595
11732.0,2024-03-17T00:32:08.226Z,limit,DOGE/USDT,0.14444,1694.57008,1710635528226
10840.0,2024-03-17T00:32:14.606Z,limit,DOGE/USDT,0.14433,1564.5372,1710635534606
3209.0,2024-03-17T00:32:23.498Z,limit,DOGE/USDT,0.14432,463.12288,1710635543498
1048.0,2024-03-17T00:32:30.973Z,limit,DOGE/USDT,0.14415,151.0692,1710635550973
5126.0,2024-03-17T00:32:44.741Z,limit,DOGE/USDT,0.14422,739.27172,1710635564741
4397.0,2024-03-17T00:32:47.346Z,limit,DOGE/USDT,0.14423,634.17931,1710635567346
5919.0,2024-03-17T00:32:57.342Z,limit,DOGE/USDT,0.14427,853.93413,1710635577342
11049.0,2024-03-17T00:32:58.393Z,limit,DOGE/USDT,0.14428,1594.14972,1710635578393
6884.0,2024-03-17T00:33:02.108Z,limit,DOGE/USDT,0.14418,992.53512,1710635582108
5989.0,2024-03-17T00:33:12.583Z,limit,DOGE/USDT,0.14422,863.73358,1710635592583
260.0,2024-03-17T00:33:14.675Z,limit,DOGE/USDT,0.14423,37.4998,1710635594675
12491.0,2024-03-17T00:33:15.702Z,limit,DOGE/USDT,0.14422,1801.45202,1710635595702
5015.0,2024-03-17T00:33:31.181Z,limit,DOGE/USDT,0.14404,722.3606,1710635611181
8876.0,2024-03-17T00:33:31.702Z,limit,DOGE/USDT,0.14404,1278.49904,1710635611702
11962.0,2024-03-17T00:33:39.081Z,limit,DOGE/USDT,0.14404,1723.00648,1710635619081
2.0,2024-03-17T00:33:49.245Z,limit,DOGE/USDT,0.14377,0.28754,1710635629245
8528.0,2024-03-17T00:33:59.119Z,limit,DOGE/USDT,0.14382,1226.49696,1710635639119
833.0,2024-03-17T00:34:15.577Z,limit,DOGE/USDT,0.14386,119.83538,1710635655577
8490.0,2024-03-17T00:34:26.204Z,limit,DOGE/USDT,0.14383,1221.1167,1710635666204
216.0,2024-03-17T00:34:30.481Z,limit,DOGE/USDT,0.14383,31.06728,1710635670481
12516.0,2024-03-17T00:34:34.005Z,limit,DOGE/USDT,0.14383,1800.17628,1710635674005
6376.0,2024-03-17T00:34:37.293Z,limit,DOGE/USDT,0.14382,916.99632,1710635677293
7177.0,2024-03-17T00:34:46.357Z,limit,DOGE/USDT,0.14361,1030.68897,1710635686357
4.0,2024-03-17T00:34:51.127Z,limit,DOGE/USDT,0.14357,0.57428,1710635691127
4446.0,2024-03-17T00:34:52.373Z,limit,DOGE/USDT,0.14352,638.08992,1710635692373
2.0,2024-03-17T00:34:55.044Z,limit,DOGE/USDT,0.14351,0.28702,1710635695044
1.0,2024-03-17T00:34:55.208Z,limit,DOGE/USDT,0.1435,0.1435,1710635695208
10729.0,2024-03-17T00:34:58.202Z,limit,DOGE/USDT,0.14346,1539.18234,1710635698202
791.0,2024-03-17T00:35:12.572Z,limit,DOGE/USDT,0.14347,113.48477,1710635712572
9259.0,2024-03-17T00:35:17.804Z,limit,DOGE/USDT,0.14364,1329.96276,1710635717804
10867.0,2024-03-17T00:35:23.244Z,limit,DOGE/USDT,0.14351,1559.52317,1710635723244
14978.0,2024-03-17T00:35:24.284Z,limit,DOGE/USDT,0.14351,2149.49278,1710635724284
15912.0,2024-03-17T00:35:34.814Z,limit,DOGE/USDT,0.14335,2280.9852,1710635734814
15482.0,2024-03-17T00:35:45.200Z,limit,DOGE/USDT,0.14341,2220.27362,1710635745200
348.0,2024-03-17T00:35:57.915Z,limit,DOGE/USDT,0.14335,49.8858,1710635757915
10871.0,2024-03-17T00:36:00.853Z,limit,DOGE/USDT,0.14334,1558.24914,1710635760853
284.0,2024-03-17T00:36:03.504Z,limit,DOGE/USDT,0.14339,40.72276,1710635763504
7088.0,2024-03-17T00:36:17.661Z,limit,DOGE/USDT,0.14364,1018.12032,1710635777661
3945.0,2024-03-17T00:36:29.440Z,limit,DOGE/USDT,0.1438,567.291,1710635789440
2133.0,2024-03-17T00:36:42.075Z,limit,DOGE/USDT,0.14367,306.44811,1710635802075
14221.0,2024-03-17T00:36:54.666Z,limit,DOGE/USDT,0.14348,2040.42908,1710635814666
7073.0,2024-03-17T00:37:13.612Z,limit,DOGE/USDT,0.14348,1014.83404,1710635833612
2622.0,2024-03-17T00:37:35.344Z,limit,DOGE/USDT,0.1436,376.5192,1710635855344
7950.0,2024-03-17T00:37:43.252Z,limit,DOGE/USDT,0.1434,1140.03,1710635863252
10019.0,2024-03-17T00:37:44.815Z,limit,DOGE/USDT,0.14341,1436.82479,1710635864815
4501.0,2024-03-17T00:38:01.102Z,limit,DOGE/USDT,0.14346,645.71346,1710635881102
1965.0,2024-03-17T00:38:07.621Z,limit,DOGE/USDT,0.14347,281.91855,1710635887621
5164.0,2024-03-17T00:38:08.678Z,limit,DOGE/USDT,0.14345,740.7758,1710635888678
10373.0,2024-03-17T00:38:18.711Z,limit,DOGE/USDT,0.1435,1488.5255,1710635898711
8077.0,2024-03-17T00:38:21.909Z,limit,DOGE/USDT,0.14355,1159.45335,1710635901909
9053.0,2024-03-17T00:38:31.370Z,limit,DOGE/USDT,0.14362,1300.19186,1710635911370
5703.0,2024-03-17T00:38:35.184Z,limit,DOGE/USDT,0.14362,819.06486,1710635915184
6063.0,2024-03-17T00:38:39.224Z,limit,DOGE/USDT,0.14359,870.58617,1710635919224
9876.0,2024-03-17T00:38:40.295Z,limit,DOGE/USDT,0.14353,1417.50228,1710635920295
3775.0,2024-03-17T00:38:44.569Z,limit,DOGE/USDT,0.14352,541.788,1710635924569
7062.0,2024-03-17T00:38:45.180Z,limit,DOGE/USDT,0.14354,1013.67948,1710635925180
6567.0,2024-03-17T00:39:10.373Z,limit,DOGE/USDT,0.14332,941.18244,1710635950373
9573.0,2024-03-17T00:39:13.529Z,limit,DOGE/USDT,0.14332,1372.00236,1710635953529
1646.0,2024-03-17T00:39:40.893Z,limit,DOGE/USDT,0.14318,235.67428,1710635980893
13132.0,2024-03-17T00:39:48.235Z,limit,DOGE/USDT,0.14318,1880.23976,1710635988235
7911.0,2024-03-17T00:39:54.175Z,limit,DOGE/USDT,0.1431,1132.0641,1710635994175
12571.0,2024-03-17T00:40:05.887Z,limit,DOGE/USDT,0.14296,1797.15016,1710636005887
2.0,2024-03-17T00:40:06.480Z,limit,DOGE/USDT,0.14295,0.2859,1710636006480
4419.0,2024-03-17T00:40:09.564Z,limit,DOGE/USDT,0.14293,631.60767,1710636009564
4.0,2024-03-17T00:40:23.916Z,limit,DOGE/USDT,0.14263,0.57052,1710636023916
11953.0,2024-03-17T00:40:25.884Z,limit,DOGE/USDT,0.14259,1704.37827,1710636025884
9653.0,2024-03-17T00:40:30.230Z,limit,DOGE/USDT,0.1426,1376.5178,1710636030230
1622.0,2024-03-17T00:40:39.061Z,limit,DOGE/USDT,0.14261,231.31342,1710636039061
1.0,2024-03-17T00:40:40.475Z,limit,DOGE/USDT,0.14257,0.14257,1710636040475
1865.0,2024-03-17T00:40:47.481Z,limit,DOGE/USDT,0.14253,265.81845,1710636047481
12556.0,2024-03-17T00:40:48.536Z,limit,DOGE/USDT,0.14255,1789.8578,1710636048536
9657.0,2024-03-17T00:40:55.903Z,limit,DOGE/USDT,0.14257,1376.79849,1710636055903
3252.0,2024-03-17T00:41:00.246Z,limit,DOGE/USDT,0.14254,463.54008,1710636060246
16356.0,2024-03-17T00:41:11.179Z,limit,DOGE/USDT,0.14267,2333.51052,1710636071179
13152.0,2024-03-17T00:41:19.590Z,limit,DOGE/USDT,0.1428,1878.1056,1710636079590
9519.0,2024-03-17T00:41:22.894Z,limit,DOGE/USDT,0.1427,1358.3613,1710636082894
2507.0,2024-03-17T00:41:35.504Z,limit,DOGE/USDT,0.1425,357.2475,1710636095504
14597.0,2024-03-17T00:41:38.138Z,limit,DOGE/USDT,0.1425,2080.0725,1710636098138
6518.0,2024-03-17T00:41:47.084Z,limit,DOGE/USDT,0.14227,927.31586,1710636107084
10744.0,2024-03-17T00:41:54.910Z,limit,DOGE/USDT,0.14236,1529.51584,1710636114910
14454.0,2024-03-17T00:41:59.726Z,limit,DOGE/USDT,0.14227,2056.37058,1710636119726
16979.0,2024-03-17T00:42:02.890Z,limit,DOGE/USDT,0.14235,2416.96065,1710636122890
6406.0,2024-03-17T00:42:03.947Z,limit,DOGE/USDT,0.14236,911.95816,1710636123947
13424.0,2024-03-17T00:42:06.572Z,limit,DOGE/USDT,0.14244,1912.11456,1710636126572
1675.0,2024-03-17T00:42:12.849Z,limit,DOGE/USDT,0.14251,238.70425,1710636132849
2513.0,2024-03-17T00:42:28.183Z,limit,DOGE/USDT,0.14252,358.15276,1710636148183
8701.0,2024-03-17T00:42:29.143Z,limit,DOGE/USDT,0.14251,1239.97951,1710636149143
3878.0,2024-03-17T00:42:30.718Z,limit,DOGE/USDT,0.14262,553.08036,1710636150718
2.0,2024-03-17T00:42:44.851Z,limit,DOGE/USDT,0.14224,0.28448,1710636164851
10243.0,2024-03-17T00:42:57.260Z,limit,DOGE/USDT,0.14226,1457.16918,1710636177260
3865.0,2024-03-17T00:43:16.154Z,limit,DOGE/USDT,0.14217,549.48705,1710636196154
2.0,2024-03-17T00:43:23.385Z,limit,DOGE/USDT,0.14213,0.28426,1710636203385
8449.0,2024-03-17T00:43:31.350Z,limit,DOGE/USDT,0.14211,1200.68739,1710636211350
11323.0,2024-03-17T00:43:41.423Z,limit,DOGE/USDT,0.14217,1609.79091,1710636221423
12501.0,2024-03-17T00:43:42.409Z,limit,DOGE/USDT,0.14216,1777.14216,1710636222409
2834.0,2024-03-17T00:43:42.941Z,limit,DOGE/USDT,0.14216,402.88144,1710636222941
8148.0,2024-03-17T00:43:46.166Z,limit,DOGE/USDT,0.14216,1158.31968,1710636226166
14076.0,2024-03-17T00:43:54.493Z,limit,DOGE/USDT,0.14224,2002.17024,1710636234493
13222.0,2024-03-17T00:44:23.614Z,limit,DOGE/USDT,0.14223,1880.56506,1710636263614
11447.0,2024-03-17T00:44:41.570Z,limit,DOGE/USDT,0.14243,1630.39621,1710636281570
519.0,2024-03-17T00:44:49.983Z,limit,DOGE/USDT,0.14239,73.90041,1710636289983
13251.0,2024-03-17T00:44:52.071Z,limit,DOGE/USDT,0.14239,1886.80989,1710636292071
4367.0,2024-03-17T00:44:56.768Z,limit,DOGE/USDT,0.14237,621.72979,1710636296768
334.0,2024-03-17T00:44:59.515Z,limit,DOGE/USDT,0.14238,47.55492,1710636299515
10740.0,2024-03-17T00:45:09.157Z,limit,DOGE/USDT,0.14251,1530.5574,1710636309157
11199.0,2024-03-17T00:45:11.392Z,limit,DOGE/USDT,0.14258,1596.75342,1710636311392
2.0,2024-03-17T00:45:31.278Z,limit,DOGE/USDT,0.14295,0.2859,1710636331278
467.0,2024-03-17T00:45:34.635Z,limit,DOGE/USDT,0.14296,66.76232,1710636334635
835.0,2024-03-17T00:45:35.685Z,limit,DOGE/USDT,0.14296,119.3716,1710636335685
12611.0,2024-03-17T00:45:41.631Z,limit,DOGE/USDT,0.14306,1804.12966,1710636341631
9468.0,2024-03-17T00:45:49.605Z,limit,DOGE/USDT,0.14306,1354.49208,1710636349605
4137.0,2024-03-17T00:45:51.685Z,limit,DOGE/USDT,0.14306,591.83922,1710636351685
9841.0,2024-03-17T00:45:57.556Z,limit,DOGE/USDT,0.14298,1407.06618,1710636357556
10001.0,2024-03-17T00:46:00.917Z,limit,DOGE/USDT,0.14291,1429.24291,1710636360917
11379.0,2024-03-17T00:46:01.761Z,limit,DOGE/USDT,0.1429,1626.0591,1710636361761
8411.0,2024-03-17T00:46:14.992Z,limit,DOGE/USDT,0.1431,1203.6141,1710636374992
17144.0,2024-03-17T00:46:18.167Z,limit,DOGE/USDT,0.14317,2454.50648,1710636378167
14919.0,2024-03-17T00:46:19.179Z,limit,DOGE/USDT,0.14318,2136.10242,1710636379179
14668.0,2024-03-17T00:46:23.934Z,limit,DOGE/USDT,0.14325,2101.191,1710636383934
1896.0,2024-03-17T00:46:31.306Z,limit,DOGE/USDT,0.1432,271.5072,1710636391306
8111.0,2024-03-17T00:46:33.938Z,limit,DOGE/USDT,0.14309,1160.60299,1710636393938
2510.0,2024-03-17T00:46:37.069Z,limit,DOGE/USDT,0.14309,359.1559,1710636397069
4723.0,2024-03-17T00:46:38.135Z,limit,DOGE/USDT,0.1431,675.8613,1710636398135
11782.0,2024-03-17T00:46:56.540Z,limit,DOGE/USDT,0.14317,1686.82894,1710636416540
7924.0,2024-03-17T00:47:08.752Z,limit,DOGE/USDT,0.14329,1135.42996,1710636428752
2823.0,2024-03-17T00:47:12.112Z,limit,DOGE/USDT,0.14328,404.47944,1710636432112
3964.0,2024-03-17T00:47:14.192Z,limit,DOGE/USDT,0.14328,567.96192,1710636434192
13125.0,2024-03-17T00:47:16.792Z,limit,DOGE/USDT,0.14329,1880.68125,1710636436792
6805.0,2024-03-17T00:47:20.454Z,limit,DOGE/USDT,0.14328,975.0204,1710636440454
6608.0,2024-03-17T00:47:52.668Z,limit,DOGE/USDT,0.14315,945.9352,1710636472668
7077.0,2024-03-17T00:47:53.204Z,limit,DOGE/USDT,0.14317,1013.21409,1710636473204
8574.0,2024-03-17T00:48:04.731Z,limit,DOGE/USDT,0.14313,1227.19662,1710636484731
4928.0,2024-03-17T00:48:11.554Z,limit,DOGE/USDT,0.14327,706.03456,1710636491554
7275.0,2024-03-17T00:48:12.140Z,limit,DOGE/USDT,0.14326,1042.2165,1710636492140
3264.0,2024-03-17T00:48:13.654Z,limit,DOGE/USDT,0.14325,467.568,1710636493654
3547.0,2024-03-17T00:48:15.229Z,limit,DOGE/USDT,0.14326,508.14322,1710636495229
418.0,2024-03-17T00:48:21.605Z,limit,DOGE/USDT,0.14308,59.80744,1710636501605
8344.0,2024-03-17T00:48:46.340Z,limit,DOGE/USDT,0.14329,1195.61176,1710636526340
10583.0,2024-03-17T00:49:02.811Z,limit,DOGE/USDT,0.14312,1514.63896,1710636542811
3769.0,2024-03-17T00:49:03.397Z,limit,DOGE/USDT,0.14311,539.38159,1710636543397
3523.0,2024-03-17T00:49:16.576Z,limit,DOGE/USDT,0.14329,504.81067,1710636556576
331.0,2024-03-17T00:49:23.927Z,limit,DOGE/USDT,0.14318,47.39258,1710636563927
7253.0,2024-03-17T00:49:27.074Z,limit,DOGE/USDT,0.14321,1038.70213,1710636567074
8196.0,2024-03-17T00:49:32.418Z,limit,DOGE/USDT,0.14314,1173.17544,1710636572418
2.0,2024-03-17T00:49:40.696Z,limit,DOGE/USDT,0.1429,0.2858,1710636580696
6546.0,2024-03-17T00:49:43.440Z,limit,DOGE/USDT,0.1429,935.4234,1710636583440
525.0,2024-03-17T00:49:47.159Z,limit,DOGE/USDT,0.14289,75.01725,1710636587159
2883.0,2024-03-17T00:50:00.355Z,limit,DOGE/USDT,0.14294,412.09602,1710636600355
7589.0,2024-03-17T00:50:11.309Z,limit,DOGE/USDT,0.14281,1083.78509,1710636611309
4930.0,2024-03-17T00:50:13.936Z,limit,DOGE/USDT,0.14289,704.4477,1710636613936
7302.0,2024-03-17T00:50:29.917Z,limit,DOGE/USDT,0.14258,1041.11916,1710636629917
7676.0,2024-03-17T00:50:52.059Z,limit,DOGE/USDT,0.14218,1091.37368,1710636652059
2.0,2024-03-17T00:50:54.002Z,limit,DOGE/USDT,0.14213,0.28426,1710636654002
9397.0,2024-03-17T00:50:59.880Z,limit,DOGE/USDT,0.14211,1335.40767,1710636659880
1583.0,2024-03-17T00:51:02.241Z,limit,DOGE/USDT,0.14222,225.13426,1710636662241
11053.0,2024-03-17T00:51:02.793Z,limit,DOGE/USDT,0.14221,1571.84713,1710636662793
6913.0,2024-03-17T00:51:05.936Z,limit,DOGE/USDT,0.1422,983.0286,1710636665936
5688.0,2024-03-17T00:51:08.056Z,limit,DOGE/USDT,0.14219,808.77672,1710636668056
10135.0,2024-03-17T00:51:12.259Z,limit,DOGE/USDT,0.14209,1440.08215,1710636672259
5966.0,2024-03-17T00:51:13.820Z,limit,DOGE/USDT,0.14216,848.12656,1710636673820
10830.0,2024-03-17T00:51:14.863Z,limit,DOGE/USDT,0.14225,1540.5675,1710636674863
10415.0,2024-03-17T00:51:23.262Z,limit,DOGE/USDT,0.14224,1481.4296,1710636683262
5841.0,2024-03-17T00:51:27.495Z,limit,DOGE/USDT,0.14241,831.81681,1710636687495
1562.0,2024-03-17T00:51:28.598Z,limit,DOGE/USDT,0.14241,222.44442,1710636688598
14579.0,2024-03-17T00:51:30.212Z,limit,DOGE/USDT,0.14234,2075.17486,1710636690212
5987.0,2024-03-17T00:51:31.771Z,limit,DOGE/USDT,0.14235,852.24945,1710636691771
5758.0,2024-03-17T00:51:42.802Z,limit,DOGE/USDT,0.1422,818.7876,1710636702802
2630.0,2024-03-17T00:51:49.231Z,limit,DOGE/USDT,0.1422,373.986,1710636709231
7995.0,2024-03-17T00:51:56.653Z,limit,DOGE/USDT,0.14219,1136.80905,1710636716653
9009.0,2024-03-17T00:52:05.180Z,limit,DOGE/USDT,0.14212,1280.35908,1710636725180
15042.0,2024-03-17T00:52:18.459Z,limit,DOGE/USDT,0.14216,2138.37072,1710636738459
14003.0,2024-03-17T00:52:23.175Z,limit,DOGE/USDT,0.14209,1989.68627,1710636743175
12374.0,2024-03-17T00:52:33.162Z,limit,DOGE/USDT,0.1421,1758.3454,1710636753162
7279.0,2024-03-17T00:52:49.612Z,limit,DOGE/USDT,0.14194,1033.18126,1710636769612
8944.0,2024-03-17T00:53:02.828Z,limit,DOGE/USDT,0.14209,1270.85296,1710636782828
10508.0,2024-03-17T00:53:08.679Z,limit,DOGE/USDT,0.14203,1492.45124,1710636788679
238.0,2024-03-17T00:53:12.362Z,limit,DOGE/USDT,0.14187,33.76506,1710636792362
16418.0,2024-03-17T00:53:16.070Z,limit,DOGE/USDT,0.1419,2329.7142,1710636796070
11957.0,2024-03-17T00:53:17.093Z,limit,DOGE/USDT,0.14193,1697.05701,1710636797093
4371.0,2024-03-17T00:53:27.085Z,limit,DOGE/USDT,0.14199,620.63829,1710636807085
2.0,2024-03-17T00:53:34.167Z,limit,DOGE/USDT,0.14181,0.28362,1710636814167
13287.0,2024-03-17T00:53:36.821Z,limit,DOGE/USDT,0.1418,1884.0966,1710636816821
2747.0,2024-03-17T00:53:40.221Z,limit,DOGE/USDT,0.14169,389.22243,1710636820221
4.0,2024-03-17T00:53:41.236Z,limit,DOGE/USDT,0.14169,0.56676,1710636821236
1.0,2024-03-17T00:53:41.281Z,limit,DOGE/USDT,0.14164,0.14164,1710636821281
9162.0,2024-03-17T00:53:43.506Z,limit,DOGE/USDT,0.14165,1297.7973,1710636823506
