date,open,high,low,close,volume
1712574120000,2.907e-05,2.907e-05,2.907e-05,2.907e-05,0.0
1712574180000,2.907e-05,2.907e-05,2.907e-05,2.907e-05,0.0
1712574240000,2.907e-05,2.907e-05,2.907e-05,2.907e-05,0.0
1712574300000,2.907e-05,2.907e-05,2.907e-05,2.907e-05,0.0
1712574360000,2.907e-05,2.907e-05,2.907e-05,2.907e-05,0.0
1712574420000,2.907e-05,2.907e-05,2.907e-05,2.907e-05,0.0
1712574480000,2.907e-05,2.907e-05,2.907e-05,2.907e-05,0.0
1712574540000,2.91e-05,2.91e-05,2.91e-05,2.91e-05,17423011.0
1712574600000,2.91e-05,2.91e-05,2.91e-05,2.91e-05,0.0
1712574660000,2.91e-05,2.91e-05,2.91e-05,2.91e-05,0.0
1712574720000,2.91e-05,2.91e-05,2.91e-05,2.91e-05,0.0
1712574780000,2.904e-05,2.904e-05,2.904e-05,2.904e-05,43047496.0
1712574840000,2.904e-05,2.904e-05,2.904e-05,2.904e-05,0.0
1712574900000,2.904e-05,2.904e-05,2.904e-05,2.904e-05,0.0
1712574960000,2.904e-05,2.904e-05,2.904e-05,2.904e-05,0.0
1712575020000,2.903e-05,2.903e-05,2.903e-05,2.903e-05,2987502.0
1712575080000,2.903e-05,2.903e-05,2.903e-05,2.903e-05,0.0
1712575140000,2.903e-05,2.903e-05,2.903e-05,2.903e-05,0.0
1712575200000,2.903e-05,2.903e-05,2.903e-05,2.903e-05,0.0
1712575260000,2.903e-05,2.903e-05,2.903e-05,2.903e-05,0.0
1712575320000,2.903e-05,2.903e-05,2.903e-05,2.903e-05,0.0
1712575380000,2.903e-05,2.903e-05,2.903e-05,2.903e-05,0.0
1712575440000,2.903e-05,2.903e-05,2.903e-05,2.903e-05,0.0
1712575500000,2.903e-05,2.903e-05,2.903e-05,2.903e-05,0.0
1712575560000,2.903e-05,2.903e-05,2.903e-05,2.903e-05,0.0
1712575620000,2.906e-05,2.906e-05,2.906e-05,2.906e-05,4084145.0
1712575680000,2.906e-05,2.906e-05,2.906e-05,2.906e-05,0.0
1712575740000,2.906e-05,2.906e-05,2.906e-05,2.906e-05,0.0
1712575800000,2.906e-05,2.906e-05,2.906e-05,2.906e-05,0.0
1712575860000,2.906e-05,2.906e-05,2.906e-05,2.906e-05,0.0
1712575920000,2.906e-05,2.906e-05,2.906e-05,2.906e-05,0.0
1712575980000,2.906e-05,2.906e-05,2.906e-05,2.906e-05,0.0
1712576040000,2.906e-05,2.906e-05,2.906e-05,2.906e-05,0.0
1712576100000,2.906e-05,2.906e-05,2.906e-05,2.906e-05,0.0
1712576160000,2.906e-05,2.906e-05,2.906e-05,2.906e-05,0.0
1712576220000,2.906e-05,2.906e-05,2.906e-05,2.906e-05,0.0
1712576280000,2.906e-05,2.906e-05,2.906e-05,2.906e-05,0.0
1712576340000,2.906e-05,2.906e-05,2.906e-05,2.906e-05,0.0
1712576400000,2.906e-05,2.906e-05,2.906e-05,2.906e-05,0.0
1712576460000,2.906e-05,2.906e-05,2.906e-05,2.906e-05,0.0
1712576520000,2.906e-05,2.906e-05,2.906e-05,2.906e-05,0.0
1712576580000,2.906e-05,2.906e-05,2.906e-05,2.906e-05,0.0
1712576640000,2.901e-05,2.901e-05,2.901e-05,2.901e-05,1508272.0
1712576700000,2.901e-05,2.901e-05,2.901e-05,2.901e-05,0.0
1712576760000,2.901e-05,2.901e-05,2.901e-05,2.901e-05,0.0
1712576820000,2.901e-05,2.901e-05,2.901e-05,2.901e-05,0.0
1712576880000,2.894e-05,2.894e-05,2.894e-05,2.894e-05,2064995.0
1712576940000,2.894e-05,2.894e-05,2.894e-05,2.894e-05,0.0
1712577000000,2.894e-05,2.894e-05,2.894e-05,2.894e-05,0.0
1712577060000,2.894e-05,2.894e-05,2.894e-05,2.894e-05,0.0
1712577120000,2.894e-05,2.894e-05,2.894e-05,2.894e-05,0.0
1712577180000,2.894e-05,2.894e-05,2.894e-05,2.894e-05,0.0
1712577240000,2.894e-05,2.894e-05,2.894e-05,2.894e-05,0.0
1712577300000,2.894e-05,2.894e-05,2.894e-05,2.894e-05,0.0
1712577360000,2.896e-05,2.896e-05,2.896e-05,2.896e-05,6185934.0
1712577420000,2.896e-05,2.896e-05,2.896e-05,2.896e-05,0.0
1712577480000,2.896e-05,2.896e-05,2.896e-05,2.896e-05,0.0
1712577540000,2.896e-05,2.896e-05,2.896e-05,2.896e-05,0.0
1712577600000,2.896e-05,2.896e-05,2.896e-05,2.896e-05,0.0
1712577660000,2.896e-05,2.896e-05,2.896e-05,2.896e-05,0.0
1712577720000,2.908e-05,2.908e-05,2.908e-05,2.908e-05,2493417.0
1712577780000,2.908e-05,2.908e-05,2.908e-05,2.908e-05,0.0
1712577840000,2.908e-05,2.908e-05,2.908e-05,2.908e-05,0.0
1712577900000,2.908e-05,2.908e-05,2.908e-05,2.908e-05,0.0
1712577960000,2.908e-05,2.908e-05,2.908e-05,2.908e-05,0.0
1712578020000,2.908e-05,2.908e-05,2.908e-05,2.908e-05,0.0
1712578080000,2.908e-05,2.908e-05,2.908e-05,2.908e-05,0.0
1712578140000,2.906e-05,2.907e-05,2.906e-05,2.906e-05,147980769.0
1712578200000,2.909e-05,2.909e-05,2.909e-05,2.909e-05,852219.0
1712578260000,2.909e-05,2.909e-05,2.909e-05,2.909e-05,0.0
1712578320000,2.917e-05,2.917e-05,2.917e-05,2.917e-05,1715385.0
1712578380000,2.917e-05,2.917e-05,2.917e-05,2.917e-05,0.0
1712578440000,2.917e-05,2.917e-05,2.917e-05,2.917e-05,0.0
1712578500000,2.911e-05,2.911e-05,2.911e-05,2.911e-05,1083221.0
1712578560000,2.911e-05,2.911e-05,2.911e-05,2.911e-05,0.0
1712578620000,2.911e-05,2.911e-05,2.911e-05,2.911e-05,0.0
1712578680000,2.91e-05,2.91e-05,2.91e-05,2.91e-05,4873860.0
1712578740000,2.911e-05,2.911e-05,2.911e-05,2.911e-05,62051221.0
1712578800000,2.911e-05,2.911e-05,2.911e-05,2.911e-05,0.0
1712578860000,2.91e-05,2.91e-05,2.907e-05,2.907e-05,9872588.0
1712578920000,2.907e-05,2.907e-05,2.907e-05,2.907e-05,0.0
1712578980000,2.907e-05,2.907e-05,2.907e-05,2.907e-05,0.0
1712579040000,2.907e-05,2.907e-05,2.907e-05,2.907e-05,0.0
1712579100000,2.907e-05,2.907e-05,2.907e-05,2.907e-05,0.0
1712579160000,2.901e-05,2.901e-05,2.901e-05,2.901e-05,5701666.0
1712579220000,2.901e-05,2.901e-05,2.901e-05,2.901e-05,0.0
1712579280000,2.901e-05,2.901e-05,2.901e-05,2.901e-05,0.0
1712579340000,2.901e-05,2.901e-05,2.901e-05,2.901e-05,0.0
1712579400000,2.901e-05,2.901e-05,2.901e-05,2.901e-05,0.0
1712579460000,2.901e-05,2.901e-05,2.901e-05,2.901e-05,0.0
1712579520000,2.901e-05,2.901e-05,2.901e-05,2.901e-05,0.0
1712579580000,2.901e-05,2.901e-05,2.901e-05,2.901e-05,0.0
1712579640000,2.901e-05,2.901e-05,2.901e-05,2.901e-05,0.0
1712579700000,2.901e-05,2.901e-05,2.901e-05,2.901e-05,0.0
1712579760000,2.901e-05,2.901e-05,2.901e-05,2.901e-05,0.0
1712579820000,2.881e-05,2.881e-05,2.881e-05,2.881e-05,2631193.0
1712579880000,2.881e-05,2.881e-05,2.881e-05,2.881e-05,0.0
1712579940000,2.875e-05,2.875e-05,2.875e-05,2.875e-05,4214529.0
1712580000000,2.875e-05,2.875e-05,2.875e-05,2.875e-05,0.0
1712580060000,2.875e-05,2.875e-05,2.875e-05,2.875e-05,0.0
1712580120000,2.89e-05,2.89e-05,2.89e-05,2.89e-05,3897989.0
1712580180000,2.89e-05,2.89e-05,2.89e-05,2.89e-05,0.0
1712580240000,2.89e-05,2.89e-05,2.89e-05,2.89e-05,0.0
1712580300000,2.89e-05,2.89e-05,2.89e-05,2.89e-05,0.0
1712580360000,2.89e-05,2.89e-05,2.89e-05,2.89e-05,0.0
1712580420000,2.89e-05,2.89e-05,2.89e-05,2.89e-05,0.0
1712580480000,2.89e-05,2.89e-05,2.89e-05,2.89e-05,0.0
1712580540000,2.89e-05,2.89e-05,2.89e-05,2.89e-05,1698946.0
1712580600000,2.89e-05,2.89e-05,2.89e-05,2.89e-05,0.0
1712580660000,2.89e-05,2.89e-05,2.89e-05,2.89e-05,0.0
1712580720000,2.89e-05,2.89e-05,2.89e-05,2.89e-05,0.0
1712580780000,2.89e-05,2.89e-05,2.89e-05,2.89e-05,0.0
1712580840000,2.89e-05,2.89e-05,2.89e-05,2.89e-05,0.0
1712580900000,2.89e-05,2.89e-05,2.89e-05,2.89e-05,0.0
1712580960000,2.89e-05,2.89e-05,2.89e-05,2.89e-05,0.0
1712581020000,2.89e-05,2.89e-05,2.89e-05,2.89e-05,0.0
1712581080000,2.89e-05,2.89e-05,2.89e-05,2.89e-05,0.0
1712581140000,2.89e-05,2.89e-05,2.89e-05,2.89e-05,0.0
1712581200000,2.89e-05,2.89e-05,2.89e-05,2.89e-05,0.0
1712581260000,2.89e-05,2.89e-05,2.89e-05,2.89e-05,0.0
1712581320000,2.87e-05,2.87e-05,2.87e-05,2.87e-05,8622557.0
1712581380000,2.87e-05,2.872e-05,2.87e-05,2.872e-05,18146590.0
1712581440000,2.872e-05,2.872e-05,2.872e-05,2.872e-05,0.0
1712581500000,2.877e-05,2.877e-05,2.877e-05,2.877e-05,2549619.0
1712581560000,2.877e-05,2.877e-05,2.877e-05,2.877e-05,0.0
1712581620000,2.877e-05,2.877e-05,2.877e-05,2.877e-05,0.0
1712581680000,2.877e-05,2.877e-05,2.877e-05,2.877e-05,0.0
1712581740000,2.877e-05,2.877e-05,2.877e-05,2.877e-05,0.0
1712581800000,2.877e-05,2.877e-05,2.877e-05,2.877e-05,0.0
1712581860000,2.877e-05,2.877e-05,2.877e-05,2.877e-05,0.0
1712581920000,2.877e-05,2.877e-05,2.877e-05,2.877e-05,0.0
1712581980000,2.877e-05,2.877e-05,2.877e-05,2.877e-05,0.0
1712582040000,2.877e-05,2.877e-05,2.877e-05,2.877e-05,0.0
1712582100000,2.877e-05,2.877e-05,2.877e-05,2.877e-05,0.0
1712582160000,2.877e-05,2.877e-05,2.877e-05,2.877e-05,0.0
1712582220000,2.877e-05,2.877e-05,2.877e-05,2.877e-05,0.0
1712582280000,2.874e-05,2.875e-05,2.874e-05,2.875e-05,24793912.0
1712582340000,2.875e-05,2.875e-05,2.875e-05,2.875e-05,0.0
1712582400000,2.875e-05,2.875e-05,2.875e-05,2.875e-05,0.0
1712582460000,2.875e-05,2.875e-05,2.875e-05,2.875e-05,0.0
1712582520000,2.879e-05,2.879e-05,2.879e-05,2.879e-05,43407357.0
1712582580000,2.879e-05,2.879e-05,2.879e-05,2.879e-05,0.0
1712582640000,2.879e-05,2.879e-05,2.879e-05,2.879e-05,0.0
1712582700000,2.879e-05,2.879e-05,2.879e-05,2.879e-05,0.0
1712582760000,2.879e-05,2.879e-05,2.879e-05,2.879e-05,0.0
1712582820000,2.888e-05,2.888e-05,2.888e-05,2.888e-05,43282661.0
1712582880000,2.888e-05,2.888e-05,2.888e-05,2.888e-05,0.0
1712582940000,2.888e-05,2.888e-05,2.888e-05,2.888e-05,0.0
1712583000000,2.888e-05,2.888e-05,2.888e-05,2.888e-05,0.0
1712583060000,2.88e-05,2.885e-05,2.88e-05,2.885e-05,6060265.0
1712583120000,2.885e-05,2.885e-05,2.885e-05,2.885e-05,0.0
1712583180000,2.884e-05,2.884e-05,2.884e-05,2.884e-05,3154424.0
1712583240000,2.884e-05,2.884e-05,2.884e-05,2.884e-05,0.0
1712583300000,2.884e-05,2.884e-05,2.884e-05,2.884e-05,0.0
1712583360000,2.867e-05,2.867e-05,2.867e-05,2.867e-05,7122241.0
1712583420000,2.867e-05,2.867e-05,2.867e-05,2.867e-05,0.0
1712583480000,2.867e-05,2.867e-05,2.867e-05,2.867e-05,0.0
1712583540000,2.862e-05,2.862e-05,2.862e-05,2.862e-05,30000000.0
1712583600000,2.862e-05,2.862e-05,2.862e-05,2.862e-05,0.0
1712583660000,2.868e-05,2.868e-05,2.868e-05,2.868e-05,43583651.0
1712583720000,2.868e-05,2.868e-05,2.868e-05,2.868e-05,0.0
1712583780000,2.868e-05,2.868e-05,2.868e-05,2.868e-05,0.0
1712583840000,2.868e-05,2.868e-05,2.868e-05,2.868e-05,0.0
1712583900000,2.868e-05,2.868e-05,2.868e-05,2.868e-05,0.0
1712583960000,2.868e-05,2.868e-05,2.868e-05,2.868e-05,0.0
1712584020000,2.876e-05,2.876e-05,2.873e-05,2.873e-05,204631725.0
1712584080000,2.873e-05,2.873e-05,2.873e-05,2.873e-05,0.0
1712584140000,2.873e-05,2.873e-05,2.873e-05,2.873e-05,0.0
1712584200000,2.873e-05,2.873e-05,2.873e-05,2.873e-05,0.0
1712584260000,2.873e-05,2.873e-05,2.873e-05,2.873e-05,0.0
1712584320000,2.873e-05,2.873e-05,2.873e-05,2.873e-05,0.0
1712584380000,2.873e-05,2.873e-05,2.873e-05,2.873e-05,0.0
1712584440000,2.873e-05,2.873e-05,2.873e-05,2.873e-05,0.0
1712584500000,2.873e-05,2.873e-05,2.873e-05,2.873e-05,0.0
1712584560000,2.873e-05,2.873e-05,2.873e-05,2.873e-05,0.0
1712584620000,2.873e-05,2.873e-05,2.873e-05,2.873e-05,0.0
1712584680000,2.873e-05,2.873e-05,2.873e-05,2.873e-05,0.0
1712584740000,2.868e-05,2.868e-05,2.868e-05,2.868e-05,43583837.0
1712584800000,2.868e-05,2.868e-05,2.868e-05,2.868e-05,0.0
1712584860000,2.868e-05,2.868e-05,2.868e-05,2.868e-05,0.0
1712584920000,2.868e-05,2.868e-05,2.868e-05,2.868e-05,0.0
1712584980000,2.868e-05,2.868e-05,2.868e-05,2.868e-05,0.0
1712585040000,2.863e-05,2.863e-05,2.862e-05,2.862e-05,88376946.0
1712585100000,2.863e-05,2.863e-05,2.861e-05,2.861e-05,88376947.0
1712585160000,2.861e-05,2.861e-05,2.861e-05,2.861e-05,0.0
1712585220000,2.861e-05,2.861e-05,2.861e-05,2.861e-05,0.0
1712585280000,2.861e-05,2.861e-05,2.861e-05,2.861e-05,0.0
1712585340000,2.861e-05,2.861e-05,2.861e-05,2.861e-05,0.0
1712585400000,2.861e-05,2.861e-05,2.861e-05,2.861e-05,0.0
1712585460000,2.861e-05,2.861e-05,2.861e-05,2.861e-05,0.0
1712585520000,2.861e-05,2.861e-05,2.861e-05,2.861e-05,0.0
1712585580000,2.861e-05,2.861e-05,2.861e-05,2.861e-05,0.0
1712585640000,2.861e-05,2.861e-05,2.861e-05,2.861e-05,0.0
1712585700000,2.861e-05,2.861e-05,2.861e-05,2.861e-05,0.0
1712585760000,2.861e-05,2.861e-05,2.861e-05,2.861e-05,0.0
1712585820000,2.861e-05,2.861e-05,2.861e-05,2.861e-05,0.0
1712585880000,2.861e-05,2.861e-05,2.861e-05,2.861e-05,0.0
1712585940000,2.861e-05,2.861e-05,2.861e-05,2.861e-05,0.0
1712586000000,2.861e-05,2.861e-05,2.861e-05,2.861e-05,0.0
1712586060000,2.861e-05,2.861e-05,2.861e-05,2.861e-05,0.0
1712586120000,2.861e-05,2.861e-05,2.861e-05,2.861e-05,0.0
1712586180000,2.861e-05,2.861e-05,2.861e-05,2.861e-05,0.0
1712586240000,2.861e-05,2.861e-05,2.861e-05,2.861e-05,0.0
1712586300000,2.861e-05,2.861e-05,2.861e-05,2.861e-05,0.0
1712586360000,2.861e-05,2.861e-05,2.861e-05,2.861e-05,0.0
1712586420000,2.861e-05,2.861e-05,2.861e-05,2.861e-05,0.0
1712586480000,2.861e-05,2.861e-05,2.861e-05,2.861e-05,0.0
1712586540000,2.861e-05,2.861e-05,2.861e-05,2.861e-05,0.0
1712586600000,2.861e-05,2.861e-05,2.861e-05,2.861e-05,0.0
1712586660000,2.861e-05,2.861e-05,2.861e-05,2.861e-05,0.0
1712586720000,2.861e-05,2.861e-05,2.861e-05,2.861e-05,0.0
1712586780000,2.861e-05,2.861e-05,2.861e-05,2.861e-05,0.0
1712586840000,2.856e-05,2.856e-05,2.856e-05,2.856e-05,74243320.0
1712586900000,2.856e-05,2.856e-05,2.856e-05,2.856e-05,0.0
1712586960000,2.856e-05,2.856e-05,2.856e-05,2.856e-05,0.0
1712587020000,2.856e-05,2.856e-05,2.856e-05,2.856e-05,0.0
1712587080000,2.856e-05,2.856e-05,2.856e-05,2.856e-05,0.0
1712587140000,2.856e-05,2.856e-05,2.856e-05,2.856e-05,0.0
1712587200000,2.856e-05,2.856e-05,2.856e-05,2.856e-05,0.0
1712587260000,2.856e-05,2.856e-05,2.856e-05,2.856e-05,0.0
1712587320000,2.853e-05,2.853e-05,2.853e-05,2.853e-05,46621267.0
1712587380000,2.853e-05,2.853e-05,2.853e-05,2.853e-05,0.0
1712587440000,2.844e-05,2.845e-05,2.844e-05,2.845e-05,87887061.0
1712587500000,2.845e-05,2.845e-05,2.845e-05,2.845e-05,0.0
1712587560000,2.845e-05,2.845e-05,2.845e-05,2.845e-05,0.0
1712587620000,2.845e-05,2.845e-05,2.845e-05,2.845e-05,0.0
1712587680000,2.845e-05,2.845e-05,2.845e-05,2.845e-05,0.0
1712587740000,2.845e-05,2.845e-05,2.845e-05,2.845e-05,0.0
1712587800000,2.845e-05,2.845e-05,2.845e-05,2.845e-05,0.0
1712587860000,2.845e-05,2.845e-05,2.845e-05,2.845e-05,0.0
1712587920000,2.845e-05,2.845e-05,2.845e-05,2.845e-05,0.0
1712587980000,2.856e-05,2.856e-05,2.855e-05,2.855e-05,65195906.0
1712588040000,2.855e-05,2.855e-05,2.855e-05,2.855e-05,0.0
1712588100000,2.859e-05,2.859e-05,2.859e-05,2.859e-05,10786290.0
1712588160000,2.859e-05,2.859e-05,2.859e-05,2.859e-05,0.0
1712588220000,2.858e-05,2.858e-05,2.858e-05,2.858e-05,32896551.0
1712588280000,2.862e-05,2.862e-05,2.862e-05,2.862e-05,4804496.0
1712588340000,2.862e-05,2.862e-05,2.862e-05,2.862e-05,0.0
1712588400000,2.862e-05,2.862e-05,2.862e-05,2.862e-05,0.0
1712588460000,2.862e-05,2.862e-05,2.862e-05,2.862e-05,1664371.0
1712588520000,2.862e-05,2.862e-05,2.862e-05,2.862e-05,0.0
1712588580000,2.862e-05,2.862e-05,2.862e-05,2.862e-05,0.0
1712588640000,2.862e-05,2.862e-05,2.862e-05,2.862e-05,0.0
1712588700000,2.862e-05,2.862e-05,2.862e-05,2.862e-05,0.0
1712588760000,2.862e-05,2.862e-05,2.862e-05,2.862e-05,0.0
1712588820000,2.862e-05,2.862e-05,2.862e-05,2.862e-05,0.0
1712588880000,2.862e-05,2.862e-05,2.862e-05,2.862e-05,0.0
1712588940000,2.862e-05,2.862e-05,2.862e-05,2.862e-05,0.0
1712589000000,2.862e-05,2.862e-05,2.862e-05,2.862e-05,0.0
1712589060000,2.862e-05,2.862e-05,2.862e-05,2.862e-05,0.0
1712589120000,2.862e-05,2.862e-05,2.862e-05,2.862e-05,0.0
1712589180000,2.862e-05,2.862e-05,2.862e-05,2.862e-05,0.0
1712589240000,2.862e-05,2.862e-05,2.862e-05,2.862e-05,0.0
1712589300000,2.862e-05,2.862e-05,2.862e-05,2.862e-05,0.0
1712589360000,2.87e-05,2.872e-05,2.87e-05,2.872e-05,104616003.0
1712589420000,2.872e-05,2.872e-05,2.872e-05,2.872e-05,0.0
1712589480000,2.872e-05,2.872e-05,2.872e-05,2.872e-05,0.0
1712589540000,2.872e-05,2.872e-05,2.872e-05,2.872e-05,0.0
1712589600000,2.863e-05,2.863e-05,2.863e-05,2.863e-05,3491992.0
1712589660000,2.863e-05,2.863e-05,2.863e-05,2.863e-05,0.0
1712589720000,2.863e-05,2.863e-05,2.863e-05,2.863e-05,0.0
1712589780000,2.863e-05,2.863e-05,2.863e-05,2.863e-05,0.0
1712589840000,2.863e-05,2.863e-05,2.863e-05,2.863e-05,0.0
1712589900000,2.863e-05,2.863e-05,2.863e-05,2.863e-05,0.0
1712589960000,2.863e-05,2.863e-05,2.863e-05,2.863e-05,0.0
1712590020000,2.863e-05,2.863e-05,2.863e-05,2.863e-05,0.0
1712590080000,2.863e-05,2.863e-05,2.863e-05,2.863e-05,0.0
1712590140000,2.863e-05,2.863e-05,2.863e-05,2.863e-05,0.0
1712590200000,2.863e-05,2.863e-05,2.863e-05,2.863e-05,0.0
1712590260000,2.863e-05,2.863e-05,2.863e-05,2.863e-05,0.0
1712590320000,2.863e-05,2.863e-05,2.863e-05,2.863e-05,0.0
1712590380000,2.863e-05,2.863e-05,2.863e-05,2.863e-05,0.0
1712590440000,2.863e-05,2.863e-05,2.863e-05,2.863e-05,0.0
1712590500000,2.863e-05,2.863e-05,2.863e-05,2.863e-05,0.0
1712590560000,2.863e-05,2.863e-05,2.863e-05,2.863e-05,0.0
1712590620000,2.863e-05,2.863e-05,2.863e-05,2.863e-05,0.0
1712590680000,2.863e-05,2.863e-05,2.863e-05,2.863e-05,0.0
1712590740000,2.863e-05,2.863e-05,2.863e-05,2.863e-05,0.0
1712590800000,2.863e-05,2.863e-05,2.863e-05,2.863e-05,0.0
1712590860000,2.863e-05,2.863e-05,2.863e-05,2.863e-05,0.0
1712590920000,2.863e-05,2.863e-05,2.863e-05,2.863e-05,0.0
1712590980000,2.859e-05,2.859e-05,2.859e-05,2.859e-05,2520064.0
1712591040000,2.859e-05,2.859e-05,2.859e-05,2.859e-05,0.0
1712591100000,2.859e-05,2.859e-05,2.859e-05,2.859e-05,0.0
1712591160000,2.859e-05,2.859e-05,2.859e-05,2.859e-05,0.0
1712591220000,2.859e-05,2.859e-05,2.859e-05,2.859e-05,0.0
1712591280000,2.859e-05,2.859e-05,2.859e-05,2.859e-05,0.0
1712591340000,2.859e-05,2.859e-05,2.859e-05,2.859e-05,0.0
1712591400000,2.863e-05,2.863e-05,2.863e-05,2.863e-05,3132207.0
1712591460000,2.863e-05,2.863e-05,2.863e-05,2.863e-05,0.0
1712591520000,2.863e-05,2.863e-05,2.863e-05,2.863e-05,0.0
1712591580000,2.863e-05,2.863e-05,2.863e-05,2.863e-05,0.0
1712591640000,2.863e-05,2.863e-05,2.863e-05,2.863e-05,0.0
1712591700000,2.863e-05,2.863e-05,2.863e-05,2.863e-05,0.0
1712591760000,2.863e-05,2.863e-05,2.863e-05,2.863e-05,0.0
1712591820000,2.863e-05,2.863e-05,2.863e-05,2.863e-05,0.0
1712591880000,2.863e-05,2.863e-05,2.863e-05,2.863e-05,0.0
1712591940000,2.863e-05,2.863e-05,2.863e-05,2.863e-05,0.0
1712592000000,2.863e-05,2.863e-05,2.863e-05,2.863e-05,0.0
1712592060000,2.863e-05,2.863e-05,2.863e-05,2.863e-05,0.0
1712592120000,2.876e-05,2.876e-05,2.876e-05,2.876e-05,70559907.0
1712592180000,2.876e-05,2.876e-05,2.876e-05,2.876e-05,0.0
1712592240000,2.876e-05,2.876e-05,2.876e-05,2.876e-05,0.0
1712592300000,2.876e-05,2.876e-05,2.876e-05,2.876e-05,0.0
1712592360000,2.876e-05,2.876e-05,2.876e-05,2.876e-05,0.0
1712592420000,2.876e-05,2.876e-05,2.876e-05,2.876e-05,0.0
1712592480000,2.876e-05,2.876e-05,2.876e-05,2.876e-05,0.0
1712592540000,2.876e-05,2.876e-05,2.876e-05,2.876e-05,0.0
1712592600000,2.876e-05,2.876e-05,2.876e-05,2.876e-05,0.0
1712592660000,2.876e-05,2.876e-05,2.876e-05,2.876e-05,0.0
1712592720000,2.88e-05,2.88e-05,2.88e-05,2.88e-05,960918.0
1712592780000,2.878e-05,2.878e-05,2.878e-05,2.878e-05,3460791.0
1712592840000,2.878e-05,2.878e-05,2.878e-05,2.878e-05,0.0
1712592900000,2.878e-05,2.878e-05,2.878e-05,2.878e-05,0.0
1712592960000,2.878e-05,2.878e-05,2.878e-05,2.878e-05,0.0
1712593020000,2.878e-05,2.878e-05,2.878e-05,2.878e-05,0.0
1712593080000,2.878e-05,2.878e-05,2.878e-05,2.878e-05,0.0
1712593140000,2.878e-05,2.878e-05,2.878e-05,2.878e-05,0.0
1712593200000,2.878e-05,2.878e-05,2.878e-05,2.878e-05,0.0
1712593260000,2.878e-05,2.878e-05,2.878e-05,2.878e-05,0.0
1712593320000,2.878e-05,2.878e-05,2.878e-05,2.878e-05,0.0
1712593380000,2.878e-05,2.878e-05,2.878e-05,2.878e-05,0.0
1712593440000,2.878e-05,2.878e-05,2.878e-05,2.878e-05,0.0
1712593500000,2.878e-05,2.878e-05,2.878e-05,2.878e-05,0.0
1712593560000,2.878e-05,2.878e-05,2.878e-05,2.878e-05,0.0
1712593620000,2.878e-05,2.878e-05,2.878e-05,2.878e-05,0.0
1712593680000,2.878e-05,2.878e-05,2.878e-05,2.878e-05,0.0
1712593740000,2.878e-05,2.878e-05,2.878e-05,2.878e-05,0.0
1712593800000,2.878e-05,2.878e-05,2.878e-05,2.878e-05,0.0
1712593860000,2.878e-05,2.878e-05,2.878e-05,2.878e-05,0.0
1712593920000,2.878e-05,2.878e-05,2.878e-05,2.878e-05,0.0
1712593980000,2.878e-05,2.878e-05,2.878e-05,2.878e-05,0.0
1712594040000,2.878e-05,2.878e-05,2.878e-05,2.878e-05,0.0
1712594100000,2.878e-05,2.878e-05,2.878e-05,2.878e-05,0.0
1712594160000,2.878e-05,2.878e-05,2.878e-05,2.878e-05,0.0
1712594220000,2.878e-05,2.878e-05,2.878e-05,2.878e-05,0.0
1712594280000,2.878e-05,2.878e-05,2.878e-05,2.878e-05,0.0
1712594340000,2.872e-05,2.872e-05,2.872e-05,2.872e-05,1007000.0
1712594400000,2.872e-05,2.872e-05,2.872e-05,2.872e-05,0.0
1712594460000,2.872e-05,2.872e-05,2.872e-05,2.872e-05,0.0
1712594520000,2.872e-05,2.872e-05,2.872e-05,2.872e-05,0.0
1712594580000,2.872e-05,2.872e-05,2.872e-05,2.872e-05,0.0
1712594640000,2.872e-05,2.872e-05,2.872e-05,2.872e-05,0.0
1712594700000,2.872e-05,2.872e-05,2.872e-05,2.872e-05,0.0
1712594760000,2.872e-05,2.872e-05,2.872e-05,2.872e-05,0.0
1712594820000,2.872e-05,2.872e-05,2.872e-05,2.872e-05,0.0
1712594880000,2.868e-05,2.868e-05,2.868e-05,2.868e-05,4172281.0
1712594940000,2.868e-05,2.868e-05,2.868e-05,2.868e-05,0.0
1712595000000,2.868e-05,2.868e-05,2.868e-05,2.868e-05,0.0
1712595060000,2.868e-05,2.868e-05,2.868e-05,2.868e-05,0.0
1712595120000,2.868e-05,2.868e-05,2.868e-05,2.868e-05,0.0
1712595180000,2.868e-05,2.868e-05,2.868e-05,2.868e-05,0.0
1712595240000,2.868e-05,2.868e-05,2.868e-05,2.868e-05,0.0
1712595300000,2.868e-05,2.868e-05,2.868e-05,2.868e-05,0.0
1712595360000,2.868e-05,2.868e-05,2.868e-05,2.868e-05,0.0
1712595420000,2.863e-05,2.863e-05,2.863e-05,2.863e-05,2146845.0
1712595480000,2.863e-05,2.863e-05,2.863e-05,2.863e-05,0.0
1712595540000,2.863e-05,2.863e-05,2.863e-05,2.863e-05,0.0
1712595600000,2.863e-05,2.863e-05,2.863e-05,2.863e-05,0.0
1712595660000,2.863e-05,2.863e-05,2.863e-05,2.863e-05,0.0
1712595720000,2.863e-05,2.863e-05,2.863e-05,2.863e-05,0.0
1712595780000,2.863e-05,2.863e-05,2.863e-05,2.863e-05,0.0
1712595840000,2.863e-05,2.863e-05,2.863e-05,2.863e-05,0.0
1712595900000,2.863e-05,2.863e-05,2.863e-05,2.863e-05,0.0
1712595960000,2.863e-05,2.863e-05,2.863e-05,2.863e-05,0.0
1712596020000,2.863e-05,2.863e-05,2.863e-05,2.863e-05,0.0
1712596080000,2.863e-05,2.863e-05,2.863e-05,2.863e-05,0.0
1712596140000,2.863e-05,2.863e-05,2.863e-05,2.863e-05,0.0
1712596200000,2.861e-05,2.861e-05,2.861e-05,2.861e-05,2905586.0
1712596260000,2.861e-05,2.861e-05,2.861e-05,2.861e-05,0.0
1712596320000,2.861e-05,2.861e-05,2.861e-05,2.861e-05,0.0
1712596380000,2.861e-05,2.861e-05,2.861e-05,2.861e-05,0.0
1712596440000,2.861e-05,2.861e-05,2.861e-05,2.861e-05,0.0
1712596500000,2.861e-05,2.861e-05,2.861e-05,2.861e-05,0.0
1712596560000,2.861e-05,2.861e-05,2.861e-05,2.861e-05,0.0
1712596620000,2.861e-05,2.861e-05,2.861e-05,2.861e-05,0.0
1712596680000,2.861e-05,2.861e-05,2.861e-05,2.861e-05,0.0
1712596740000,2.861e-05,2.861e-05,2.861e-05,2.861e-05,0.0
1712596800000,2.861e-05,2.861e-05,2.861e-05,2.861e-05,0.0
1712596860000,2.861e-05,2.861e-05,2.861e-05,2.861e-05,0.0
1712596920000,2.853e-05,2.853e-05,2.853e-05,2.853e-05,2583617.0
1712596980000,2.853e-05,2.853e-05,2.853e-05,2.853e-05,0.0
1712597040000,2.853e-05,2.853e-05,2.853e-05,2.853e-05,0.0
1712597100000,2.853e-05,2.853e-05,2.853e-05,2.853e-05,0.0
1712597160000,2.853e-05,2.853e-05,2.853e-05,2.853e-05,0.0
1712597220000,2.853e-05,2.853e-05,2.853e-05,2.853e-05,0.0
1712597280000,2.853e-05,2.853e-05,2.853e-05,2.853e-05,0.0
1712597340000,2.853e-05,2.853e-05,2.853e-05,2.853e-05,0.0
1712597400000,2.853e-05,2.853e-05,2.853e-05,2.853e-05,0.0
1712597460000,2.853e-05,2.853e-05,2.853e-05,2.853e-05,0.0
1712597520000,2.853e-05,2.853e-05,2.853e-05,2.853e-05,0.0
1712597580000,2.853e-05,2.853e-05,2.853e-05,2.853e-05,0.0
1712597640000,2.853e-05,2.853e-05,2.853e-05,2.853e-05,0.0
1712597700000,2.853e-05,2.853e-05,2.853e-05,2.853e-05,0.0
1712597760000,2.853e-05,2.853e-05,2.853e-05,2.853e-05,0.0
1712597820000,2.853e-05,2.853e-05,2.853e-05,2.853e-05,0.0
1712597880000,2.853e-05,2.853e-05,2.853e-05,2.853e-05,0.0
1712597940000,2.853e-05,2.853e-05,2.853e-05,2.853e-05,0.0
1712598000000,2.853e-05,2.853e-05,2.853e-05,2.853e-05,0.0
1712598060000,2.853e-05,2.853e-05,2.853e-05,2.853e-05,0.0
1712598120000,2.853e-05,2.853e-05,2.853e-05,2.853e-05,0.0
1712598180000,2.853e-05,2.853e-05,2.853e-05,2.853e-05,0.0
1712598240000,2.853e-05,2.853e-05,2.853e-05,2.853e-05,0.0
1712598300000,2.853e-05,2.853e-05,2.853e-05,2.853e-05,0.0
1712598360000,2.853e-05,2.853e-05,2.853e-05,2.853e-05,0.0
1712598420000,2.853e-05,2.853e-05,2.853e-05,2.853e-05,0.0
1712598480000,2.853e-05,2.853e-05,2.853e-05,2.853e-05,0.0
1712598540000,2.853e-05,2.853e-05,2.853e-05,2.853e-05,0.0
1712598600000,2.853e-05,2.853e-05,2.853e-05,2.853e-05,0.0
1712598660000,2.853e-05,2.853e-05,2.853e-05,2.853e-05,0.0
1712598720000,2.861e-05,2.861e-05,2.861e-05,2.861e-05,1065000.0
1712598780000,2.861e-05,2.861e-05,2.861e-05,2.861e-05,0.0
1712598840000,2.861e-05,2.861e-05,2.861e-05,2.861e-05,0.0
1712598900000,2.861e-05,2.861e-05,2.861e-05,2.861e-05,0.0
1712598960000,2.861e-05,2.861e-05,2.861e-05,2.861e-05,0.0
1712599020000,2.861e-05,2.861e-05,2.861e-05,2.861e-05,0.0
1712599080000,2.861e-05,2.861e-05,2.861e-05,2.861e-05,0.0
1712599140000,2.861e-05,2.861e-05,2.861e-05,2.861e-05,0.0
1712599200000,2.873e-05,2.873e-05,2.873e-05,2.873e-05,2644350.0
1712599260000,2.869e-05,2.869e-05,2.869e-05,2.869e-05,1000000.0
1712599320000,2.869e-05,2.869e-05,2.869e-05,2.869e-05,0.0
1712599380000,2.869e-05,2.869e-05,2.869e-05,2.869e-05,0.0
1712599440000,2.869e-05,2.869e-05,2.869e-05,2.869e-05,0.0
1712599500000,2.869e-05,2.869e-05,2.869e-05,2.869e-05,0.0
1712599560000,2.869e-05,2.869e-05,2.869e-05,2.869e-05,0.0
1712599620000,2.869e-05,2.869e-05,2.869e-05,2.869e-05,0.0
1712599680000,2.88e-05,2.88e-05,2.88e-05,2.88e-05,30000000.0
1712599740000,2.878e-05,2.878e-05,2.878e-05,2.878e-05,3749563.0
1712599800000,2.878e-05,2.878e-05,2.878e-05,2.878e-05,0.0
1712599860000,2.878e-05,2.878e-05,2.878e-05,2.878e-05,0.0
1712599920000,2.878e-05,2.878e-05,2.878e-05,2.878e-05,0.0
1712599980000,2.878e-05,2.878e-05,2.878e-05,2.878e-05,0.0
1712600040000,2.878e-05,2.878e-05,2.878e-05,2.878e-05,0.0
1712600100000,2.878e-05,2.878e-05,2.878e-05,2.878e-05,0.0
1712600160000,2.878e-05,2.878e-05,2.878e-05,2.878e-05,0.0
1712600220000,2.878e-05,2.878e-05,2.878e-05,2.878e-05,0.0
1712600280000,2.878e-05,2.878e-05,2.878e-05,2.878e-05,0.0
1712600340000,2.878e-05,2.878e-05,2.878e-05,2.878e-05,0.0
1712600400000,2.878e-05,2.878e-05,2.878e-05,2.878e-05,0.0
1712600460000,2.878e-05,2.878e-05,2.878e-05,2.878e-05,0.0
1712600520000,2.878e-05,2.878e-05,2.878e-05,2.878e-05,0.0
1712600580000,2.878e-05,2.878e-05,2.878e-05,2.878e-05,0.0
1712600640000,2.878e-05,2.878e-05,2.878e-05,2.878e-05,0.0
1712600700000,2.878e-05,2.878e-05,2.878e-05,2.878e-05,0.0
1712600760000,2.878e-05,2.878e-05,2.878e-05,2.878e-05,0.0
1712600820000,2.878e-05,2.878e-05,2.878e-05,2.878e-05,0.0
1712600880000,2.878e-05,2.878e-05,2.878e-05,2.878e-05,0.0
1712600940000,2.883e-05,2.883e-05,2.883e-05,2.883e-05,57363594.0
1712601000000,2.883e-05,2.883e-05,2.883e-05,2.883e-05,0.0
1712601060000,2.883e-05,2.883e-05,2.883e-05,2.883e-05,0.0
1712601120000,2.883e-05,2.883e-05,2.883e-05,2.883e-05,0.0
1712601180000,2.883e-05,2.883e-05,2.883e-05,2.883e-05,0.0
1712601240000,2.883e-05,2.883e-05,2.883e-05,2.883e-05,0.0
1712601300000,2.883e-05,2.883e-05,2.883e-05,2.883e-05,0.0
1712601360000,2.883e-05,2.883e-05,2.883e-05,2.883e-05,0.0
1712601420000,2.883e-05,2.883e-05,2.883e-05,2.883e-05,0.0
1712601480000,2.883e-05,2.883e-05,2.883e-05,2.883e-05,0.0
1712601540000,2.883e-05,2.883e-05,2.883e-05,2.883e-05,0.0
1712601600000,2.883e-05,2.883e-05,2.883e-05,2.883e-05,0.0
1712601660000,2.888e-05,2.888e-05,2.888e-05,2.888e-05,4559787.0
1712601720000,2.888e-05,2.888e-05,2.888e-05,2.888e-05,0.0
1712601780000,2.888e-05,2.888e-05,2.888e-05,2.888e-05,0.0
1712601840000,2.888e-05,2.888e-05,2.888e-05,2.888e-05,0.0
1712601900000,2.888e-05,2.888e-05,2.888e-05,2.888e-05,0.0
1712601960000,2.888e-05,2.888e-05,2.888e-05,2.888e-05,0.0
1712602020000,2.888e-05,2.888e-05,2.888e-05,2.888e-05,0.0
1712602080000,2.888e-05,2.888e-05,2.888e-05,2.888e-05,0.0
1712602140000,2.888e-05,2.888e-05,2.888e-05,2.888e-05,0.0
1712602200000,2.888e-05,2.888e-05,2.888e-05,2.888e-05,0.0
1712602260000,2.888e-05,2.888e-05,2.888e-05,2.888e-05,0.0
1712602320000,2.888e-05,2.888e-05,2.888e-05,2.888e-05,0.0
1712602380000,2.888e-05,2.888e-05,2.888e-05,2.888e-05,0.0
1712602440000,2.888e-05,2.888e-05,2.888e-05,2.888e-05,0.0
1712602500000,2.888e-05,2.888e-05,2.888e-05,2.888e-05,0.0
1712602560000,2.888e-05,2.888e-05,2.888e-05,2.888e-05,0.0
1712602620000,2.888e-05,2.888e-05,2.888e-05,2.888e-05,0.0
1712602680000,2.888e-05,2.888e-05,2.888e-05,2.888e-05,0.0
1712602740000,2.888e-05,2.888e-05,2.888e-05,2.888e-05,0.0
1712602800000,2.888e-05,2.888e-05,2.888e-05,2.888e-05,0.0
1712602860000,2.888e-05,2.888e-05,2.888e-05,2.888e-05,0.0
1712602920000,2.888e-05,2.888e-05,2.888e-05,2.888e-05,0.0
1712602980000,2.874e-05,2.874e-05,2.874e-05,2.874e-05,213942.0
1712603040000,2.874e-05,2.874e-05,2.874e-05,2.874e-05,0.0
1712603100000,2.874e-05,2.874e-05,2.874e-05,2.874e-05,0.0
1712603160000,2.874e-05,2.874e-05,2.874e-05,2.874e-05,0.0
1712603220000,2.873e-05,2.873e-05,2.873e-05,2.873e-05,862450.0
1712603280000,2.873e-05,2.873e-05,2.873e-05,2.873e-05,0.0
1712603340000,2.873e-05,2.873e-05,2.873e-05,2.873e-05,0.0
1712603400000,2.873e-05,2.873e-05,2.873e-05,2.873e-05,0.0
1712603460000,2.873e-05,2.873e-05,2.873e-05,2.873e-05,0.0
1712603520000,2.873e-05,2.873e-05,2.873e-05,2.873e-05,0.0
1712603580000,2.873e-05,2.873e-05,2.873e-05,2.873e-05,0.0
1712603640000,2.873e-05,2.873e-05,2.873e-05,2.873e-05,0.0
1712603700000,2.873e-05,2.873e-05,2.873e-05,2.873e-05,0.0
1712603760000,2.873e-05,2.873e-05,2.873e-05,2.873e-05,0.0
1712603820000,2.873e-05,2.873e-05,2.873e-05,2.873e-05,0.0
1712603880000,2.873e-05,2.873e-05,2.873e-05,2.873e-05,0.0
1712603940000,2.873e-05,2.873e-05,2.873e-05,2.873e-05,0.0
1712604000000,2.873e-05,2.873e-05,2.873e-05,2.873e-05,0.0
1712604060000,2.873e-05,2.873e-05,2.873e-05,2.873e-05,0.0
1712604120000,2.873e-05,2.873e-05,2.873e-05,2.873e-05,0.0
1712604180000,2.873e-05,2.873e-05,2.873e-05,2.873e-05,0.0
1712604240000,2.873e-05,2.873e-05,2.873e-05,2.873e-05,0.0
1712604300000,2.873e-05,2.873e-05,2.873e-05,2.873e-05,0.0
1712604360000,2.866e-05,2.866e-05,2.864e-05,2.864e-05,172335104.0
1712604420000,2.864e-05,2.864e-05,2.864e-05,2.864e-05,0.0
1712604480000,2.864e-05,2.864e-05,2.864e-05,2.864e-05,0.0
1712604540000,2.864e-05,2.864e-05,2.864e-05,2.864e-05,0.0
1712604600000,2.864e-05,2.864e-05,2.864e-05,2.864e-05,0.0
1712604660000,2.864e-05,2.864e-05,2.864e-05,2.864e-05,0.0
1712604720000,2.864e-05,2.864e-05,2.864e-05,2.864e-05,0.0
1712604780000,2.864e-05,2.864e-05,2.864e-05,2.864e-05,0.0
1712604840000,2.864e-05,2.864e-05,2.864e-05,2.864e-05,0.0
1712604900000,2.864e-05,2.864e-05,2.864e-05,2.864e-05,0.0
1712604960000,2.864e-05,2.864e-05,2.864e-05,2.864e-05,0.0
1712605020000,2.866e-05,2.866e-05,2.866e-05,2.866e-05,121680429.0
1712605080000,2.866e-05,2.866e-05,2.866e-05,2.866e-05,0.0
1712605140000,2.866e-05,2.866e-05,2.866e-05,2.866e-05,0.0
1712605200000,2.866e-05,2.866e-05,2.866e-05,2.866e-05,0.0
1712605260000,2.866e-05,2.866e-05,2.866e-05,2.866e-05,0.0
1712605320000,2.866e-05,2.866e-05,2.866e-05,2.866e-05,0.0
1712605380000,2.866e-05,2.866e-05,2.866e-05,2.866e-05,0.0
1712605440000,2.866e-05,2.866e-05,2.866e-05,2.866e-05,0.0
1712605500000,2.866e-05,2.866e-05,2.866e-05,2.866e-05,0.0
1712605560000,2.866e-05,2.866e-05,2.866e-05,2.866e-05,0.0
1712605620000,2.866e-05,2.866e-05,2.866e-05,2.866e-05,0.0
1712605680000,2.866e-05,2.866e-05,2.866e-05,2.866e-05,0.0
1712605740000,2.866e-05,2.866e-05,2.866e-05,2.866e-05,0.0
1712605800000,2.866e-05,2.866e-05,2.866e-05,2.866e-05,0.0
1712605860000,2.866e-05,2.866e-05,2.866e-05,2.866e-05,0.0
1712605920000,2.866e-05,2.866e-05,2.866e-05,2.866e-05,0.0
1712605980000,2.866e-05,2.866e-05,2.866e-05,2.866e-05,0.0
1712606040000,2.866e-05,2.866e-05,2.866e-05,2.866e-05,0.0
1712606100000,2.866e-05,2.866e-05,2.866e-05,2.866e-05,0.0
1712606160000,2.866e-05,2.866e-05,2.866e-05,2.866e-05,0.0
1712606220000,2.866e-05,2.866e-05,2.866e-05,2.866e-05,0.0
1712606280000,2.866e-05,2.866e-05,2.866e-05,2.866e-05,0.0
1712606340000,2.866e-05,2.866e-05,2.866e-05,2.866e-05,0.0
1712606400000,2.866e-05,2.866e-05,2.866e-05,2.866e-05,0.0
1712606460000,2.866e-05,2.866e-05,2.866e-05,2.866e-05,0.0
1712606520000,2.866e-05,2.866e-05,2.866e-05,2.866e-05,0.0
1712606580000,2.866e-05,2.866e-05,2.866e-05,2.866e-05,0.0
1712606640000,2.866e-05,2.866e-05,2.866e-05,2.866e-05,0.0
1712606700000,2.866e-05,2.866e-05,2.866e-05,2.866e-05,0.0
1712606760000,2.866e-05,2.866e-05,2.866e-05,2.866e-05,0.0
1712606820000,2.866e-05,2.866e-05,2.866e-05,2.866e-05,0.0
1712606880000,2.866e-05,2.866e-05,2.866e-05,2.866e-05,0.0
1712606940000,2.866e-05,2.866e-05,2.866e-05,2.866e-05,0.0
1712607000000,2.859e-05,2.859e-05,2.859e-05,2.859e-05,697297.0
1712607060000,2.859e-05,2.859e-05,2.859e-05,2.859e-05,0.0
1712607120000,2.865e-05,2.865e-05,2.865e-05,2.865e-05,55737824.0
1712607180000,2.865e-05,2.865e-05,2.865e-05,2.865e-05,0.0
1712607240000,2.865e-05,2.865e-05,2.865e-05,2.865e-05,0.0
1712607300000,2.865e-05,2.865e-05,2.865e-05,2.865e-05,0.0
1712607360000,2.865e-05,2.865e-05,2.865e-05,2.865e-05,0.0
1712607420000,2.865e-05,2.865e-05,2.865e-05,2.865e-05,0.0
1712607480000,2.865e-05,2.865e-05,2.865e-05,2.865e-05,0.0
1712607540000,2.865e-05,2.865e-05,2.865e-05,2.865e-05,0.0
1712607600000,2.865e-05,2.865e-05,2.865e-05,2.865e-05,0.0
1712607660000,2.865e-05,2.865e-05,2.865e-05,2.865e-05,0.0
1712607720000,2.865e-05,2.865e-05,2.865e-05,2.865e-05,0.0
1712607780000,2.865e-05,2.865e-05,2.865e-05,2.865e-05,0.0
1712607840000,2.865e-05,2.865e-05,2.865e-05,2.865e-05,0.0
1712607900000,2.865e-05,2.865e-05,2.865e-05,2.865e-05,0.0
1712607960000,2.865e-05,2.865e-05,2.865e-05,2.865e-05,0.0
1712608020000,2.865e-05,2.865e-05,2.865e-05,2.865e-05,0.0
1712608080000,2.865e-05,2.865e-05,2.865e-05,2.865e-05,0.0
1712608140000,2.865e-05,2.865e-05,2.865e-05,2.865e-05,0.0
1712608200000,2.865e-05,2.865e-05,2.865e-05,2.865e-05,0.0
1712608260000,2.865e-05,2.865e-05,2.865e-05,2.865e-05,0.0
1712608320000,2.865e-05,2.865e-05,2.865e-05,2.865e-05,0.0
1712608380000,2.865e-05,2.865e-05,2.865e-05,2.865e-05,0.0
1712608440000,2.865e-05,2.865e-05,2.865e-05,2.865e-05,0.0
1712608500000,2.865e-05,2.865e-05,2.865e-05,2.865e-05,0.0
1712608560000,2.865e-05,2.865e-05,2.865e-05,2.865e-05,0.0
1712608620000,2.865e-05,2.865e-05,2.865e-05,2.865e-05,0.0
1712608680000,2.863e-05,2.863e-05,2.862e-05,2.862e-05,70559907.0
1712608740000,2.862e-05,2.862e-05,2.862e-05,2.862e-05,0.0
1712608800000,2.862e-05,2.862e-05,2.862e-05,2.862e-05,0.0
1712608860000,2.862e-05,2.862e-05,2.862e-05,2.862e-05,0.0
1712608920000,2.862e-05,2.862e-05,2.862e-05,2.862e-05,0.0
1712608980000,2.862e-05,2.862e-05,2.862e-05,2.862e-05,0.0
1712609040000,2.862e-05,2.862e-05,2.862e-05,2.862e-05,0.0
1712609100000,2.875e-05,2.875e-05,2.875e-05,2.875e-05,3662701.0
1712609160000,2.875e-05,2.875e-05,2.875e-05,2.875e-05,0.0
1712609220000,2.875e-05,2.875e-05,2.875e-05,2.875e-05,0.0
1712609280000,2.875e-05,2.875e-05,2.875e-05,2.875e-05,0.0
1712609340000,2.875e-05,2.875e-05,2.875e-05,2.875e-05,0.0
1712609400000,2.875e-05,2.875e-05,2.875e-05,2.875e-05,0.0
1712609460000,2.875e-05,2.875e-05,2.875e-05,2.875e-05,0.0
1712609520000,2.875e-05,2.875e-05,2.875e-05,2.875e-05,0.0
1712609580000,2.875e-05,2.875e-05,2.875e-05,2.875e-05,0.0
1712609640000,2.875e-05,2.875e-05,2.875e-05,2.875e-05,0.0
1712609700000,2.875e-05,2.875e-05,2.875e-05,2.875e-05,0.0
1712609760000,2.875e-05,2.875e-05,2.875e-05,2.875e-05,0.0
1712609820000,2.874e-05,2.874e-05,2.874e-05,2.874e-05,2942375.0
1712609880000,2.874e-05,2.874e-05,2.874e-05,2.874e-05,0.0
1712609940000,2.874e-05,2.874e-05,2.874e-05,2.874e-05,0.0
1712610000000,2.874e-05,2.874e-05,2.874e-05,2.874e-05,0.0
1712610060000,2.874e-05,2.874e-05,2.874e-05,2.874e-05,0.0
1712610120000,2.874e-05,2.874e-05,2.874e-05,2.874e-05,0.0
1712610180000,2.874e-05,2.874e-05,2.874e-05,2.874e-05,0.0
1712610240000,2.874e-05,2.874e-05,2.874e-05,2.874e-05,0.0
1712610300000,2.874e-05,2.874e-05,2.874e-05,2.874e-05,0.0
1712610360000,2.874e-05,2.874e-05,2.874e-05,2.874e-05,0.0
1712610420000,2.872e-05,2.872e-05,2.872e-05,2.872e-05,8698677.0
1712610480000,2.872e-05,2.872e-05,2.872e-05,2.872e-05,0.0
1712610540000,2.871e-05,2.871e-05,2.871e-05,2.871e-05,8704735.0
1712610600000,2.871e-05,2.871e-05,2.871e-05,2.871e-05,0.0
1712610660000,2.871e-05,2.871e-05,2.871e-05,2.871e-05,0.0
1712610720000,2.871e-05,2.871e-05,2.871e-05,2.871e-05,8704735.0
1712610780000,2.871e-05,2.871e-05,2.871e-05,2.871e-05,0.0
1712610840000,2.871e-05,2.871e-05,2.871e-05,2.871e-05,0.0
1712610900000,2.871e-05,2.871e-05,2.871e-05,2.871e-05,0.0
1712610960000,2.871e-05,2.871e-05,2.871e-05,2.871e-05,0.0
1712611020000,2.871e-05,2.871e-05,2.871e-05,2.871e-05,0.0
1712611080000,2.871e-05,2.871e-05,2.871e-05,2.871e-05,0.0
1712611140000,2.871e-05,2.872e-05,2.871e-05,2.872e-05,71708541.0
1712611200000,2.872e-05,2.872e-05,2.872e-05,2.872e-05,0.0
1712611260000,2.872e-05,2.872e-05,2.872e-05,2.872e-05,0.0
1712611320000,2.872e-05,2.872e-05,2.872e-05,2.872e-05,0.0
1712611380000,2.872e-05,2.872e-05,2.872e-05,2.872e-05,0.0
1712611440000,2.88e-05,2.88e-05,2.88e-05,2.88e-05,43403386.0
1712611500000,2.88e-05,2.88e-05,2.88e-05,2.88e-05,0.0
1712611560000,2.88e-05,2.88e-05,2.88e-05,2.88e-05,0.0
1712611620000,2.88e-05,2.88e-05,2.88e-05,2.88e-05,0.0
1712611680000,2.88e-05,2.88e-05,2.88e-05,2.88e-05,0.0
1712611740000,2.88e-05,2.88e-05,2.88e-05,2.88e-05,0.0
1712611800000,2.88e-05,2.88e-05,2.88e-05,2.88e-05,0.0
1712611860000,2.88e-05,2.88e-05,2.88e-05,2.88e-05,0.0
1712611920000,2.88e-05,2.88e-05,2.88e-05,2.88e-05,0.0
1712611980000,2.88e-05,2.88e-05,2.88e-05,2.88e-05,0.0
1712612040000,2.88e-05,2.88e-05,2.88e-05,2.88e-05,0.0
1712612100000,2.88e-05,2.88e-05,2.88e-05,2.88e-05,0.0
1712612160000,2.88e-05,2.88e-05,2.88e-05,2.88e-05,0.0
1712612220000,2.88e-05,2.88e-05,2.88e-05,2.88e-05,0.0
1712612280000,2.88e-05,2.88e-05,2.88e-05,2.88e-05,0.0
1712612340000,2.88e-05,2.88e-05,2.88e-05,2.88e-05,0.0
1712612400000,2.88e-05,2.88e-05,2.88e-05,2.88e-05,0.0
1712612460000,2.88e-05,2.88e-05,2.88e-05,2.88e-05,0.0
1712612520000,2.876e-05,2.876e-05,2.876e-05,2.876e-05,1508272.0
1712612580000,2.876e-05,2.876e-05,2.876e-05,2.876e-05,0.0
1712612640000,2.875e-05,2.875e-05,2.875e-05,2.875e-05,6256756.0
1712612700000,2.875e-05,2.875e-05,2.875e-05,2.875e-05,0.0
1712612760000,2.875e-05,2.875e-05,2.875e-05,2.875e-05,0.0
1712612820000,2.875e-05,2.875e-05,2.875e-05,2.875e-05,0.0
1712612880000,2.875e-05,2.875e-05,2.875e-05,2.875e-05,0.0
1712612940000,2.875e-05,2.875e-05,2.875e-05,2.875e-05,0.0
1712613000000,2.875e-05,2.875e-05,2.875e-05,2.875e-05,0.0
1712613060000,2.875e-05,2.875e-05,2.875e-05,2.875e-05,0.0
1712613120000,2.875e-05,2.875e-05,2.875e-05,2.875e-05,0.0
1712613180000,2.875e-05,2.875e-05,2.875e-05,2.875e-05,0.0
1712613240000,2.875e-05,2.875e-05,2.875e-05,2.875e-05,0.0
1712613300000,2.875e-05,2.875e-05,2.875e-05,2.875e-05,0.0
1712613360000,2.875e-05,2.875e-05,2.875e-05,2.875e-05,0.0
1712613420000,2.875e-05,2.875e-05,2.875e-05,2.875e-05,0.0
1712613480000,2.875e-05,2.875e-05,2.875e-05,2.875e-05,0.0
1712613540000,2.875e-05,2.875e-05,2.875e-05,2.875e-05,2641246.0
1712613600000,2.875e-05,2.875e-05,2.875e-05,2.875e-05,0.0
1712613660000,2.875e-05,2.875e-05,2.875e-05,2.875e-05,0.0
1712613720000,2.875e-05,2.875e-05,2.875e-05,2.875e-05,0.0
1712613780000,2.875e-05,2.875e-05,2.875e-05,2.875e-05,0.0
1712613840000,2.875e-05,2.875e-05,2.875e-05,2.875e-05,0.0
1712613900000,2.875e-05,2.875e-05,2.875e-05,2.875e-05,0.0
1712613960000,2.875e-05,2.875e-05,2.875e-05,2.875e-05,0.0
1712614020000,2.875e-05,2.875e-05,2.875e-05,2.875e-05,0.0
1712614080000,2.875e-05,2.875e-05,2.875e-05,2.875e-05,0.0
1712614140000,2.875e-05,2.875e-05,2.875e-05,2.875e-05,0.0
1712614200000,2.875e-05,2.875e-05,2.875e-05,2.875e-05,0.0
1712614260000,2.875e-05,2.875e-05,2.875e-05,2.875e-05,0.0
1712614320000,2.875e-05,2.875e-05,2.875e-05,2.875e-05,0.0
1712614380000,2.875e-05,2.875e-05,2.875e-05,2.875e-05,0.0
1712614440000,2.875e-05,2.875e-05,2.875e-05,2.875e-05,0.0
1712614500000,2.875e-05,2.875e-05,2.875e-05,2.875e-05,0.0
1712614560000,2.875e-05,2.875e-05,2.875e-05,2.875e-05,0.0
1712614620000,2.875e-05,2.875e-05,2.875e-05,2.875e-05,0.0
1712614680000,2.875e-05,2.875e-05,2.875e-05,2.875e-05,0.0
1712614740000,2.881e-05,2.881e-05,2.881e-05,2.881e-05,3653780.0
1712614800000,2.881e-05,2.881e-05,2.881e-05,2.881e-05,0.0
1712614860000,2.881e-05,2.881e-05,2.881e-05,2.881e-05,0.0
1712614920000,2.881e-05,2.881e-05,2.881e-05,2.881e-05,0.0
1712614980000,2.881e-05,2.881e-05,2.881e-05,2.881e-05,0.0
1712615040000,2.881e-05,2.881e-05,2.881e-05,2.881e-05,0.0
1712615100000,2.881e-05,2.881e-05,2.881e-05,2.881e-05,0.0
1712615160000,2.885e-05,2.885e-05,2.885e-05,2.885e-05,2446403.0
1712615220000,2.885e-05,2.885e-05,2.885e-05,2.885e-05,0.0
1712615280000,2.885e-05,2.885e-05,2.885e-05,2.885e-05,0.0
1712615340000,2.885e-05,2.885e-05,2.885e-05,2.885e-05,0.0
1712615400000,2.885e-05,2.885e-05,2.885e-05,2.885e-05,0.0
1712615460000,2.885e-05,2.885e-05,2.885e-05,2.885e-05,0.0
1712615520000,2.885e-05,2.885e-05,2.885e-05,2.885e-05,0.0
1712615580000,2.885e-05,2.885e-05,2.885e-05,2.885e-05,0.0
1712615640000,2.885e-05,2.885e-05,2.885e-05,2.885e-05,0.0
1712615700000,2.885e-05,2.885e-05,2.885e-05,2.885e-05,0.0
1712615760000,2.882e-05,2.882e-05,2.882e-05,2.882e-05,30000000.0
1712615820000,2.882e-05,2.882e-05,2.882e-05,2.882e-05,0.0
1712615880000,2.882e-05,2.882e-05,2.882e-05,2.882e-05,0.0
1712615940000,2.882e-05,2.882e-05,2.882e-05,2.882e-05,0.0
1712616000000,2.89e-05,2.89e-05,2.89e-05,2.89e-05,3263086.0
1712616060000,2.89e-05,2.89e-05,2.89e-05,2.89e-05,0.0
1712616120000,2.89e-05,2.89e-05,2.89e-05,2.89e-05,0.0
1712616180000,2.89e-05,2.89e-05,2.89e-05,2.89e-05,0.0
1712616240000,2.89e-05,2.89e-05,2.89e-05,2.89e-05,0.0
1712616300000,2.89e-05,2.89e-05,2.89e-05,2.89e-05,0.0
1712616360000,2.89e-05,2.89e-05,2.89e-05,2.89e-05,0.0
1712616420000,2.89e-05,2.89e-05,2.89e-05,2.89e-05,0.0
1712616480000,2.885e-05,2.885e-05,2.885e-05,2.885e-05,2475121.0
1712616540000,2.882e-05,2.882e-05,2.882e-05,2.882e-05,5116367.0
1712616600000,2.882e-05,2.882e-05,2.882e-05,2.882e-05,0.0
1712616660000,2.882e-05,2.882e-05,2.882e-05,2.882e-05,0.0
1712616720000,2.882e-05,2.882e-05,2.882e-05,2.882e-05,0.0
1712616780000,2.889e-05,2.889e-05,2.889e-05,2.889e-05,2800201.0
1712616840000,2.889e-05,2.889e-05,2.889e-05,2.889e-05,0.0
1712616900000,2.889e-05,2.889e-05,2.889e-05,2.889e-05,0.0
1712616960000,2.889e-05,2.889e-05,2.889e-05,2.889e-05,0.0
1712617020000,2.889e-05,2.889e-05,2.889e-05,2.889e-05,0.0
1712617080000,2.895e-05,2.895e-05,2.895e-05,2.895e-05,16787771.0
1712617140000,2.895e-05,2.895e-05,2.895e-05,2.895e-05,0.0
1712617200000,2.895e-05,2.895e-05,2.895e-05,2.895e-05,0.0
